solid body_pod
  facet normal 0.15777484 0.01339360 -0.98738428
    outer loop
      vertex 0.00000000 0.00000000 -0.07800000
      vertex 0.01193180 0.00361464 -0.07604438
      vertex 0.01223865 0.00000000 -0.07604438
    endloop
  endfacet
  facet normal 0.14994226 0.03952998 -0.98790420
    outer loop
      vertex 0.00000000 0.00000000 -0.07800000
      vertex 0.01102664 0.00704802 -0.07604438
      vertex 0.01193180 0.00361464 -0.07604438
    endloop
  endfacet
  facet normal 0.13463572 0.06373764 -0.98884313
    outer loop
      vertex 0.00000000 0.00000000 -0.07800000
      vertex 0.00956856 0.01012799 -0.07604438
      vertex 0.01102664 0.00704802 -0.07604438
    endloop
  endfacet
  facet normal 0.11256902 0.08481228 -0.99001772
    outer loop
      vertex 0.00000000 0.00000000 -0.07800000
      vertex 0.00763067 0.01270009 -0.07604438
      vertex 0.00956856 0.01012799 -0.07604438
    endloop
  endfacet
  facet normal 0.08479856 0.10167928 -0.99119651
    outer loop
      vertex 0.00000000 0.00000000 -0.07800000
      vertex 0.00531015 0.01463536 -0.07604438
      vertex 0.00763067 0.01270009 -0.07604438
    endloop
  endfacet
  facet normal 0.05269229 0.11345513 -0.99214488
    outer loop
      vertex 0.00000000 0.00000000 -0.07800000
      vertex 0.00272336 0.01583676 -0.07604438
      vertex 0.00531015 0.01463536 -0.07604438
    endloop
  endfacet
  facet normal 0.01787216 0.11950809 -0.99267235
    outer loop
      vertex 0.00000000 0.00000000 -0.07800000
      vertex 0.00000000 0.01624403 -0.07604438
      vertex 0.00272336 0.01583676 -0.07604438
    endloop
  endfacet
  facet normal -0.01787216 0.11950809 -0.99267235
    outer loop
      vertex 0.00000000 0.00000000 -0.07800000
      vertex -0.00272336 0.01583676 -0.07604438
      vertex 0.00000000 0.01624403 -0.07604438
    endloop
  endfacet
  facet normal -0.05269229 0.11345513 -0.99214488
    outer loop
      vertex -0.00000000 0.00000000 -0.07800000
      vertex -0.00531015 0.01463536 -0.07604438
      vertex -0.00272336 0.01583676 -0.07604438
    endloop
  endfacet
  facet normal -0.08479856 0.10167928 -0.99119651
    outer loop
      vertex -0.00000000 0.00000000 -0.07800000
      vertex -0.00763067 0.01270009 -0.07604438
      vertex -0.00531015 0.01463536 -0.07604438
    endloop
  endfacet
  facet normal -0.11256902 0.08481228 -0.99001772
    outer loop
      vertex -0.00000000 0.00000000 -0.07800000
      vertex -0.00956856 0.01012799 -0.07604438
      vertex -0.00763067 0.01270009 -0.07604438
    endloop
  endfacet
  facet normal -0.13463572 0.06373764 -0.98884313
    outer loop
      vertex -0.00000000 0.00000000 -0.07800000
      vertex -0.01102664 0.00704802 -0.07604438
      vertex -0.00956856 0.01012799 -0.07604438
    endloop
  endfacet
  facet normal -0.14994226 0.03952998 -0.98790420
    outer loop
      vertex -0.00000000 0.00000000 -0.07800000
      vertex -0.01193180 0.00361464 -0.07604438
      vertex -0.01102664 0.00704802 -0.07604438
    endloop
  endfacet
  facet normal -0.15777484 0.01339360 -0.98738428
    outer loop
      vertex -0.00000000 0.00000000 -0.07800000
      vertex -0.01223865 0.00000000 -0.07604438
      vertex -0.01193180 0.00361464 -0.07604438
    endloop
  endfacet
  facet normal -0.15777484 -0.01339360 -0.98738428
    outer loop
      vertex -0.00000000 0.00000000 -0.07800000
      vertex -0.01193180 -0.00361464 -0.07604438
      vertex -0.01223865 0.00000000 -0.07604438
    endloop
  endfacet
  facet normal -0.14994226 -0.03952998 -0.98790420
    outer loop
      vertex -0.00000000 -0.00000000 -0.07800000
      vertex -0.01102664 -0.00704802 -0.07604438
      vertex -0.01193180 -0.00361464 -0.07604438
    endloop
  endfacet
  facet normal -0.13463572 -0.06373764 -0.98884313
    outer loop
      vertex -0.00000000 -0.00000000 -0.07800000
      vertex -0.00956856 -0.01012799 -0.07604438
      vertex -0.01102664 -0.00704802 -0.07604438
    endloop
  endfacet
  facet normal -0.11256902 -0.08481228 -0.99001772
    outer loop
      vertex -0.00000000 -0.00000000 -0.07800000
      vertex -0.00763067 -0.01270009 -0.07604438
      vertex -0.00956856 -0.01012799 -0.07604438
    endloop
  endfacet
  facet normal -0.08479856 -0.10167928 -0.99119651
    outer loop
      vertex -0.00000000 -0.00000000 -0.07800000
      vertex -0.00531015 -0.01463536 -0.07604438
      vertex -0.00763067 -0.01270009 -0.07604438
    endloop
  endfacet
  facet normal -0.05269229 -0.11345513 -0.99214488
    outer loop
      vertex -0.00000000 -0.00000000 -0.07800000
      vertex -0.00272336 -0.01583676 -0.07604438
      vertex -0.00531015 -0.01463536 -0.07604438
    endloop
  endfacet
  facet normal -0.01787216 -0.11950809 -0.99267235
    outer loop
      vertex -0.00000000 -0.00000000 -0.07800000
      vertex -0.00000000 -0.01624403 -0.07604438
      vertex -0.00272336 -0.01583676 -0.07604438
    endloop
  endfacet
  facet normal 0.01787216 -0.11950809 -0.99267235
    outer loop
      vertex -0.00000000 -0.00000000 -0.07800000
      vertex 0.00272336 -0.01583676 -0.07604438
      vertex -0.00000000 -0.01624403 -0.07604438
    endloop
  endfacet
  facet normal 0.05269229 -0.11345513 -0.99214488
    outer loop
      vertex 0.00000000 -0.00000000 -0.07800000
      vertex 0.00531015 -0.01463536 -0.07604438
      vertex 0.00272336 -0.01583676 -0.07604438
    endloop
  endfacet
  facet normal 0.08479856 -0.10167928 -0.99119651
    outer loop
      vertex 0.00000000 -0.00000000 -0.07800000
      vertex 0.00763067 -0.01270009 -0.07604438
      vertex 0.00531015 -0.01463536 -0.07604438
    endloop
  endfacet
  facet normal 0.11256902 -0.08481228 -0.99001772
    outer loop
      vertex 0.00000000 -0.00000000 -0.07800000
      vertex 0.00956856 -0.01012799 -0.07604438
      vertex 0.00763067 -0.01270009 -0.07604438
    endloop
  endfacet
  facet normal 0.13463572 -0.06373764 -0.98884313
    outer loop
      vertex 0.00000000 -0.00000000 -0.07800000
      vertex 0.01102664 -0.00704802 -0.07604438
      vertex 0.00956856 -0.01012799 -0.07604438
    endloop
  endfacet
  facet normal 0.14994226 -0.03952998 -0.98790420
    outer loop
      vertex 0.00000000 -0.00000000 -0.07800000
      vertex 0.01193180 -0.00361464 -0.07604438
      vertex 0.01102664 -0.00704802 -0.07604438
    endloop
  endfacet
  facet normal 0.15777484 -0.01339360 -0.98738428
    outer loop
      vertex 0.00000000 -0.00000000 -0.07800000
      vertex 0.01223865 0.00000000 -0.07604438
      vertex 0.01193180 -0.00361464 -0.07604438
    endloop
  endfacet
  facet normal 0.44420329 0.03770867 -0.89513211
    outer loop
      vertex 0.01223865 0.00000000 -0.07604438
      vertex 0.01193180 0.00361464 -0.07604438
      vertex 0.02326530 0.00704802 -0.07027557
    endloop
  endfacet
  facet normal 0.44420329 0.03770867 -0.89513211
    outer loop
      vertex 0.01223865 0.00000000 -0.07604438
      vertex 0.02326530 0.00704802 -0.07027557
      vertex 0.02386361 0.00000000 -0.07027557
    endloop
  endfacet
  facet normal 0.42369985 0.11170198 -0.89888882
    outer loop
      vertex 0.01193180 0.00361464 -0.07604438
      vertex 0.01102664 0.00704802 -0.07604438
      vertex 0.02150037 0.01374262 -0.07027557
    endloop
  endfacet
  facet normal 0.42369985 0.11170198 -0.89888882
    outer loop
      vertex 0.01193180 0.00361464 -0.07604438
      vertex 0.02150037 0.01374262 -0.07027557
      vertex 0.02326530 0.00704802 -0.07027557
    endloop
  endfacet
  facet normal 0.38299964 0.18131513 -0.90577928
    outer loop
      vertex 0.01102664 0.00704802 -0.07604438
      vertex 0.00956856 0.01012799 -0.07604438
      vertex 0.01865732 0.01974811 -0.07027557
    endloop
  endfacet
  facet normal 0.38299964 0.18131513 -0.90577928
    outer loop
      vertex 0.01102664 0.00704802 -0.07604438
      vertex 0.01865732 0.01974811 -0.07027557
      vertex 0.02150037 0.01374262 -0.07027557
    endloop
  endfacet
  facet normal 0.32296029 0.24332625 -0.91459772
    outer loop
      vertex 0.00956856 0.01012799 -0.07604438
      vertex 0.00763067 0.01270009 -0.07604438
      vertex 0.01487871 0.02476335 -0.07027557
    endloop
  endfacet
  facet normal 0.32296029 0.24332625 -0.91459772
    outer loop
      vertex 0.00956856 0.01012799 -0.07604438
      vertex 0.01487871 0.02476335 -0.07027557
      vertex 0.01865732 0.01974811 -0.07027557
    endloop
  endfacet
  facet normal 0.24541032 0.29426378 -0.92367884
    outer loop
      vertex 0.00763067 0.01270009 -0.07604438
      vertex 0.00531015 0.01463536 -0.07604438
      vertex 0.01035403 0.02853685 -0.07027557
    endloop
  endfacet
  facet normal 0.24541032 0.29426378 -0.92367884
    outer loop
      vertex 0.00763067 0.01270009 -0.07604438
      vertex 0.01035403 0.02853685 -0.07027557
      vertex 0.01487871 0.02476335 -0.07027557
    endloop
  endfacet
  facet normal 0.15358168 0.33068653 -0.93116008
    outer loop
      vertex 0.00531015 0.01463536 -0.07604438
      vertex 0.00272336 0.01583676 -0.07604438
      vertex 0.00531015 0.03087939 -0.07027557
    endloop
  endfacet
  facet normal 0.15358168 0.33068653 -0.93116008
    outer loop
      vertex 0.00531015 0.01463536 -0.07604438
      vertex 0.00531015 0.03087939 -0.07027557
      vertex 0.01035403 0.02853685 -0.07027557
    endloop
  endfacet
  facet normal 0.05230070 0.34972582 -0.93539109
    outer loop
      vertex 0.00272336 0.01583676 -0.07604438
      vertex 0.00000000 0.01624403 -0.07604438
      vertex 0.00000000 0.03167351 -0.07027557
    endloop
  endfacet
  facet normal 0.05230070 0.34972582 -0.93539109
    outer loop
      vertex 0.00272336 0.01583676 -0.07604438
      vertex 0.00000000 0.03167351 -0.07027557
      vertex 0.00531015 0.03087939 -0.07027557
    endloop
  endfacet
  facet normal -0.05230070 0.34972582 -0.93539109
    outer loop
      vertex 0.00000000 0.01624403 -0.07604438
      vertex -0.00272336 0.01583676 -0.07604438
      vertex -0.00531015 0.03087939 -0.07027557
    endloop
  endfacet
  facet normal -0.05230070 0.34972582 -0.93539109
    outer loop
      vertex 0.00000000 0.01624403 -0.07604438
      vertex -0.00531015 0.03087939 -0.07027557
      vertex 0.00000000 0.03167351 -0.07027557
    endloop
  endfacet
  facet normal -0.15358168 0.33068653 -0.93116008
    outer loop
      vertex -0.00272336 0.01583676 -0.07604438
      vertex -0.00531015 0.01463536 -0.07604438
      vertex -0.01035403 0.02853685 -0.07027557
    endloop
  endfacet
  facet normal -0.15358168 0.33068653 -0.93116008
    outer loop
      vertex -0.00272336 0.01583676 -0.07604438
      vertex -0.01035403 0.02853685 -0.07027557
      vertex -0.00531015 0.03087939 -0.07027557
    endloop
  endfacet
  facet normal -0.24541032 0.29426378 -0.92367884
    outer loop
      vertex -0.00531015 0.01463536 -0.07604438
      vertex -0.00763067 0.01270009 -0.07604438
      vertex -0.01487871 0.02476335 -0.07027557
    endloop
  endfacet
  facet normal -0.24541032 0.29426378 -0.92367884
    outer loop
      vertex -0.00531015 0.01463536 -0.07604438
      vertex -0.01487871 0.02476335 -0.07027557
      vertex -0.01035403 0.02853685 -0.07027557
    endloop
  endfacet
  facet normal -0.32296029 0.24332625 -0.91459772
    outer loop
      vertex -0.00763067 0.01270009 -0.07604438
      vertex -0.00956856 0.01012799 -0.07604438
      vertex -0.01865732 0.01974811 -0.07027557
    endloop
  endfacet
  facet normal -0.32296029 0.24332625 -0.91459772
    outer loop
      vertex -0.00763067 0.01270009 -0.07604438
      vertex -0.01865732 0.01974811 -0.07027557
      vertex -0.01487871 0.02476335 -0.07027557
    endloop
  endfacet
  facet normal -0.38299964 0.18131513 -0.90577928
    outer loop
      vertex -0.00956856 0.01012799 -0.07604438
      vertex -0.01102664 0.00704802 -0.07604438
      vertex -0.02150037 0.01374262 -0.07027557
    endloop
  endfacet
  facet normal -0.38299964 0.18131513 -0.90577928
    outer loop
      vertex -0.00956856 0.01012799 -0.07604438
      vertex -0.02150037 0.01374262 -0.07027557
      vertex -0.01865732 0.01974811 -0.07027557
    endloop
  endfacet
  facet normal -0.42369985 0.11170198 -0.89888882
    outer loop
      vertex -0.01102664 0.00704802 -0.07604438
      vertex -0.01193180 0.00361464 -0.07604438
      vertex -0.02326530 0.00704802 -0.07027557
    endloop
  endfacet
  facet normal -0.42369985 0.11170198 -0.89888882
    outer loop
      vertex -0.01102664 0.00704802 -0.07604438
      vertex -0.02326530 0.00704802 -0.07027557
      vertex -0.02150037 0.01374262 -0.07027557
    endloop
  endfacet
  facet normal -0.44420329 0.03770867 -0.89513211
    outer loop
      vertex -0.01193180 0.00361464 -0.07604438
      vertex -0.01223865 0.00000000 -0.07604438
      vertex -0.02386361 0.00000000 -0.07027557
    endloop
  endfacet
  facet normal -0.44420329 0.03770867 -0.89513211
    outer loop
      vertex -0.01193180 0.00361464 -0.07604438
      vertex -0.02386361 0.00000000 -0.07027557
      vertex -0.02326530 0.00704802 -0.07027557
    endloop
  endfacet
  facet normal -0.44420329 -0.03770867 -0.89513211
    outer loop
      vertex -0.01223865 0.00000000 -0.07604438
      vertex -0.01193180 -0.00361464 -0.07604438
      vertex -0.02326530 -0.00704802 -0.07027557
    endloop
  endfacet
  facet normal -0.44420329 -0.03770867 -0.89513211
    outer loop
      vertex -0.01223865 0.00000000 -0.07604438
      vertex -0.02326530 -0.00704802 -0.07027557
      vertex -0.02386361 0.00000000 -0.07027557
    endloop
  endfacet
  facet normal -0.42369985 -0.11170198 -0.89888882
    outer loop
      vertex -0.01193180 -0.00361464 -0.07604438
      vertex -0.01102664 -0.00704802 -0.07604438
      vertex -0.02150037 -0.01374262 -0.07027557
    endloop
  endfacet
  facet normal -0.42369985 -0.11170198 -0.89888882
    outer loop
      vertex -0.01193180 -0.00361464 -0.07604438
      vertex -0.02150037 -0.01374262 -0.07027557
      vertex -0.02326530 -0.00704802 -0.07027557
    endloop
  endfacet
  facet normal -0.38299964 -0.18131513 -0.90577928
    outer loop
      vertex -0.01102664 -0.00704802 -0.07604438
      vertex -0.00956856 -0.01012799 -0.07604438
      vertex -0.01865732 -0.01974811 -0.07027557
    endloop
  endfacet
  facet normal -0.38299964 -0.18131513 -0.90577928
    outer loop
      vertex -0.01102664 -0.00704802 -0.07604438
      vertex -0.01865732 -0.01974811 -0.07027557
      vertex -0.02150037 -0.01374262 -0.07027557
    endloop
  endfacet
  facet normal -0.32296029 -0.24332625 -0.91459772
    outer loop
      vertex -0.00956856 -0.01012799 -0.07604438
      vertex -0.00763067 -0.01270009 -0.07604438
      vertex -0.01487871 -0.02476335 -0.07027557
    endloop
  endfacet
  facet normal -0.32296029 -0.24332625 -0.91459772
    outer loop
      vertex -0.00956856 -0.01012799 -0.07604438
      vertex -0.01487871 -0.02476335 -0.07027557
      vertex -0.01865732 -0.01974811 -0.07027557
    endloop
  endfacet
  facet normal -0.24541032 -0.29426378 -0.92367884
    outer loop
      vertex -0.00763067 -0.01270009 -0.07604438
      vertex -0.00531015 -0.01463536 -0.07604438
      vertex -0.01035403 -0.02853685 -0.07027557
    endloop
  endfacet
  facet normal -0.24541032 -0.29426378 -0.92367884
    outer loop
      vertex -0.00763067 -0.01270009 -0.07604438
      vertex -0.01035403 -0.02853685 -0.07027557
      vertex -0.01487871 -0.02476335 -0.07027557
    endloop
  endfacet
  facet normal -0.15358168 -0.33068653 -0.93116008
    outer loop
      vertex -0.00531015 -0.01463536 -0.07604438
      vertex -0.00272336 -0.01583676 -0.07604438
      vertex -0.00531015 -0.03087939 -0.07027557
    endloop
  endfacet
  facet normal -0.15358168 -0.33068653 -0.93116008
    outer loop
      vertex -0.00531015 -0.01463536 -0.07604438
      vertex -0.00531015 -0.03087939 -0.07027557
      vertex -0.01035403 -0.02853685 -0.07027557
    endloop
  endfacet
  facet normal -0.05230070 -0.34972582 -0.93539109
    outer loop
      vertex -0.00272336 -0.01583676 -0.07604438
      vertex -0.00000000 -0.01624403 -0.07604438
      vertex -0.00000000 -0.03167351 -0.07027557
    endloop
  endfacet
  facet normal -0.05230070 -0.34972582 -0.93539109
    outer loop
      vertex -0.00272336 -0.01583676 -0.07604438
      vertex -0.00000000 -0.03167351 -0.07027557
      vertex -0.00531015 -0.03087939 -0.07027557
    endloop
  endfacet
  facet normal 0.05230070 -0.34972582 -0.93539109
    outer loop
      vertex -0.00000000 -0.01624403 -0.07604438
      vertex 0.00272336 -0.01583676 -0.07604438
      vertex 0.00531015 -0.03087939 -0.07027557
    endloop
  endfacet
  facet normal 0.05230070 -0.34972582 -0.93539109
    outer loop
      vertex -0.00000000 -0.01624403 -0.07604438
      vertex 0.00531015 -0.03087939 -0.07027557
      vertex -0.00000000 -0.03167351 -0.07027557
    endloop
  endfacet
  facet normal 0.15358168 -0.33068653 -0.93116008
    outer loop
      vertex 0.00272336 -0.01583676 -0.07604438
      vertex 0.00531015 -0.01463536 -0.07604438
      vertex 0.01035403 -0.02853685 -0.07027557
    endloop
  endfacet
  facet normal 0.15358168 -0.33068653 -0.93116008
    outer loop
      vertex 0.00272336 -0.01583676 -0.07604438
      vertex 0.01035403 -0.02853685 -0.07027557
      vertex 0.00531015 -0.03087939 -0.07027557
    endloop
  endfacet
  facet normal 0.24541032 -0.29426378 -0.92367884
    outer loop
      vertex 0.00531015 -0.01463536 -0.07604438
      vertex 0.00763067 -0.01270009 -0.07604438
      vertex 0.01487871 -0.02476335 -0.07027557
    endloop
  endfacet
  facet normal 0.24541032 -0.29426378 -0.92367884
    outer loop
      vertex 0.00531015 -0.01463536 -0.07604438
      vertex 0.01487871 -0.02476335 -0.07027557
      vertex 0.01035403 -0.02853685 -0.07027557
    endloop
  endfacet
  facet normal 0.32296029 -0.24332625 -0.91459772
    outer loop
      vertex 0.00763067 -0.01270009 -0.07604438
      vertex 0.00956856 -0.01012799 -0.07604438
      vertex 0.01865732 -0.01974811 -0.07027557
    endloop
  endfacet
  facet normal 0.32296029 -0.24332625 -0.91459772
    outer loop
      vertex 0.00763067 -0.01270009 -0.07604438
      vertex 0.01865732 -0.01974811 -0.07027557
      vertex 0.01487871 -0.02476335 -0.07027557
    endloop
  endfacet
  facet normal 0.38299964 -0.18131513 -0.90577928
    outer loop
      vertex 0.00956856 -0.01012799 -0.07604438
      vertex 0.01102664 -0.00704802 -0.07604438
      vertex 0.02150037 -0.01374262 -0.07027557
    endloop
  endfacet
  facet normal 0.38299964 -0.18131513 -0.90577928
    outer loop
      vertex 0.00956856 -0.01012799 -0.07604438
      vertex 0.02150037 -0.01374262 -0.07027557
      vertex 0.01865732 -0.01974811 -0.07027557
    endloop
  endfacet
  facet normal 0.42369985 -0.11170198 -0.89888882
    outer loop
      vertex 0.01102664 -0.00704802 -0.07604438
      vertex 0.01193180 -0.00361464 -0.07604438
      vertex 0.02326530 -0.00704802 -0.07027557
    endloop
  endfacet
  facet normal 0.42369985 -0.11170198 -0.89888882
    outer loop
      vertex 0.01102664 -0.00704802 -0.07604438
      vertex 0.02326530 -0.00704802 -0.07027557
      vertex 0.02150037 -0.01374262 -0.07027557
    endloop
  endfacet
  facet normal 0.44420329 -0.03770867 -0.89513211
    outer loop
      vertex 0.01193180 -0.00361464 -0.07604438
      vertex 0.01223865 0.00000000 -0.07604438
      vertex 0.02386361 0.00000000 -0.07027557
    endloop
  endfacet
  facet normal 0.44420329 -0.03770867 -0.89513211
    outer loop
      vertex 0.01193180 -0.00361464 -0.07604438
      vertex 0.02386361 0.00000000 -0.07027557
      vertex 0.02326530 -0.00704802 -0.07027557
    endloop
  endfacet
  facet normal 0.66422815 0.05638671 -0.74540023
    outer loop
      vertex 0.02386361 0.00000000 -0.07027557
      vertex 0.02326530 0.00704802 -0.07027557
      vertex 0.03343217 0.01012799 -0.06098286
    endloop
  endfacet
  facet normal 0.66422815 0.05638671 -0.74540023
    outer loop
      vertex 0.02386361 0.00000000 -0.07027557
      vertex 0.03343217 0.01012799 -0.06098286
      vertex 0.03429194 0.00000000 -0.06098286
    endloop
  endfacet
  facet normal 0.63688813 0.16790580 -0.75245010
    outer loop
      vertex 0.02326530 0.00704802 -0.07027557
      vertex 0.02150037 0.01374262 -0.07027557
      vertex 0.03089597 0.01974811 -0.06098286
    endloop
  endfacet
  facet normal 0.63688813 0.16790580 -0.75245010
    outer loop
      vertex 0.02326530 0.00704802 -0.07027557
      vertex 0.03089597 0.01974811 -0.06098286
      vertex 0.03343217 0.01012799 -0.06098286
    endloop
  endfacet
  facet normal 0.58137126 0.27522586 -0.76567498
    outer loop
      vertex 0.02150037 0.01374262 -0.07027557
      vertex 0.01865732 0.01974811 -0.07027557
      vertex 0.02681052 0.02837799 -0.06098286
    endloop
  endfacet
  facet normal 0.58137126 0.27522586 -0.76567498
    outer loop
      vertex 0.02150037 0.01374262 -0.07027557
      vertex 0.02681052 0.02837799 -0.06098286
      vertex 0.03089597 0.01974811 -0.06098286
    endloop
  endfacet
  facet normal 0.49661206 0.37415977 -0.78318639
    outer loop
      vertex 0.01865732 0.01974811 -0.07027557
      vertex 0.01487871 0.02476335 -0.07027557
      vertex 0.02138067 0.03558487 -0.06098286
    endloop
  endfacet
  facet normal 0.49661206 0.37415977 -0.78318639
    outer loop
      vertex 0.01865732 0.01974811 -0.07027557
      vertex 0.02138067 0.03558487 -0.06098286
      vertex 0.02681052 0.02837799 -0.06098286
    endloop
  endfacet
  facet normal 0.38260975 0.45877528 -0.80195699
    outer loop
      vertex 0.01487871 0.02476335 -0.07027557
      vertex 0.01035403 0.02853685 -0.07027557
      vertex 0.01487871 0.04100738 -0.06098286
    endloop
  endfacet
  facet normal 0.38260975 0.45877528 -0.80195699
    outer loop
      vertex 0.01487871 0.02476335 -0.07027557
      vertex 0.01487871 0.04100738 -0.06098286
      vertex 0.02138067 0.03558487 -0.06098286
    endloop
  endfacet
  facet normal 0.24227864 0.52166563 -0.81802569
    outer loop
      vertex 0.01035403 0.02853685 -0.07027557
      vertex 0.00531015 0.03087939 -0.07027557
      vertex 0.00763067 0.04437361 -0.06098286
    endloop
  endfacet
  facet normal 0.24227864 0.52166563 -0.81802569
    outer loop
      vertex 0.01035403 0.02853685 -0.07027557
      vertex 0.00763067 0.04437361 -0.06098286
      vertex 0.01487871 0.04100738 -0.06098286
    endloop
  endfacet
  facet normal 0.08307063 0.55547909 -0.82737068
    outer loop
      vertex 0.00531015 0.03087939 -0.07027557
      vertex 0.00000000 0.03167351 -0.07027557
      vertex 0.00000000 0.04551476 -0.06098286
    endloop
  endfacet
  facet normal 0.08307063 0.55547909 -0.82737068
    outer loop
      vertex 0.00531015 0.03087939 -0.07027557
      vertex 0.00000000 0.04551476 -0.06098286
      vertex 0.00763067 0.04437361 -0.06098286
    endloop
  endfacet
  facet normal -0.08307063 0.55547909 -0.82737068
    outer loop
      vertex 0.00000000 0.03167351 -0.07027557
      vertex -0.00531015 0.03087939 -0.07027557
      vertex -0.00763067 0.04437361 -0.06098286
    endloop
  endfacet
  facet normal -0.08307063 0.55547909 -0.82737068
    outer loop
      vertex 0.00000000 0.03167351 -0.07027557
      vertex -0.00763067 0.04437361 -0.06098286
      vertex 0.00000000 0.04551476 -0.06098286
    endloop
  endfacet
  facet normal -0.24227864 0.52166563 -0.81802569
    outer loop
      vertex -0.00531015 0.03087939 -0.07027557
      vertex -0.01035403 0.02853685 -0.07027557
      vertex -0.01487871 0.04100738 -0.06098286
    endloop
  endfacet
  facet normal -0.24227864 0.52166563 -0.81802569
    outer loop
      vertex -0.00531015 0.03087939 -0.07027557
      vertex -0.01487871 0.04100738 -0.06098286
      vertex -0.00763067 0.04437361 -0.06098286
    endloop
  endfacet
  facet normal -0.38260975 0.45877528 -0.80195699
    outer loop
      vertex -0.01035403 0.02853685 -0.07027557
      vertex -0.01487871 0.02476335 -0.07027557
      vertex -0.02138067 0.03558487 -0.06098286
    endloop
  endfacet
  facet normal -0.38260975 0.45877528 -0.80195699
    outer loop
      vertex -0.01035403 0.02853685 -0.07027557
      vertex -0.02138067 0.03558487 -0.06098286
      vertex -0.01487871 0.04100738 -0.06098286
    endloop
  endfacet
  facet normal -0.49661206 0.37415977 -0.78318639
    outer loop
      vertex -0.01487871 0.02476335 -0.07027557
      vertex -0.01865732 0.01974811 -0.07027557
      vertex -0.02681052 0.02837799 -0.06098286
    endloop
  endfacet
  facet normal -0.49661206 0.37415977 -0.78318639
    outer loop
      vertex -0.01487871 0.02476335 -0.07027557
      vertex -0.02681052 0.02837799 -0.06098286
      vertex -0.02138067 0.03558487 -0.06098286
    endloop
  endfacet
  facet normal -0.58137126 0.27522586 -0.76567498
    outer loop
      vertex -0.01865732 0.01974811 -0.07027557
      vertex -0.02150037 0.01374262 -0.07027557
      vertex -0.03089597 0.01974811 -0.06098286
    endloop
  endfacet
  facet normal -0.58137126 0.27522586 -0.76567498
    outer loop
      vertex -0.01865732 0.01974811 -0.07027557
      vertex -0.03089597 0.01974811 -0.06098286
      vertex -0.02681052 0.02837799 -0.06098286
    endloop
  endfacet
  facet normal -0.63688813 0.16790580 -0.75245010
    outer loop
      vertex -0.02150037 0.01374262 -0.07027557
      vertex -0.02326530 0.00704802 -0.07027557
      vertex -0.03343217 0.01012799 -0.06098286
    endloop
  endfacet
  facet normal -0.63688813 0.16790580 -0.75245010
    outer loop
      vertex -0.02150037 0.01374262 -0.07027557
      vertex -0.03343217 0.01012799 -0.06098286
      vertex -0.03089597 0.01974811 -0.06098286
    endloop
  endfacet
  facet normal -0.66422815 0.05638671 -0.74540023
    outer loop
      vertex -0.02326530 0.00704802 -0.07027557
      vertex -0.02386361 0.00000000 -0.07027557
      vertex -0.03429194 0.00000000 -0.06098286
    endloop
  endfacet
  facet normal -0.66422815 0.05638671 -0.74540023
    outer loop
      vertex -0.02326530 0.00704802 -0.07027557
      vertex -0.03429194 0.00000000 -0.06098286
      vertex -0.03343217 0.01012799 -0.06098286
    endloop
  endfacet
  facet normal -0.66422815 -0.05638671 -0.74540023
    outer loop
      vertex -0.02386361 0.00000000 -0.07027557
      vertex -0.02326530 -0.00704802 -0.07027557
      vertex -0.03343217 -0.01012799 -0.06098286
    endloop
  endfacet
  facet normal -0.66422815 -0.05638671 -0.74540023
    outer loop
      vertex -0.02386361 0.00000000 -0.07027557
      vertex -0.03343217 -0.01012799 -0.06098286
      vertex -0.03429194 0.00000000 -0.06098286
    endloop
  endfacet
  facet normal -0.63688813 -0.16790580 -0.75245010
    outer loop
      vertex -0.02326530 -0.00704802 -0.07027557
      vertex -0.02150037 -0.01374262 -0.07027557
      vertex -0.03089597 -0.01974811 -0.06098286
    endloop
  endfacet
  facet normal -0.63688813 -0.16790580 -0.75245010
    outer loop
      vertex -0.02326530 -0.00704802 -0.07027557
      vertex -0.03089597 -0.01974811 -0.06098286
      vertex -0.03343217 -0.01012799 -0.06098286
    endloop
  endfacet
  facet normal -0.58137126 -0.27522586 -0.76567498
    outer loop
      vertex -0.02150037 -0.01374262 -0.07027557
      vertex -0.01865732 -0.01974811 -0.07027557
      vertex -0.02681052 -0.02837799 -0.06098286
    endloop
  endfacet
  facet normal -0.58137126 -0.27522586 -0.76567498
    outer loop
      vertex -0.02150037 -0.01374262 -0.07027557
      vertex -0.02681052 -0.02837799 -0.06098286
      vertex -0.03089597 -0.01974811 -0.06098286
    endloop
  endfacet
  facet normal -0.49661206 -0.37415977 -0.78318639
    outer loop
      vertex -0.01865732 -0.01974811 -0.07027557
      vertex -0.01487871 -0.02476335 -0.07027557
      vertex -0.02138067 -0.03558487 -0.06098286
    endloop
  endfacet
  facet normal -0.49661206 -0.37415977 -0.78318639
    outer loop
      vertex -0.01865732 -0.01974811 -0.07027557
      vertex -0.02138067 -0.03558487 -0.06098286
      vertex -0.02681052 -0.02837799 -0.06098286
    endloop
  endfacet
  facet normal -0.38260975 -0.45877528 -0.80195699
    outer loop
      vertex -0.01487871 -0.02476335 -0.07027557
      vertex -0.01035403 -0.02853685 -0.07027557
      vertex -0.01487871 -0.04100738 -0.06098286
    endloop
  endfacet
  facet normal -0.38260975 -0.45877528 -0.80195699
    outer loop
      vertex -0.01487871 -0.02476335 -0.07027557
      vertex -0.01487871 -0.04100738 -0.06098286
      vertex -0.02138067 -0.03558487 -0.06098286
    endloop
  endfacet
  facet normal -0.24227864 -0.52166563 -0.81802569
    outer loop
      vertex -0.01035403 -0.02853685 -0.07027557
      vertex -0.00531015 -0.03087939 -0.07027557
      vertex -0.00763067 -0.04437361 -0.06098286
    endloop
  endfacet
  facet normal -0.24227864 -0.52166563 -0.81802569
    outer loop
      vertex -0.01035403 -0.02853685 -0.07027557
      vertex -0.00763067 -0.04437361 -0.06098286
      vertex -0.01487871 -0.04100738 -0.06098286
    endloop
  endfacet
  facet normal -0.08307063 -0.55547909 -0.82737068
    outer loop
      vertex -0.00531015 -0.03087939 -0.07027557
      vertex -0.00000000 -0.03167351 -0.07027557
      vertex -0.00000000 -0.04551476 -0.06098286
    endloop
  endfacet
  facet normal -0.08307063 -0.55547909 -0.82737068
    outer loop
      vertex -0.00531015 -0.03087939 -0.07027557
      vertex -0.00000000 -0.04551476 -0.06098286
      vertex -0.00763067 -0.04437361 -0.06098286
    endloop
  endfacet
  facet normal 0.08307063 -0.55547909 -0.82737068
    outer loop
      vertex -0.00000000 -0.03167351 -0.07027557
      vertex 0.00531015 -0.03087939 -0.07027557
      vertex 0.00763067 -0.04437361 -0.06098286
    endloop
  endfacet
  facet normal 0.08307063 -0.55547909 -0.82737068
    outer loop
      vertex -0.00000000 -0.03167351 -0.07027557
      vertex 0.00763067 -0.04437361 -0.06098286
      vertex -0.00000000 -0.04551476 -0.06098286
    endloop
  endfacet
  facet normal 0.24227864 -0.52166563 -0.81802569
    outer loop
      vertex 0.00531015 -0.03087939 -0.07027557
      vertex 0.01035403 -0.02853685 -0.07027557
      vertex 0.01487871 -0.04100738 -0.06098286
    endloop
  endfacet
  facet normal 0.24227864 -0.52166563 -0.81802569
    outer loop
      vertex 0.00531015 -0.03087939 -0.07027557
      vertex 0.01487871 -0.04100738 -0.06098286
      vertex 0.00763067 -0.04437361 -0.06098286
    endloop
  endfacet
  facet normal 0.38260975 -0.45877528 -0.80195699
    outer loop
      vertex 0.01035403 -0.02853685 -0.07027557
      vertex 0.01487871 -0.02476335 -0.07027557
      vertex 0.02138067 -0.03558487 -0.06098286
    endloop
  endfacet
  facet normal 0.38260975 -0.45877528 -0.80195699
    outer loop
      vertex 0.01035403 -0.02853685 -0.07027557
      vertex 0.02138067 -0.03558487 -0.06098286
      vertex 0.01487871 -0.04100738 -0.06098286
    endloop
  endfacet
  facet normal 0.49661206 -0.37415977 -0.78318639
    outer loop
      vertex 0.01487871 -0.02476335 -0.07027557
      vertex 0.01865732 -0.01974811 -0.07027557
      vertex 0.02681052 -0.02837799 -0.06098286
    endloop
  endfacet
  facet normal 0.49661206 -0.37415977 -0.78318639
    outer loop
      vertex 0.01487871 -0.02476335 -0.07027557
      vertex 0.02681052 -0.02837799 -0.06098286
      vertex 0.02138067 -0.03558487 -0.06098286
    endloop
  endfacet
  facet normal 0.58137126 -0.27522586 -0.76567498
    outer loop
      vertex 0.01865732 -0.01974811 -0.07027557
      vertex 0.02150037 -0.01374262 -0.07027557
      vertex 0.03089597 -0.01974811 -0.06098286
    endloop
  endfacet
  facet normal 0.58137126 -0.27522586 -0.76567498
    outer loop
      vertex 0.01865732 -0.01974811 -0.07027557
      vertex 0.03089597 -0.01974811 -0.06098286
      vertex 0.02681052 -0.02837799 -0.06098286
    endloop
  endfacet
  facet normal 0.63688813 -0.16790580 -0.75245010
    outer loop
      vertex 0.02150037 -0.01374262 -0.07027557
      vertex 0.02326530 -0.00704802 -0.07027557
      vertex 0.03343217 -0.01012799 -0.06098286
    endloop
  endfacet
  facet normal 0.63688813 -0.16790580 -0.75245010
    outer loop
      vertex 0.02150037 -0.01374262 -0.07027557
      vertex 0.03343217 -0.01012799 -0.06098286
      vertex 0.03089597 -0.01974811 -0.06098286
    endloop
  endfacet
  facet normal 0.66422815 -0.05638671 -0.74540023
    outer loop
      vertex 0.02326530 -0.00704802 -0.07027557
      vertex 0.02386361 0.00000000 -0.07027557
      vertex 0.03429194 0.00000000 -0.06098286
    endloop
  endfacet
  facet normal 0.66422815 -0.05638671 -0.74540023
    outer loop
      vertex 0.02326530 -0.00704802 -0.07027557
      vertex 0.03429194 0.00000000 -0.06098286
      vertex 0.03343217 -0.01012799 -0.06098286
    endloop
  endfacet
  facet normal 0.81529838 0.06921114 -0.57488988
    outer loop
      vertex 0.03429194 0.00000000 -0.06098286
      vertex 0.03343217 0.01012799 -0.06098286
      vertex 0.04192261 0.01270009 -0.04863220
    endloop
  endfacet
  facet normal 0.81529838 0.06921114 -0.57488988
    outer loop
      vertex 0.03429194 0.00000000 -0.06098286
      vertex 0.04192261 0.01270009 -0.04863220
      vertex 0.04300073 0.00000000 -0.04863220
    endloop
  endfacet
  facet normal 0.78553092 0.20709320 -0.58314114
    outer loop
      vertex 0.03343217 0.01012799 -0.06098286
      vertex 0.03089597 0.01974811 -0.06098286
      vertex 0.03874232 0.02476335 -0.04863220
    endloop
  endfacet
  facet normal 0.78553092 0.20709320 -0.58314114
    outer loop
      vertex 0.03343217 0.01012799 -0.06098286
      vertex 0.03874232 0.02476335 -0.04863220
      vertex 0.04192261 0.01270009 -0.04863220
    endloop
  endfacet
  facet normal 0.72377726 0.34264201 -0.59895153
    outer loop
      vertex 0.03089597 0.01974811 -0.06098286
      vertex 0.02681052 0.02837799 -0.06098286
      vertex 0.03361933 0.03558487 -0.04863220
    endloop
  endfacet
  facet normal 0.72377726 0.34264201 -0.59895153
    outer loop
      vertex 0.03089597 0.01974811 -0.06098286
      vertex 0.03361933 0.03558487 -0.04863220
      vertex 0.03874232 0.02476335 -0.04863220
    endloop
  endfacet
  facet normal 0.62627411 0.47185036 -0.62059486
    outer loop
      vertex 0.02681052 0.02837799 -0.06098286
      vertex 0.02138067 0.03558487 -0.06098286
      vertex 0.02681052 0.04462201 -0.04863220
    endloop
  endfacet
  facet normal 0.62627411 0.47185036 -0.62059486
    outer loop
      vertex 0.02681052 0.02837799 -0.06098286
      vertex 0.02681052 0.04462201 -0.04863220
      vertex 0.03361933 0.03558487 -0.04863220
    endloop
  endfacet
  facet normal 0.48956740 0.58702483 -0.64476787
    outer loop
      vertex 0.02138067 0.03558487 -0.06098286
      vertex 0.01487871 0.04100738 -0.06098286
      vertex 0.01865732 0.05142163 -0.04863220
    endloop
  endfacet
  facet normal 0.48956740 0.58702483 -0.64476787
    outer loop
      vertex 0.02138067 0.03558487 -0.06098286
      vertex 0.01865732 0.05142163 -0.04863220
      vertex 0.02681052 0.04462201 -0.04863220
    endloop
  endfacet
  facet normal 0.31408402 0.67627440 -0.66633637
    outer loop
      vertex 0.01487871 0.04100738 -0.06098286
      vertex 0.00763067 0.04437361 -0.06098286
      vertex 0.00956856 0.05564274 -0.04863220
    endloop
  endfacet
  facet normal 0.31408402 0.67627440 -0.66633637
    outer loop
      vertex 0.01487871 0.04100738 -0.06098286
      vertex 0.00956856 0.05564274 -0.04863220
      vertex 0.01865732 0.05142163 -0.04863220
    endloop
  endfacet
  facet normal 0.10854279 0.72580704 -0.67928095
    outer loop
      vertex 0.00763067 0.04437361 -0.06098286
      vertex 0.00000000 0.04551476 -0.06098286
      vertex 0.00000000 0.05707370 -0.04863220
    endloop
  endfacet
  facet normal 0.10854279 0.72580704 -0.67928095
    outer loop
      vertex 0.00763067 0.04437361 -0.06098286
      vertex 0.00000000 0.05707370 -0.04863220
      vertex 0.00956856 0.05564274 -0.04863220
    endloop
  endfacet
  facet normal -0.10854279 0.72580704 -0.67928095
    outer loop
      vertex 0.00000000 0.04551476 -0.06098286
      vertex -0.00763067 0.04437361 -0.06098286
      vertex -0.00956856 0.05564274 -0.04863220
    endloop
  endfacet
  facet normal -0.10854279 0.72580704 -0.67928095
    outer loop
      vertex 0.00000000 0.04551476 -0.06098286
      vertex -0.00956856 0.05564274 -0.04863220
      vertex 0.00000000 0.05707370 -0.04863220
    endloop
  endfacet
  facet normal -0.31408402 0.67627440 -0.66633637
    outer loop
      vertex -0.00763067 0.04437361 -0.06098286
      vertex -0.01487871 0.04100738 -0.06098286
      vertex -0.01865732 0.05142163 -0.04863220
    endloop
  endfacet
  facet normal -0.31408402 0.67627440 -0.66633637
    outer loop
      vertex -0.00763067 0.04437361 -0.06098286
      vertex -0.01865732 0.05142163 -0.04863220
      vertex -0.00956856 0.05564274 -0.04863220
    endloop
  endfacet
  facet normal -0.48956740 0.58702483 -0.64476787
    outer loop
      vertex -0.01487871 0.04100738 -0.06098286
      vertex -0.02138067 0.03558487 -0.06098286
      vertex -0.02681052 0.04462201 -0.04863220
    endloop
  endfacet
  facet normal -0.48956740 0.58702483 -0.64476787
    outer loop
      vertex -0.01487871 0.04100738 -0.06098286
      vertex -0.02681052 0.04462201 -0.04863220
      vertex -0.01865732 0.05142163 -0.04863220
    endloop
  endfacet
  facet normal -0.62627411 0.47185036 -0.62059486
    outer loop
      vertex -0.02138067 0.03558487 -0.06098286
      vertex -0.02681052 0.02837799 -0.06098286
      vertex -0.03361933 0.03558487 -0.04863220
    endloop
  endfacet
  facet normal -0.62627411 0.47185036 -0.62059486
    outer loop
      vertex -0.02138067 0.03558487 -0.06098286
      vertex -0.03361933 0.03558487 -0.04863220
      vertex -0.02681052 0.04462201 -0.04863220
    endloop
  endfacet
  facet normal -0.72377726 0.34264201 -0.59895153
    outer loop
      vertex -0.02681052 0.02837799 -0.06098286
      vertex -0.03089597 0.01974811 -0.06098286
      vertex -0.03874232 0.02476335 -0.04863220
    endloop
  endfacet
  facet normal -0.72377726 0.34264201 -0.59895153
    outer loop
      vertex -0.02681052 0.02837799 -0.06098286
      vertex -0.03874232 0.02476335 -0.04863220
      vertex -0.03361933 0.03558487 -0.04863220
    endloop
  endfacet
  facet normal -0.78553092 0.20709320 -0.58314114
    outer loop
      vertex -0.03089597 0.01974811 -0.06098286
      vertex -0.03343217 0.01012799 -0.06098286
      vertex -0.04192261 0.01270009 -0.04863220
    endloop
  endfacet
  facet normal -0.78553092 0.20709320 -0.58314114
    outer loop
      vertex -0.03089597 0.01974811 -0.06098286
      vertex -0.04192261 0.01270009 -0.04863220
      vertex -0.03874232 0.02476335 -0.04863220
    endloop
  endfacet
  facet normal -0.81529838 0.06921114 -0.57488988
    outer loop
      vertex -0.03343217 0.01012799 -0.06098286
      vertex -0.03429194 0.00000000 -0.06098286
      vertex -0.04300073 0.00000000 -0.04863220
    endloop
  endfacet
  facet normal -0.81529838 0.06921114 -0.57488988
    outer loop
      vertex -0.03343217 0.01012799 -0.06098286
      vertex -0.04300073 0.00000000 -0.04863220
      vertex -0.04192261 0.01270009 -0.04863220
    endloop
  endfacet
  facet normal -0.81529838 -0.06921114 -0.57488988
    outer loop
      vertex -0.03429194 0.00000000 -0.06098286
      vertex -0.03343217 -0.01012799 -0.06098286
      vertex -0.04192261 -0.01270009 -0.04863220
    endloop
  endfacet
  facet normal -0.81529838 -0.06921114 -0.57488988
    outer loop
      vertex -0.03429194 0.00000000 -0.06098286
      vertex -0.04192261 -0.01270009 -0.04863220
      vertex -0.04300073 0.00000000 -0.04863220
    endloop
  endfacet
  facet normal -0.78553092 -0.20709320 -0.58314114
    outer loop
      vertex -0.03343217 -0.01012799 -0.06098286
      vertex -0.03089597 -0.01974811 -0.06098286
      vertex -0.03874232 -0.02476335 -0.04863220
    endloop
  endfacet
  facet normal -0.78553092 -0.20709320 -0.58314114
    outer loop
      vertex -0.03343217 -0.01012799 -0.06098286
      vertex -0.03874232 -0.02476335 -0.04863220
      vertex -0.04192261 -0.01270009 -0.04863220
    endloop
  endfacet
  facet normal -0.72377726 -0.34264201 -0.59895153
    outer loop
      vertex -0.03089597 -0.01974811 -0.06098286
      vertex -0.02681052 -0.02837799 -0.06098286
      vertex -0.03361933 -0.03558487 -0.04863220
    endloop
  endfacet
  facet normal -0.72377726 -0.34264201 -0.59895153
    outer loop
      vertex -0.03089597 -0.01974811 -0.06098286
      vertex -0.03361933 -0.03558487 -0.04863220
      vertex -0.03874232 -0.02476335 -0.04863220
    endloop
  endfacet
  facet normal -0.62627411 -0.47185036 -0.62059486
    outer loop
      vertex -0.02681052 -0.02837799 -0.06098286
      vertex -0.02138067 -0.03558487 -0.06098286
      vertex -0.02681052 -0.04462201 -0.04863220
    endloop
  endfacet
  facet normal -0.62627411 -0.47185036 -0.62059486
    outer loop
      vertex -0.02681052 -0.02837799 -0.06098286
      vertex -0.02681052 -0.04462201 -0.04863220
      vertex -0.03361933 -0.03558487 -0.04863220
    endloop
  endfacet
  facet normal -0.48956740 -0.58702483 -0.64476787
    outer loop
      vertex -0.02138067 -0.03558487 -0.06098286
      vertex -0.01487871 -0.04100738 -0.06098286
      vertex -0.01865732 -0.05142163 -0.04863220
    endloop
  endfacet
  facet normal -0.48956740 -0.58702483 -0.64476787
    outer loop
      vertex -0.02138067 -0.03558487 -0.06098286
      vertex -0.01865732 -0.05142163 -0.04863220
      vertex -0.02681052 -0.04462201 -0.04863220
    endloop
  endfacet
  facet normal -0.31408402 -0.67627440 -0.66633637
    outer loop
      vertex -0.01487871 -0.04100738 -0.06098286
      vertex -0.00763067 -0.04437361 -0.06098286
      vertex -0.00956856 -0.05564274 -0.04863220
    endloop
  endfacet
  facet normal -0.31408402 -0.67627440 -0.66633637
    outer loop
      vertex -0.01487871 -0.04100738 -0.06098286
      vertex -0.00956856 -0.05564274 -0.04863220
      vertex -0.01865732 -0.05142163 -0.04863220
    endloop
  endfacet
  facet normal -0.10854279 -0.72580704 -0.67928095
    outer loop
      vertex -0.00763067 -0.04437361 -0.06098286
      vertex -0.00000000 -0.04551476 -0.06098286
      vertex -0.00000000 -0.05707370 -0.04863220
    endloop
  endfacet
  facet normal -0.10854279 -0.72580704 -0.67928095
    outer loop
      vertex -0.00763067 -0.04437361 -0.06098286
      vertex -0.00000000 -0.05707370 -0.04863220
      vertex -0.00956856 -0.05564274 -0.04863220
    endloop
  endfacet
  facet normal 0.10854279 -0.72580704 -0.67928095
    outer loop
      vertex -0.00000000 -0.04551476 -0.06098286
      vertex 0.00763067 -0.04437361 -0.06098286
      vertex 0.00956856 -0.05564274 -0.04863220
    endloop
  endfacet
  facet normal 0.10854279 -0.72580704 -0.67928095
    outer loop
      vertex -0.00000000 -0.04551476 -0.06098286
      vertex 0.00956856 -0.05564274 -0.04863220
      vertex -0.00000000 -0.05707370 -0.04863220
    endloop
  endfacet
  facet normal 0.31408402 -0.67627440 -0.66633637
    outer loop
      vertex 0.00763067 -0.04437361 -0.06098286
      vertex 0.01487871 -0.04100738 -0.06098286
      vertex 0.01865732 -0.05142163 -0.04863220
    endloop
  endfacet
  facet normal 0.31408402 -0.67627440 -0.66633637
    outer loop
      vertex 0.00763067 -0.04437361 -0.06098286
      vertex 0.01865732 -0.05142163 -0.04863220
      vertex 0.00956856 -0.05564274 -0.04863220
    endloop
  endfacet
  facet normal 0.48956740 -0.58702483 -0.64476787
    outer loop
      vertex 0.01487871 -0.04100738 -0.06098286
      vertex 0.02138067 -0.03558487 -0.06098286
      vertex 0.02681052 -0.04462201 -0.04863220
    endloop
  endfacet
  facet normal 0.48956740 -0.58702483 -0.64476787
    outer loop
      vertex 0.01487871 -0.04100738 -0.06098286
      vertex 0.02681052 -0.04462201 -0.04863220
      vertex 0.01865732 -0.05142163 -0.04863220
    endloop
  endfacet
  facet normal 0.62627411 -0.47185036 -0.62059486
    outer loop
      vertex 0.02138067 -0.03558487 -0.06098286
      vertex 0.02681052 -0.02837799 -0.06098286
      vertex 0.03361933 -0.03558487 -0.04863220
    endloop
  endfacet
  facet normal 0.62627411 -0.47185036 -0.62059486
    outer loop
      vertex 0.02138067 -0.03558487 -0.06098286
      vertex 0.03361933 -0.03558487 -0.04863220
      vertex 0.02681052 -0.04462201 -0.04863220
    endloop
  endfacet
  facet normal 0.72377726 -0.34264201 -0.59895153
    outer loop
      vertex 0.02681052 -0.02837799 -0.06098286
      vertex 0.03089597 -0.01974811 -0.06098286
      vertex 0.03874232 -0.02476335 -0.04863220
    endloop
  endfacet
  facet normal 0.72377726 -0.34264201 -0.59895153
    outer loop
      vertex 0.02681052 -0.02837799 -0.06098286
      vertex 0.03874232 -0.02476335 -0.04863220
      vertex 0.03361933 -0.03558487 -0.04863220
    endloop
  endfacet
  facet normal 0.78553092 -0.20709320 -0.58314114
    outer loop
      vertex 0.03089597 -0.01974811 -0.06098286
      vertex 0.03343217 -0.01012799 -0.06098286
      vertex 0.04192261 -0.01270009 -0.04863220
    endloop
  endfacet
  facet normal 0.78553092 -0.20709320 -0.58314114
    outer loop
      vertex 0.03089597 -0.01974811 -0.06098286
      vertex 0.04192261 -0.01270009 -0.04863220
      vertex 0.03874232 -0.02476335 -0.04863220
    endloop
  endfacet
  facet normal 0.81529838 -0.06921114 -0.57488988
    outer loop
      vertex 0.03343217 -0.01012799 -0.06098286
      vertex 0.03429194 0.00000000 -0.06098286
      vertex 0.04300073 0.00000000 -0.04863220
    endloop
  endfacet
  facet normal 0.81529838 -0.06921114 -0.57488988
    outer loop
      vertex 0.03343217 -0.01012799 -0.06098286
      vertex 0.04300073 0.00000000 -0.04863220
      vertex 0.04192261 -0.01270009 -0.04863220
    endloop
  endfacet
  facet normal 0.91153884 0.07738105 -0.40386769
    outer loop
      vertex 0.04300073 0.00000000 -0.04863220
      vertex 0.04192261 0.01270009 -0.04863220
      vertex 0.04831088 0.01463536 -0.03384293
    endloop
  endfacet
  facet normal 0.91153884 0.07738105 -0.40386769
    outer loop
      vertex 0.04300073 0.00000000 -0.04863220
      vertex 0.04831088 0.01463536 -0.03384293
      vertex 0.04955329 0.00000000 -0.03384293
    endloop
  endfacet
  facet normal 0.88144908 0.23238056 -0.41115301
    outer loop
      vertex 0.04192261 0.01270009 -0.04863220
      vertex 0.03874232 0.02476335 -0.04863220
      vertex 0.04464597 0.02853685 -0.03384293
    endloop
  endfacet
  facet normal 0.88144908 0.23238056 -0.41115301
    outer loop
      vertex 0.04192261 0.01270009 -0.04863220
      vertex 0.04464597 0.02853685 -0.03384293
      vertex 0.04831088 0.01463536 -0.03384293
    endloop
  endfacet
  facet normal 0.81800053 0.38724807 -0.42533994
    outer loop
      vertex 0.03874232 0.02476335 -0.04863220
      vertex 0.03361933 0.03558487 -0.04863220
      vertex 0.03874232 0.04100738 -0.03384293
    endloop
  endfacet
  facet normal 0.81800053 0.38724807 -0.42533994
    outer loop
      vertex 0.03874232 0.02476335 -0.04863220
      vertex 0.03874232 0.04100738 -0.03384293
      vertex 0.04464597 0.02853685 -0.03384293
    endloop
  endfacet
  facet normal 0.71513749 0.53880222 -0.44527581
    outer loop
      vertex 0.03361933 0.03558487 -0.04863220
      vertex 0.02681052 0.04462201 -0.04863220
      vertex 0.03089597 0.05142163 -0.03384293
    endloop
  endfacet
  facet normal 0.71513749 0.53880222 -0.44527581
    outer loop
      vertex 0.03361933 0.03558487 -0.04863220
      vertex 0.03089597 0.05142163 -0.03384293
      vertex 0.03874232 0.04100738 -0.03384293
    endloop
  endfacet
  facet normal 0.56590454 0.67855829 -0.46830621
    outer loop
      vertex 0.02681052 0.04462201 -0.04863220
      vertex 0.01865732 0.05142163 -0.04863220
      vertex 0.02150037 0.05925738 -0.03384293
    endloop
  endfacet
  facet normal 0.56590454 0.67855829 -0.46830621
    outer loop
      vertex 0.02681052 0.04462201 -0.04863220
      vertex 0.02150037 0.05925738 -0.03384293
      vertex 0.03089597 0.05142163 -0.03384293
    endloop
  endfacet
  facet normal 0.36728203 0.79081843 -0.48960201
    outer loop
      vertex 0.01865732 0.05142163 -0.04863220
      vertex 0.00956856 0.05564274 -0.04863220
      vertex 0.01102664 0.06412172 -0.03384293
    endloop
  endfacet
  facet normal 0.36728203 0.79081843 -0.48960201
    outer loop
      vertex 0.01865732 0.05142163 -0.04863220
      vertex 0.01102664 0.06412172 -0.03384293
      vertex 0.02150037 0.05925738 -0.03384293
    endloop
  endfacet
  facet normal 0.12785205 0.85492478 -0.50274992
    outer loop
      vertex 0.00956856 0.05564274 -0.04863220
      vertex 0.00000000 0.05707370 -0.04863220
      vertex 0.00000000 0.06577073 -0.03384293
    endloop
  endfacet
  facet normal 0.12785205 0.85492478 -0.50274992
    outer loop
      vertex 0.00956856 0.05564274 -0.04863220
      vertex 0.00000000 0.06577073 -0.03384293
      vertex 0.01102664 0.06412172 -0.03384293
    endloop
  endfacet
  facet normal -0.12785205 0.85492478 -0.50274992
    outer loop
      vertex 0.00000000 0.05707370 -0.04863220
      vertex -0.00956856 0.05564274 -0.04863220
      vertex -0.01102664 0.06412172 -0.03384293
    endloop
  endfacet
  facet normal -0.12785205 0.85492478 -0.50274992
    outer loop
      vertex 0.00000000 0.05707370 -0.04863220
      vertex -0.01102664 0.06412172 -0.03384293
      vertex 0.00000000 0.06577073 -0.03384293
    endloop
  endfacet
  facet normal -0.36728203 0.79081843 -0.48960201
    outer loop
      vertex -0.00956856 0.05564274 -0.04863220
      vertex -0.01865732 0.05142163 -0.04863220
      vertex -0.02150037 0.05925738 -0.03384293
    endloop
  endfacet
  facet normal -0.36728203 0.79081843 -0.48960201
    outer loop
      vertex -0.00956856 0.05564274 -0.04863220
      vertex -0.02150037 0.05925738 -0.03384293
      vertex -0.01102664 0.06412172 -0.03384293
    endloop
  endfacet
  facet normal -0.56590454 0.67855829 -0.46830621
    outer loop
      vertex -0.01865732 0.05142163 -0.04863220
      vertex -0.02681052 0.04462201 -0.04863220
      vertex -0.03089597 0.05142163 -0.03384293
    endloop
  endfacet
  facet normal -0.56590454 0.67855829 -0.46830621
    outer loop
      vertex -0.01865732 0.05142163 -0.04863220
      vertex -0.03089597 0.05142163 -0.03384293
      vertex -0.02150037 0.05925738 -0.03384293
    endloop
  endfacet
  facet normal -0.71513749 0.53880222 -0.44527581
    outer loop
      vertex -0.02681052 0.04462201 -0.04863220
      vertex -0.03361933 0.03558487 -0.04863220
      vertex -0.03874232 0.04100738 -0.03384293
    endloop
  endfacet
  facet normal -0.71513749 0.53880222 -0.44527581
    outer loop
      vertex -0.02681052 0.04462201 -0.04863220
      vertex -0.03874232 0.04100738 -0.03384293
      vertex -0.03089597 0.05142163 -0.03384293
    endloop
  endfacet
  facet normal -0.81800053 0.38724807 -0.42533994
    outer loop
      vertex -0.03361933 0.03558487 -0.04863220
      vertex -0.03874232 0.02476335 -0.04863220
      vertex -0.04464597 0.02853685 -0.03384293
    endloop
  endfacet
  facet normal -0.81800053 0.38724807 -0.42533994
    outer loop
      vertex -0.03361933 0.03558487 -0.04863220
      vertex -0.04464597 0.02853685 -0.03384293
      vertex -0.03874232 0.04100738 -0.03384293
    endloop
  endfacet
  facet normal -0.88144908 0.23238056 -0.41115301
    outer loop
      vertex -0.03874232 0.02476335 -0.04863220
      vertex -0.04192261 0.01270009 -0.04863220
      vertex -0.04831088 0.01463536 -0.03384293
    endloop
  endfacet
  facet normal -0.88144908 0.23238056 -0.41115301
    outer loop
      vertex -0.03874232 0.02476335 -0.04863220
      vertex -0.04831088 0.01463536 -0.03384293
      vertex -0.04464597 0.02853685 -0.03384293
    endloop
  endfacet
  facet normal -0.91153884 0.07738105 -0.40386769
    outer loop
      vertex -0.04192261 0.01270009 -0.04863220
      vertex -0.04300073 0.00000000 -0.04863220
      vertex -0.04955329 0.00000000 -0.03384293
    endloop
  endfacet
  facet normal -0.91153884 0.07738105 -0.40386769
    outer loop
      vertex -0.04192261 0.01270009 -0.04863220
      vertex -0.04955329 0.00000000 -0.03384293
      vertex -0.04831088 0.01463536 -0.03384293
    endloop
  endfacet
  facet normal -0.91153884 -0.07738105 -0.40386769
    outer loop
      vertex -0.04300073 0.00000000 -0.04863220
      vertex -0.04192261 -0.01270009 -0.04863220
      vertex -0.04831088 -0.01463536 -0.03384293
    endloop
  endfacet
  facet normal -0.91153884 -0.07738105 -0.40386769
    outer loop
      vertex -0.04300073 0.00000000 -0.04863220
      vertex -0.04831088 -0.01463536 -0.03384293
      vertex -0.04955329 0.00000000 -0.03384293
    endloop
  endfacet
  facet normal -0.88144908 -0.23238056 -0.41115301
    outer loop
      vertex -0.04192261 -0.01270009 -0.04863220
      vertex -0.03874232 -0.02476335 -0.04863220
      vertex -0.04464597 -0.02853685 -0.03384293
    endloop
  endfacet
  facet normal -0.88144908 -0.23238056 -0.41115301
    outer loop
      vertex -0.04192261 -0.01270009 -0.04863220
      vertex -0.04464597 -0.02853685 -0.03384293
      vertex -0.04831088 -0.01463536 -0.03384293
    endloop
  endfacet
  facet normal -0.81800053 -0.38724807 -0.42533994
    outer loop
      vertex -0.03874232 -0.02476335 -0.04863220
      vertex -0.03361933 -0.03558487 -0.04863220
      vertex -0.03874232 -0.04100738 -0.03384293
    endloop
  endfacet
  facet normal -0.81800053 -0.38724807 -0.42533994
    outer loop
      vertex -0.03874232 -0.02476335 -0.04863220
      vertex -0.03874232 -0.04100738 -0.03384293
      vertex -0.04464597 -0.02853685 -0.03384293
    endloop
  endfacet
  facet normal -0.71513749 -0.53880222 -0.44527581
    outer loop
      vertex -0.03361933 -0.03558487 -0.04863220
      vertex -0.02681052 -0.04462201 -0.04863220
      vertex -0.03089597 -0.05142163 -0.03384293
    endloop
  endfacet
  facet normal -0.71513749 -0.53880222 -0.44527581
    outer loop
      vertex -0.03361933 -0.03558487 -0.04863220
      vertex -0.03089597 -0.05142163 -0.03384293
      vertex -0.03874232 -0.04100738 -0.03384293
    endloop
  endfacet
  facet normal -0.56590454 -0.67855829 -0.46830621
    outer loop
      vertex -0.02681052 -0.04462201 -0.04863220
      vertex -0.01865732 -0.05142163 -0.04863220
      vertex -0.02150037 -0.05925738 -0.03384293
    endloop
  endfacet
  facet normal -0.56590454 -0.67855829 -0.46830621
    outer loop
      vertex -0.02681052 -0.04462201 -0.04863220
      vertex -0.02150037 -0.05925738 -0.03384293
      vertex -0.03089597 -0.05142163 -0.03384293
    endloop
  endfacet
  facet normal -0.36728203 -0.79081843 -0.48960201
    outer loop
      vertex -0.01865732 -0.05142163 -0.04863220
      vertex -0.00956856 -0.05564274 -0.04863220
      vertex -0.01102664 -0.06412172 -0.03384293
    endloop
  endfacet
  facet normal -0.36728203 -0.79081843 -0.48960201
    outer loop
      vertex -0.01865732 -0.05142163 -0.04863220
      vertex -0.01102664 -0.06412172 -0.03384293
      vertex -0.02150037 -0.05925738 -0.03384293
    endloop
  endfacet
  facet normal -0.12785205 -0.85492478 -0.50274992
    outer loop
      vertex -0.00956856 -0.05564274 -0.04863220
      vertex -0.00000000 -0.05707370 -0.04863220
      vertex -0.00000000 -0.06577073 -0.03384293
    endloop
  endfacet
  facet normal -0.12785205 -0.85492478 -0.50274992
    outer loop
      vertex -0.00956856 -0.05564274 -0.04863220
      vertex -0.00000000 -0.06577073 -0.03384293
      vertex -0.01102664 -0.06412172 -0.03384293
    endloop
  endfacet
  facet normal 0.12785205 -0.85492478 -0.50274992
    outer loop
      vertex -0.00000000 -0.05707370 -0.04863220
      vertex 0.00956856 -0.05564274 -0.04863220
      vertex 0.01102664 -0.06412172 -0.03384293
    endloop
  endfacet
  facet normal 0.12785205 -0.85492478 -0.50274992
    outer loop
      vertex -0.00000000 -0.05707370 -0.04863220
      vertex 0.01102664 -0.06412172 -0.03384293
      vertex -0.00000000 -0.06577073 -0.03384293
    endloop
  endfacet
  facet normal 0.36728203 -0.79081843 -0.48960201
    outer loop
      vertex 0.00956856 -0.05564274 -0.04863220
      vertex 0.01865732 -0.05142163 -0.04863220
      vertex 0.02150037 -0.05925738 -0.03384293
    endloop
  endfacet
  facet normal 0.36728203 -0.79081843 -0.48960201
    outer loop
      vertex 0.00956856 -0.05564274 -0.04863220
      vertex 0.02150037 -0.05925738 -0.03384293
      vertex 0.01102664 -0.06412172 -0.03384293
    endloop
  endfacet
  facet normal 0.56590454 -0.67855829 -0.46830621
    outer loop
      vertex 0.01865732 -0.05142163 -0.04863220
      vertex 0.02681052 -0.04462201 -0.04863220
      vertex 0.03089597 -0.05142163 -0.03384293
    endloop
  endfacet
  facet normal 0.56590454 -0.67855829 -0.46830621
    outer loop
      vertex 0.01865732 -0.05142163 -0.04863220
      vertex 0.03089597 -0.05142163 -0.03384293
      vertex 0.02150037 -0.05925738 -0.03384293
    endloop
  endfacet
  facet normal 0.71513749 -0.53880222 -0.44527581
    outer loop
      vertex 0.02681052 -0.04462201 -0.04863220
      vertex 0.03361933 -0.03558487 -0.04863220
      vertex 0.03874232 -0.04100738 -0.03384293
    endloop
  endfacet
  facet normal 0.71513749 -0.53880222 -0.44527581
    outer loop
      vertex 0.02681052 -0.04462201 -0.04863220
      vertex 0.03874232 -0.04100738 -0.03384293
      vertex 0.03089597 -0.05142163 -0.03384293
    endloop
  endfacet
  facet normal 0.81800053 -0.38724807 -0.42533994
    outer loop
      vertex 0.03361933 -0.03558487 -0.04863220
      vertex 0.03874232 -0.02476335 -0.04863220
      vertex 0.04464597 -0.02853685 -0.03384293
    endloop
  endfacet
  facet normal 0.81800053 -0.38724807 -0.42533994
    outer loop
      vertex 0.03361933 -0.03558487 -0.04863220
      vertex 0.04464597 -0.02853685 -0.03384293
      vertex 0.03874232 -0.04100738 -0.03384293
    endloop
  endfacet
  facet normal 0.88144908 -0.23238056 -0.41115301
    outer loop
      vertex 0.03874232 -0.02476335 -0.04863220
      vertex 0.04192261 -0.01270009 -0.04863220
      vertex 0.04831088 -0.01463536 -0.03384293
    endloop
  endfacet
  facet normal 0.88144908 -0.23238056 -0.41115301
    outer loop
      vertex 0.03874232 -0.02476335 -0.04863220
      vertex 0.04831088 -0.01463536 -0.03384293
      vertex 0.04464597 -0.02853685 -0.03384293
    endloop
  endfacet
  facet normal 0.91153884 -0.07738105 -0.40386769
    outer loop
      vertex 0.04192261 -0.01270009 -0.04863220
      vertex 0.04300073 0.00000000 -0.04863220
      vertex 0.04955329 0.00000000 -0.03384293
    endloop
  endfacet
  facet normal 0.91153884 -0.07738105 -0.40386769
    outer loop
      vertex 0.04192261 -0.01270009 -0.04863220
      vertex 0.04955329 0.00000000 -0.03384293
      vertex 0.04831088 -0.01463536 -0.03384293
    endloop
  endfacet
  facet normal 0.96760293 0.08214037 -0.23874154
    outer loop
      vertex 0.04955329 0.00000000 -0.03384293
      vertex 0.04831088 0.01463536 -0.03384293
      vertex 0.05227664 0.01583676 -0.01735663
    endloop
  endfacet
  facet normal 0.96760293 0.08214037 -0.23874154
    outer loop
      vertex 0.04955329 0.00000000 -0.03384293
      vertex 0.05227664 0.01583676 -0.01735663
      vertex 0.05362104 0.00000000 -0.01735663
    endloop
  endfacet
  facet normal 0.93782935 0.24724435 -0.24361103
    outer loop
      vertex 0.04831088 0.01463536 -0.03384293
      vertex 0.04464597 0.02853685 -0.03384293
      vertex 0.04831088 0.03087939 -0.01735663
    endloop
  endfacet
  facet normal 0.93782935 0.24724435 -0.24361103
    outer loop
      vertex 0.04831088 0.01463536 -0.03384293
      vertex 0.04831088 0.03087939 -0.01735663
      vertex 0.05227664 0.01583676 -0.01735663
    endloop
  endfacet
  facet normal 0.87438366 0.41394030 -0.25319289
    outer loop
      vertex 0.04464597 0.02853685 -0.03384293
      vertex 0.03874232 0.04100738 -0.03384293
      vertex 0.04192261 0.04437361 -0.01735663
    endloop
  endfacet
  facet normal 0.87438366 0.41394030 -0.25319289
    outer loop
      vertex 0.04464597 0.02853685 -0.03384293
      vertex 0.04192261 0.04437361 -0.01735663
      vertex 0.04831088 0.03087939 -0.01735663
    endloop
  endfacet
  facet normal 0.76971399 0.57992150 -0.26689216
    outer loop
      vertex 0.03874232 0.04100738 -0.03384293
      vertex 0.03089597 0.05142163 -0.03384293
      vertex 0.03343217 0.05564274 -0.01735663
    endloop
  endfacet
  facet normal 0.76971399 0.57992150 -0.26689216
    outer loop
      vertex 0.03874232 0.04100738 -0.03384293
      vertex 0.03343217 0.05564274 -0.01735663
      vertex 0.04192261 0.04437361 -0.01735663
    endloop
  endfacet
  facet normal 0.61427865 0.73656216 -0.28308642
    outer loop
      vertex 0.03089597 0.05142163 -0.03384293
      vertex 0.02150037 0.05925738 -0.03384293
      vertex 0.02326530 0.06412172 -0.01735663
    endloop
  endfacet
  facet normal 0.61427865 0.73656216 -0.28308642
    outer loop
      vertex 0.03089597 0.05142163 -0.03384293
      vertex 0.02326530 0.06412172 -0.01735663
      vertex 0.03343217 0.05564274 -0.01735663
    endloop
  endfacet
  facet normal 0.40202478 0.86562527 -0.29844425
    outer loop
      vertex 0.02150037 0.05925738 -0.03384293
      vertex 0.01102664 0.06412172 -0.03384293
      vertex 0.01193180 0.06938536 -0.01735663
    endloop
  endfacet
  facet normal 0.40202478 0.86562527 -0.29844425
    outer loop
      vertex 0.02150037 0.05925738 -0.03384293
      vertex 0.01193180 0.06938536 -0.01735663
      vertex 0.02326530 0.06412172 -0.01735663
    endloop
  endfacet
  facet normal 0.14070690 0.94088294 -0.30812475
    outer loop
      vertex 0.01102664 0.06412172 -0.03384293
      vertex 0.00000000 0.06577073 -0.03384293
      vertex 0.00000000 0.07116974 -0.01735663
    endloop
  endfacet
  facet normal 0.14070690 0.94088294 -0.30812475
    outer loop
      vertex 0.01102664 0.06412172 -0.03384293
      vertex 0.00000000 0.07116974 -0.01735663
      vertex 0.01193180 0.06938536 -0.01735663
    endloop
  endfacet
  facet normal -0.14070690 0.94088294 -0.30812475
    outer loop
      vertex 0.00000000 0.06577073 -0.03384293
      vertex -0.01102664 0.06412172 -0.03384293
      vertex -0.01193180 0.06938536 -0.01735663
    endloop
  endfacet
  facet normal -0.14070690 0.94088294 -0.30812475
    outer loop
      vertex 0.00000000 0.06577073 -0.03384293
      vertex -0.01193180 0.06938536 -0.01735663
      vertex 0.00000000 0.07116974 -0.01735663
    endloop
  endfacet
  facet normal -0.40202478 0.86562527 -0.29844425
    outer loop
      vertex -0.01102664 0.06412172 -0.03384293
      vertex -0.02150037 0.05925738 -0.03384293
      vertex -0.02326530 0.06412172 -0.01735663
    endloop
  endfacet
  facet normal -0.40202478 0.86562527 -0.29844425
    outer loop
      vertex -0.01102664 0.06412172 -0.03384293
      vertex -0.02326530 0.06412172 -0.01735663
      vertex -0.01193180 0.06938536 -0.01735663
    endloop
  endfacet
  facet normal -0.61427865 0.73656216 -0.28308642
    outer loop
      vertex -0.02150037 0.05925738 -0.03384293
      vertex -0.03089597 0.05142163 -0.03384293
      vertex -0.03343217 0.05564274 -0.01735663
    endloop
  endfacet
  facet normal -0.61427865 0.73656216 -0.28308642
    outer loop
      vertex -0.02150037 0.05925738 -0.03384293
      vertex -0.03343217 0.05564274 -0.01735663
      vertex -0.02326530 0.06412172 -0.01735663
    endloop
  endfacet
  facet normal -0.76971399 0.57992150 -0.26689216
    outer loop
      vertex -0.03089597 0.05142163 -0.03384293
      vertex -0.03874232 0.04100738 -0.03384293
      vertex -0.04192261 0.04437361 -0.01735663
    endloop
  endfacet
  facet normal -0.76971399 0.57992150 -0.26689216
    outer loop
      vertex -0.03089597 0.05142163 -0.03384293
      vertex -0.04192261 0.04437361 -0.01735663
      vertex -0.03343217 0.05564274 -0.01735663
    endloop
  endfacet
  facet normal -0.87438366 0.41394030 -0.25319289
    outer loop
      vertex -0.03874232 0.04100738 -0.03384293
      vertex -0.04464597 0.02853685 -0.03384293
      vertex -0.04831088 0.03087939 -0.01735663
    endloop
  endfacet
  facet normal -0.87438366 0.41394030 -0.25319289
    outer loop
      vertex -0.03874232 0.04100738 -0.03384293
      vertex -0.04831088 0.03087939 -0.01735663
      vertex -0.04192261 0.04437361 -0.01735663
    endloop
  endfacet
  facet normal -0.93782935 0.24724435 -0.24361103
    outer loop
      vertex -0.04464597 0.02853685 -0.03384293
      vertex -0.04831088 0.01463536 -0.03384293
      vertex -0.05227664 0.01583676 -0.01735663
    endloop
  endfacet
  facet normal -0.93782935 0.24724435 -0.24361103
    outer loop
      vertex -0.04464597 0.02853685 -0.03384293
      vertex -0.05227664 0.01583676 -0.01735663
      vertex -0.04831088 0.03087939 -0.01735663
    endloop
  endfacet
  facet normal -0.96760293 0.08214037 -0.23874154
    outer loop
      vertex -0.04831088 0.01463536 -0.03384293
      vertex -0.04955329 0.00000000 -0.03384293
      vertex -0.05362104 0.00000000 -0.01735663
    endloop
  endfacet
  facet normal -0.96760293 0.08214037 -0.23874154
    outer loop
      vertex -0.04831088 0.01463536 -0.03384293
      vertex -0.05362104 0.00000000 -0.01735663
      vertex -0.05227664 0.01583676 -0.01735663
    endloop
  endfacet
  facet normal -0.96760293 -0.08214037 -0.23874154
    outer loop
      vertex -0.04955329 0.00000000 -0.03384293
      vertex -0.04831088 -0.01463536 -0.03384293
      vertex -0.05227664 -0.01583676 -0.01735663
    endloop
  endfacet
  facet normal -0.96760293 -0.08214037 -0.23874154
    outer loop
      vertex -0.04955329 0.00000000 -0.03384293
      vertex -0.05227664 -0.01583676 -0.01735663
      vertex -0.05362104 0.00000000 -0.01735663
    endloop
  endfacet
  facet normal -0.93782935 -0.24724435 -0.24361103
    outer loop
      vertex -0.04831088 -0.01463536 -0.03384293
      vertex -0.04464597 -0.02853685 -0.03384293
      vertex -0.04831088 -0.03087939 -0.01735663
    endloop
  endfacet
  facet normal -0.93782935 -0.24724435 -0.24361103
    outer loop
      vertex -0.04831088 -0.01463536 -0.03384293
      vertex -0.04831088 -0.03087939 -0.01735663
      vertex -0.05227664 -0.01583676 -0.01735663
    endloop
  endfacet
  facet normal -0.87438366 -0.41394030 -0.25319289
    outer loop
      vertex -0.04464597 -0.02853685 -0.03384293
      vertex -0.03874232 -0.04100738 -0.03384293
      vertex -0.04192261 -0.04437361 -0.01735663
    endloop
  endfacet
  facet normal -0.87438366 -0.41394030 -0.25319289
    outer loop
      vertex -0.04464597 -0.02853685 -0.03384293
      vertex -0.04192261 -0.04437361 -0.01735663
      vertex -0.04831088 -0.03087939 -0.01735663
    endloop
  endfacet
  facet normal -0.76971399 -0.57992150 -0.26689216
    outer loop
      vertex -0.03874232 -0.04100738 -0.03384293
      vertex -0.03089597 -0.05142163 -0.03384293
      vertex -0.03343217 -0.05564274 -0.01735663
    endloop
  endfacet
  facet normal -0.76971399 -0.57992150 -0.26689216
    outer loop
      vertex -0.03874232 -0.04100738 -0.03384293
      vertex -0.03343217 -0.05564274 -0.01735663
      vertex -0.04192261 -0.04437361 -0.01735663
    endloop
  endfacet
  facet normal -0.61427865 -0.73656216 -0.28308642
    outer loop
      vertex -0.03089597 -0.05142163 -0.03384293
      vertex -0.02150037 -0.05925738 -0.03384293
      vertex -0.02326530 -0.06412172 -0.01735663
    endloop
  endfacet
  facet normal -0.61427865 -0.73656216 -0.28308642
    outer loop
      vertex -0.03089597 -0.05142163 -0.03384293
      vertex -0.02326530 -0.06412172 -0.01735663
      vertex -0.03343217 -0.05564274 -0.01735663
    endloop
  endfacet
  facet normal -0.40202478 -0.86562527 -0.29844425
    outer loop
      vertex -0.02150037 -0.05925738 -0.03384293
      vertex -0.01102664 -0.06412172 -0.03384293
      vertex -0.01193180 -0.06938536 -0.01735663
    endloop
  endfacet
  facet normal -0.40202478 -0.86562527 -0.29844425
    outer loop
      vertex -0.02150037 -0.05925738 -0.03384293
      vertex -0.01193180 -0.06938536 -0.01735663
      vertex -0.02326530 -0.06412172 -0.01735663
    endloop
  endfacet
  facet normal -0.14070690 -0.94088294 -0.30812475
    outer loop
      vertex -0.01102664 -0.06412172 -0.03384293
      vertex -0.00000000 -0.06577073 -0.03384293
      vertex -0.00000000 -0.07116974 -0.01735663
    endloop
  endfacet
  facet normal -0.14070690 -0.94088294 -0.30812475
    outer loop
      vertex -0.01102664 -0.06412172 -0.03384293
      vertex -0.00000000 -0.07116974 -0.01735663
      vertex -0.01193180 -0.06938536 -0.01735663
    endloop
  endfacet
  facet normal 0.14070690 -0.94088294 -0.30812475
    outer loop
      vertex -0.00000000 -0.06577073 -0.03384293
      vertex 0.01102664 -0.06412172 -0.03384293
      vertex 0.01193180 -0.06938536 -0.01735663
    endloop
  endfacet
  facet normal 0.14070690 -0.94088294 -0.30812475
    outer loop
      vertex -0.00000000 -0.06577073 -0.03384293
      vertex 0.01193180 -0.06938536 -0.01735663
      vertex -0.00000000 -0.07116974 -0.01735663
    endloop
  endfacet
  facet normal 0.40202478 -0.86562527 -0.29844425
    outer loop
      vertex 0.01102664 -0.06412172 -0.03384293
      vertex 0.02150037 -0.05925738 -0.03384293
      vertex 0.02326530 -0.06412172 -0.01735663
    endloop
  endfacet
  facet normal 0.40202478 -0.86562527 -0.29844425
    outer loop
      vertex 0.01102664 -0.06412172 -0.03384293
      vertex 0.02326530 -0.06412172 -0.01735663
      vertex 0.01193180 -0.06938536 -0.01735663
    endloop
  endfacet
  facet normal 0.61427865 -0.73656216 -0.28308642
    outer loop
      vertex 0.02150037 -0.05925738 -0.03384293
      vertex 0.03089597 -0.05142163 -0.03384293
      vertex 0.03343217 -0.05564274 -0.01735663
    endloop
  endfacet
  facet normal 0.61427865 -0.73656216 -0.28308642
    outer loop
      vertex 0.02150037 -0.05925738 -0.03384293
      vertex 0.03343217 -0.05564274 -0.01735663
      vertex 0.02326530 -0.06412172 -0.01735663
    endloop
  endfacet
  facet normal 0.76971399 -0.57992150 -0.26689216
    outer loop
      vertex 0.03089597 -0.05142163 -0.03384293
      vertex 0.03874232 -0.04100738 -0.03384293
      vertex 0.04192261 -0.04437361 -0.01735663
    endloop
  endfacet
  facet normal 0.76971399 -0.57992150 -0.26689216
    outer loop
      vertex 0.03089597 -0.05142163 -0.03384293
      vertex 0.04192261 -0.04437361 -0.01735663
      vertex 0.03343217 -0.05564274 -0.01735663
    endloop
  endfacet
  facet normal 0.87438366 -0.41394030 -0.25319289
    outer loop
      vertex 0.03874232 -0.04100738 -0.03384293
      vertex 0.04464597 -0.02853685 -0.03384293
      vertex 0.04831088 -0.03087939 -0.01735663
    endloop
  endfacet
  facet normal 0.87438366 -0.41394030 -0.25319289
    outer loop
      vertex 0.03874232 -0.04100738 -0.03384293
      vertex 0.04831088 -0.03087939 -0.01735663
      vertex 0.04192261 -0.04437361 -0.01735663
    endloop
  endfacet
  facet normal 0.93782935 -0.24724435 -0.24361103
    outer loop
      vertex 0.04464597 -0.02853685 -0.03384293
      vertex 0.04831088 -0.01463536 -0.03384293
      vertex 0.05227664 -0.01583676 -0.01735663
    endloop
  endfacet
  facet normal 0.93782935 -0.24724435 -0.24361103
    outer loop
      vertex 0.04464597 -0.02853685 -0.03384293
      vertex 0.05227664 -0.01583676 -0.01735663
      vertex 0.04831088 -0.03087939 -0.01735663
    endloop
  endfacet
  facet normal 0.96760293 -0.08214037 -0.23874154
    outer loop
      vertex 0.04831088 -0.01463536 -0.03384293
      vertex 0.04955329 0.00000000 -0.03384293
      vertex 0.05362104 0.00000000 -0.01735663
    endloop
  endfacet
  facet normal 0.96760293 -0.08214037 -0.23874154
    outer loop
      vertex 0.04831088 -0.01463536 -0.03384293
      vertex 0.05362104 0.00000000 -0.01735663
      vertex 0.05227664 -0.01583676 -0.01735663
    endloop
  endfacet
  facet normal 0.99330850 0.08432253 -0.07891724
    outer loop
      vertex 0.05362104 0.00000000 -0.01735663
      vertex 0.05227664 0.01583676 -0.01735663
      vertex 0.05362104 0.01624403 0.00000000
    endloop
  endfacet
  facet normal 0.99330850 0.08432253 -0.07891724
    outer loop
      vertex 0.05362104 0.00000000 -0.01735663
      vertex 0.05362104 0.01624403 0.00000000
      vertex 0.05500000 0.00000000 0.00000000
    endloop
  endfacet
  facet normal 0.96381371 0.25409473 -0.08061635
    outer loop
      vertex 0.05227664 0.01583676 -0.01735663
      vertex 0.04831088 0.03087939 -0.01735663
      vertex 0.04955329 0.03167351 0.00000000
    endloop
  endfacet
  facet normal 0.96381371 0.25409473 -0.08061635
    outer loop
      vertex 0.05227664 0.01583676 -0.01735663
      vertex 0.04955329 0.03167351 0.00000000
      vertex 0.05362104 0.01624403 0.00000000
    endloop
  endfacet
  facet normal 0.90064178 0.42637110 -0.08397663
    outer loop
      vertex 0.04831088 0.03087939 -0.01735663
      vertex 0.04192261 0.04437361 -0.01735663
      vertex 0.04300073 0.04551476 0.00000000
    endloop
  endfacet
  facet normal 0.90064178 0.42637110 -0.08397663
    outer loop
      vertex 0.04831088 0.03087939 -0.01735663
      vertex 0.04300073 0.04551476 0.00000000
      vertex 0.04955329 0.03167351 0.00000000
    endloop
  endfacet
  facet normal 0.79552841 0.59937072 -0.08882169
    outer loop
      vertex 0.04192261 0.04437361 -0.01735663
      vertex 0.03343217 0.05564274 -0.01735663
      vertex 0.03429194 0.05707370 0.00000000
    endloop
  endfacet
  facet normal 0.79552841 0.59937072 -0.08882169
    outer loop
      vertex 0.04192261 0.04437361 -0.01735663
      vertex 0.03429194 0.05707370 0.00000000
      vertex 0.04300073 0.04551476 0.00000000
    endloop
  endfacet
  facet normal 0.63760453 0.76453149 -0.09461542
    outer loop
      vertex 0.03343217 0.05564274 -0.01735663
      vertex 0.02326530 0.06412172 -0.01735663
      vertex 0.02386361 0.06577073 0.00000000
    endloop
  endfacet
  facet normal 0.63760453 0.76453149 -0.09461542
    outer loop
      vertex 0.03343217 0.05564274 -0.01735663
      vertex 0.02386361 0.06577073 0.00000000
      vertex 0.03429194 0.05707370 0.00000000
    endloop
  endfacet
  facet normal 0.41910198 0.90239527 -0.10018138
    outer loop
      vertex 0.02326530 0.06412172 -0.01735663
      vertex 0.01193180 0.06938536 -0.01735663
      vertex 0.01223865 0.07116974 0.00000000
    endloop
  endfacet
  facet normal 0.41910198 0.90239527 -0.10018138
    outer loop
      vertex 0.02326530 0.06412172 -0.01735663
      vertex 0.01223865 0.07116974 0.00000000
      vertex 0.02386361 0.06577073 0.00000000
    endloop
  endfacet
  facet normal 0.14710514 0.98366691 -0.10372799
    outer loop
      vertex 0.01193180 0.06938536 -0.01735663
      vertex 0.00000000 0.07116974 -0.01735663
      vertex 0.00000000 0.07300000 0.00000000
    endloop
  endfacet
  facet normal 0.14710514 0.98366691 -0.10372799
    outer loop
      vertex 0.01193180 0.06938536 -0.01735663
      vertex 0.00000000 0.07300000 0.00000000
      vertex 0.01223865 0.07116974 0.00000000
    endloop
  endfacet
  facet normal -0.14710514 0.98366691 -0.10372799
    outer loop
      vertex 0.00000000 0.07116974 -0.01735663
      vertex -0.01193180 0.06938536 -0.01735663
      vertex -0.01223865 0.07116974 0.00000000
    endloop
  endfacet
  facet normal -0.14710514 0.98366691 -0.10372799
    outer loop
      vertex 0.00000000 0.07116974 -0.01735663
      vertex -0.01223865 0.07116974 0.00000000
      vertex 0.00000000 0.07300000 0.00000000
    endloop
  endfacet
  facet normal -0.41910198 0.90239527 -0.10018138
    outer loop
      vertex -0.01193180 0.06938536 -0.01735663
      vertex -0.02326530 0.06412172 -0.01735663
      vertex -0.02386361 0.06577073 0.00000000
    endloop
  endfacet
  facet normal -0.41910198 0.90239527 -0.10018138
    outer loop
      vertex -0.01193180 0.06938536 -0.01735663
      vertex -0.02386361 0.06577073 0.00000000
      vertex -0.01223865 0.07116974 0.00000000
    endloop
  endfacet
  facet normal -0.63760453 0.76453149 -0.09461542
    outer loop
      vertex -0.02326530 0.06412172 -0.01735663
      vertex -0.03343217 0.05564274 -0.01735663
      vertex -0.03429194 0.05707370 0.00000000
    endloop
  endfacet
  facet normal -0.63760453 0.76453149 -0.09461542
    outer loop
      vertex -0.02326530 0.06412172 -0.01735663
      vertex -0.03429194 0.05707370 0.00000000
      vertex -0.02386361 0.06577073 0.00000000
    endloop
  endfacet
  facet normal -0.79552841 0.59937072 -0.08882169
    outer loop
      vertex -0.03343217 0.05564274 -0.01735663
      vertex -0.04192261 0.04437361 -0.01735663
      vertex -0.04300073 0.04551476 0.00000000
    endloop
  endfacet
  facet normal -0.79552841 0.59937072 -0.08882169
    outer loop
      vertex -0.03343217 0.05564274 -0.01735663
      vertex -0.04300073 0.04551476 0.00000000
      vertex -0.03429194 0.05707370 0.00000000
    endloop
  endfacet
  facet normal -0.90064178 0.42637110 -0.08397663
    outer loop
      vertex -0.04192261 0.04437361 -0.01735663
      vertex -0.04831088 0.03087939 -0.01735663
      vertex -0.04955329 0.03167351 0.00000000
    endloop
  endfacet
  facet normal -0.90064178 0.42637110 -0.08397663
    outer loop
      vertex -0.04192261 0.04437361 -0.01735663
      vertex -0.04955329 0.03167351 0.00000000
      vertex -0.04300073 0.04551476 0.00000000
    endloop
  endfacet
  facet normal -0.96381371 0.25409473 -0.08061635
    outer loop
      vertex -0.04831088 0.03087939 -0.01735663
      vertex -0.05227664 0.01583676 -0.01735663
      vertex -0.05362104 0.01624403 0.00000000
    endloop
  endfacet
  facet normal -0.96381371 0.25409473 -0.08061635
    outer loop
      vertex -0.04831088 0.03087939 -0.01735663
      vertex -0.05362104 0.01624403 0.00000000
      vertex -0.04955329 0.03167351 0.00000000
    endloop
  endfacet
  facet normal -0.99330850 0.08432253 -0.07891724
    outer loop
      vertex -0.05227664 0.01583676 -0.01735663
      vertex -0.05362104 0.00000000 -0.01735663
      vertex -0.05500000 0.00000000 0.00000000
    endloop
  endfacet
  facet normal -0.99330850 0.08432253 -0.07891724
    outer loop
      vertex -0.05227664 0.01583676 -0.01735663
      vertex -0.05500000 0.00000000 0.00000000
      vertex -0.05362104 0.01624403 0.00000000
    endloop
  endfacet
  facet normal -0.99330850 -0.08432253 -0.07891724
    outer loop
      vertex -0.05362104 0.00000000 -0.01735663
      vertex -0.05227664 -0.01583676 -0.01735663
      vertex -0.05362104 -0.01624403 0.00000000
    endloop
  endfacet
  facet normal -0.99330850 -0.08432253 -0.07891724
    outer loop
      vertex -0.05362104 0.00000000 -0.01735663
      vertex -0.05362104 -0.01624403 0.00000000
      vertex -0.05500000 0.00000000 0.00000000
    endloop
  endfacet
  facet normal -0.96381371 -0.25409473 -0.08061635
    outer loop
      vertex -0.05227664 -0.01583676 -0.01735663
      vertex -0.04831088 -0.03087939 -0.01735663
      vertex -0.04955329 -0.03167351 0.00000000
    endloop
  endfacet
  facet normal -0.96381371 -0.25409473 -0.08061635
    outer loop
      vertex -0.05227664 -0.01583676 -0.01735663
      vertex -0.04955329 -0.03167351 0.00000000
      vertex -0.05362104 -0.01624403 0.00000000
    endloop
  endfacet
  facet normal -0.90064178 -0.42637110 -0.08397663
    outer loop
      vertex -0.04831088 -0.03087939 -0.01735663
      vertex -0.04192261 -0.04437361 -0.01735663
      vertex -0.04300073 -0.04551476 0.00000000
    endloop
  endfacet
  facet normal -0.90064178 -0.42637110 -0.08397663
    outer loop
      vertex -0.04831088 -0.03087939 -0.01735663
      vertex -0.04300073 -0.04551476 0.00000000
      vertex -0.04955329 -0.03167351 0.00000000
    endloop
  endfacet
  facet normal -0.79552841 -0.59937072 -0.08882169
    outer loop
      vertex -0.04192261 -0.04437361 -0.01735663
      vertex -0.03343217 -0.05564274 -0.01735663
      vertex -0.03429194 -0.05707370 0.00000000
    endloop
  endfacet
  facet normal -0.79552841 -0.59937072 -0.08882169
    outer loop
      vertex -0.04192261 -0.04437361 -0.01735663
      vertex -0.03429194 -0.05707370 0.00000000
      vertex -0.04300073 -0.04551476 0.00000000
    endloop
  endfacet
  facet normal -0.63760453 -0.76453149 -0.09461542
    outer loop
      vertex -0.03343217 -0.05564274 -0.01735663
      vertex -0.02326530 -0.06412172 -0.01735663
      vertex -0.02386361 -0.06577073 0.00000000
    endloop
  endfacet
  facet normal -0.63760453 -0.76453149 -0.09461542
    outer loop
      vertex -0.03343217 -0.05564274 -0.01735663
      vertex -0.02386361 -0.06577073 0.00000000
      vertex -0.03429194 -0.05707370 0.00000000
    endloop
  endfacet
  facet normal -0.41910198 -0.90239527 -0.10018138
    outer loop
      vertex -0.02326530 -0.06412172 -0.01735663
      vertex -0.01193180 -0.06938536 -0.01735663
      vertex -0.01223865 -0.07116974 0.00000000
    endloop
  endfacet
  facet normal -0.41910198 -0.90239527 -0.10018138
    outer loop
      vertex -0.02326530 -0.06412172 -0.01735663
      vertex -0.01223865 -0.07116974 0.00000000
      vertex -0.02386361 -0.06577073 0.00000000
    endloop
  endfacet
  facet normal -0.14710514 -0.98366691 -0.10372799
    outer loop
      vertex -0.01193180 -0.06938536 -0.01735663
      vertex -0.00000000 -0.07116974 -0.01735663
      vertex -0.00000000 -0.07300000 0.00000000
    endloop
  endfacet
  facet normal -0.14710514 -0.98366691 -0.10372799
    outer loop
      vertex -0.01193180 -0.06938536 -0.01735663
      vertex -0.00000000 -0.07300000 0.00000000
      vertex -0.01223865 -0.07116974 0.00000000
    endloop
  endfacet
  facet normal 0.14710514 -0.98366691 -0.10372799
    outer loop
      vertex -0.00000000 -0.07116974 -0.01735663
      vertex 0.01193180 -0.06938536 -0.01735663
      vertex 0.01223865 -0.07116974 0.00000000
    endloop
  endfacet
  facet normal 0.14710514 -0.98366691 -0.10372799
    outer loop
      vertex -0.00000000 -0.07116974 -0.01735663
      vertex 0.01223865 -0.07116974 0.00000000
      vertex -0.00000000 -0.07300000 0.00000000
    endloop
  endfacet
  facet normal 0.41910198 -0.90239527 -0.10018138
    outer loop
      vertex 0.01193180 -0.06938536 -0.01735663
      vertex 0.02326530 -0.06412172 -0.01735663
      vertex 0.02386361 -0.06577073 0.00000000
    endloop
  endfacet
  facet normal 0.41910198 -0.90239527 -0.10018138
    outer loop
      vertex 0.01193180 -0.06938536 -0.01735663
      vertex 0.02386361 -0.06577073 0.00000000
      vertex 0.01223865 -0.07116974 0.00000000
    endloop
  endfacet
  facet normal 0.63760453 -0.76453149 -0.09461542
    outer loop
      vertex 0.02326530 -0.06412172 -0.01735663
      vertex 0.03343217 -0.05564274 -0.01735663
      vertex 0.03429194 -0.05707370 0.00000000
    endloop
  endfacet
  facet normal 0.63760453 -0.76453149 -0.09461542
    outer loop
      vertex 0.02326530 -0.06412172 -0.01735663
      vertex 0.03429194 -0.05707370 0.00000000
      vertex 0.02386361 -0.06577073 0.00000000
    endloop
  endfacet
  facet normal 0.79552841 -0.59937072 -0.08882169
    outer loop
      vertex 0.03343217 -0.05564274 -0.01735663
      vertex 0.04192261 -0.04437361 -0.01735663
      vertex 0.04300073 -0.04551476 0.00000000
    endloop
  endfacet
  facet normal 0.79552841 -0.59937072 -0.08882169
    outer loop
      vertex 0.03343217 -0.05564274 -0.01735663
      vertex 0.04300073 -0.04551476 0.00000000
      vertex 0.03429194 -0.05707370 0.00000000
    endloop
  endfacet
  facet normal 0.90064178 -0.42637110 -0.08397663
    outer loop
      vertex 0.04192261 -0.04437361 -0.01735663
      vertex 0.04831088 -0.03087939 -0.01735663
      vertex 0.04955329 -0.03167351 0.00000000
    endloop
  endfacet
  facet normal 0.90064178 -0.42637110 -0.08397663
    outer loop
      vertex 0.04192261 -0.04437361 -0.01735663
      vertex 0.04955329 -0.03167351 0.00000000
      vertex 0.04300073 -0.04551476 0.00000000
    endloop
  endfacet
  facet normal 0.96381371 -0.25409473 -0.08061635
    outer loop
      vertex 0.04831088 -0.03087939 -0.01735663
      vertex 0.05227664 -0.01583676 -0.01735663
      vertex 0.05362104 -0.01624403 0.00000000
    endloop
  endfacet
  facet normal 0.96381371 -0.25409473 -0.08061635
    outer loop
      vertex 0.04831088 -0.03087939 -0.01735663
      vertex 0.05362104 -0.01624403 0.00000000
      vertex 0.04955329 -0.03167351 0.00000000
    endloop
  endfacet
  facet normal 0.99330850 -0.08432253 -0.07891724
    outer loop
      vertex 0.05227664 -0.01583676 -0.01735663
      vertex 0.05362104 0.00000000 -0.01735663
      vertex 0.05500000 0.00000000 0.00000000
    endloop
  endfacet
  facet normal 0.99330850 -0.08432253 -0.07891724
    outer loop
      vertex 0.05227664 -0.01583676 -0.01735663
      vertex 0.05500000 0.00000000 0.00000000
      vertex 0.05362104 -0.01624403 0.00000000
    endloop
  endfacet
  facet normal 0.99330850 0.08432253 0.07891724
    outer loop
      vertex 0.05500000 0.00000000 0.00000000
      vertex 0.05362104 0.01624403 0.00000000
      vertex 0.05227664 0.01583676 0.01735663
    endloop
  endfacet
  facet normal 0.99330850 0.08432253 0.07891724
    outer loop
      vertex 0.05500000 0.00000000 0.00000000
      vertex 0.05227664 0.01583676 0.01735663
      vertex 0.05362104 0.00000000 0.01735663
    endloop
  endfacet
  facet normal 0.96381371 0.25409473 0.08061635
    outer loop
      vertex 0.05362104 0.01624403 0.00000000
      vertex 0.04955329 0.03167351 0.00000000
      vertex 0.04831088 0.03087939 0.01735663
    endloop
  endfacet
  facet normal 0.96381371 0.25409473 0.08061635
    outer loop
      vertex 0.05362104 0.01624403 0.00000000
      vertex 0.04831088 0.03087939 0.01735663
      vertex 0.05227664 0.01583676 0.01735663
    endloop
  endfacet
  facet normal 0.90064178 0.42637110 0.08397663
    outer loop
      vertex 0.04955329 0.03167351 0.00000000
      vertex 0.04300073 0.04551476 0.00000000
      vertex 0.04192261 0.04437361 0.01735663
    endloop
  endfacet
  facet normal 0.90064178 0.42637110 0.08397663
    outer loop
      vertex 0.04955329 0.03167351 0.00000000
      vertex 0.04192261 0.04437361 0.01735663
      vertex 0.04831088 0.03087939 0.01735663
    endloop
  endfacet
  facet normal 0.79552841 0.59937072 0.08882169
    outer loop
      vertex 0.04300073 0.04551476 0.00000000
      vertex 0.03429194 0.05707370 0.00000000
      vertex 0.03343217 0.05564274 0.01735663
    endloop
  endfacet
  facet normal 0.79552841 0.59937072 0.08882169
    outer loop
      vertex 0.04300073 0.04551476 0.00000000
      vertex 0.03343217 0.05564274 0.01735663
      vertex 0.04192261 0.04437361 0.01735663
    endloop
  endfacet
  facet normal 0.63760453 0.76453149 0.09461542
    outer loop
      vertex 0.03429194 0.05707370 0.00000000
      vertex 0.02386361 0.06577073 0.00000000
      vertex 0.02326530 0.06412172 0.01735663
    endloop
  endfacet
  facet normal 0.63760453 0.76453149 0.09461542
    outer loop
      vertex 0.03429194 0.05707370 0.00000000
      vertex 0.02326530 0.06412172 0.01735663
      vertex 0.03343217 0.05564274 0.01735663
    endloop
  endfacet
  facet normal 0.41910198 0.90239527 0.10018138
    outer loop
      vertex 0.02386361 0.06577073 0.00000000
      vertex 0.01223865 0.07116974 0.00000000
      vertex 0.01193180 0.06938536 0.01735663
    endloop
  endfacet
  facet normal 0.41910198 0.90239527 0.10018138
    outer loop
      vertex 0.02386361 0.06577073 0.00000000
      vertex 0.01193180 0.06938536 0.01735663
      vertex 0.02326530 0.06412172 0.01735663
    endloop
  endfacet
  facet normal 0.14710514 0.98366691 0.10372799
    outer loop
      vertex 0.01223865 0.07116974 0.00000000
      vertex 0.00000000 0.07300000 0.00000000
      vertex 0.00000000 0.07116974 0.01735663
    endloop
  endfacet
  facet normal 0.14710514 0.98366691 0.10372799
    outer loop
      vertex 0.01223865 0.07116974 0.00000000
      vertex 0.00000000 0.07116974 0.01735663
      vertex 0.01193180 0.06938536 0.01735663
    endloop
  endfacet
  facet normal -0.14710514 0.98366691 0.10372799
    outer loop
      vertex 0.00000000 0.07300000 0.00000000
      vertex -0.01223865 0.07116974 0.00000000
      vertex -0.01193180 0.06938536 0.01735663
    endloop
  endfacet
  facet normal -0.14710514 0.98366691 0.10372799
    outer loop
      vertex 0.00000000 0.07300000 0.00000000
      vertex -0.01193180 0.06938536 0.01735663
      vertex 0.00000000 0.07116974 0.01735663
    endloop
  endfacet
  facet normal -0.41910198 0.90239527 0.10018138
    outer loop
      vertex -0.01223865 0.07116974 0.00000000
      vertex -0.02386361 0.06577073 0.00000000
      vertex -0.02326530 0.06412172 0.01735663
    endloop
  endfacet
  facet normal -0.41910198 0.90239527 0.10018138
    outer loop
      vertex -0.01223865 0.07116974 0.00000000
      vertex -0.02326530 0.06412172 0.01735663
      vertex -0.01193180 0.06938536 0.01735663
    endloop
  endfacet
  facet normal -0.63760453 0.76453149 0.09461542
    outer loop
      vertex -0.02386361 0.06577073 0.00000000
      vertex -0.03429194 0.05707370 0.00000000
      vertex -0.03343217 0.05564274 0.01735663
    endloop
  endfacet
  facet normal -0.63760453 0.76453149 0.09461542
    outer loop
      vertex -0.02386361 0.06577073 0.00000000
      vertex -0.03343217 0.05564274 0.01735663
      vertex -0.02326530 0.06412172 0.01735663
    endloop
  endfacet
  facet normal -0.79552841 0.59937072 0.08882169
    outer loop
      vertex -0.03429194 0.05707370 0.00000000
      vertex -0.04300073 0.04551476 0.00000000
      vertex -0.04192261 0.04437361 0.01735663
    endloop
  endfacet
  facet normal -0.79552841 0.59937072 0.08882169
    outer loop
      vertex -0.03429194 0.05707370 0.00000000
      vertex -0.04192261 0.04437361 0.01735663
      vertex -0.03343217 0.05564274 0.01735663
    endloop
  endfacet
  facet normal -0.90064178 0.42637110 0.08397663
    outer loop
      vertex -0.04300073 0.04551476 0.00000000
      vertex -0.04955329 0.03167351 0.00000000
      vertex -0.04831088 0.03087939 0.01735663
    endloop
  endfacet
  facet normal -0.90064178 0.42637110 0.08397663
    outer loop
      vertex -0.04300073 0.04551476 0.00000000
      vertex -0.04831088 0.03087939 0.01735663
      vertex -0.04192261 0.04437361 0.01735663
    endloop
  endfacet
  facet normal -0.96381371 0.25409473 0.08061635
    outer loop
      vertex -0.04955329 0.03167351 0.00000000
      vertex -0.05362104 0.01624403 0.00000000
      vertex -0.05227664 0.01583676 0.01735663
    endloop
  endfacet
  facet normal -0.96381371 0.25409473 0.08061635
    outer loop
      vertex -0.04955329 0.03167351 0.00000000
      vertex -0.05227664 0.01583676 0.01735663
      vertex -0.04831088 0.03087939 0.01735663
    endloop
  endfacet
  facet normal -0.99330850 0.08432253 0.07891724
    outer loop
      vertex -0.05362104 0.01624403 0.00000000
      vertex -0.05500000 0.00000000 0.00000000
      vertex -0.05362104 0.00000000 0.01735663
    endloop
  endfacet
  facet normal -0.99330850 0.08432253 0.07891724
    outer loop
      vertex -0.05362104 0.01624403 0.00000000
      vertex -0.05362104 0.00000000 0.01735663
      vertex -0.05227664 0.01583676 0.01735663
    endloop
  endfacet
  facet normal -0.99330850 -0.08432253 0.07891724
    outer loop
      vertex -0.05500000 0.00000000 0.00000000
      vertex -0.05362104 -0.01624403 0.00000000
      vertex -0.05227664 -0.01583676 0.01735663
    endloop
  endfacet
  facet normal -0.99330850 -0.08432253 0.07891724
    outer loop
      vertex -0.05500000 0.00000000 0.00000000
      vertex -0.05227664 -0.01583676 0.01735663
      vertex -0.05362104 0.00000000 0.01735663
    endloop
  endfacet
  facet normal -0.96381371 -0.25409473 0.08061635
    outer loop
      vertex -0.05362104 -0.01624403 0.00000000
      vertex -0.04955329 -0.03167351 0.00000000
      vertex -0.04831088 -0.03087939 0.01735663
    endloop
  endfacet
  facet normal -0.96381371 -0.25409473 0.08061635
    outer loop
      vertex -0.05362104 -0.01624403 0.00000000
      vertex -0.04831088 -0.03087939 0.01735663
      vertex -0.05227664 -0.01583676 0.01735663
    endloop
  endfacet
  facet normal -0.90064178 -0.42637110 0.08397663
    outer loop
      vertex -0.04955329 -0.03167351 0.00000000
      vertex -0.04300073 -0.04551476 0.00000000
      vertex -0.04192261 -0.04437361 0.01735663
    endloop
  endfacet
  facet normal -0.90064178 -0.42637110 0.08397663
    outer loop
      vertex -0.04955329 -0.03167351 0.00000000
      vertex -0.04192261 -0.04437361 0.01735663
      vertex -0.04831088 -0.03087939 0.01735663
    endloop
  endfacet
  facet normal -0.79552841 -0.59937072 0.08882169
    outer loop
      vertex -0.04300073 -0.04551476 0.00000000
      vertex -0.03429194 -0.05707370 0.00000000
      vertex -0.03343217 -0.05564274 0.01735663
    endloop
  endfacet
  facet normal -0.79552841 -0.59937072 0.08882169
    outer loop
      vertex -0.04300073 -0.04551476 0.00000000
      vertex -0.03343217 -0.05564274 0.01735663
      vertex -0.04192261 -0.04437361 0.01735663
    endloop
  endfacet
  facet normal -0.63760453 -0.76453149 0.09461542
    outer loop
      vertex -0.03429194 -0.05707370 0.00000000
      vertex -0.02386361 -0.06577073 0.00000000
      vertex -0.02326530 -0.06412172 0.01735663
    endloop
  endfacet
  facet normal -0.63760453 -0.76453149 0.09461542
    outer loop
      vertex -0.03429194 -0.05707370 0.00000000
      vertex -0.02326530 -0.06412172 0.01735663
      vertex -0.03343217 -0.05564274 0.01735663
    endloop
  endfacet
  facet normal -0.41910198 -0.90239527 0.10018138
    outer loop
      vertex -0.02386361 -0.06577073 0.00000000
      vertex -0.01223865 -0.07116974 0.00000000
      vertex -0.01193180 -0.06938536 0.01735663
    endloop
  endfacet
  facet normal -0.41910198 -0.90239527 0.10018138
    outer loop
      vertex -0.02386361 -0.06577073 0.00000000
      vertex -0.01193180 -0.06938536 0.01735663
      vertex -0.02326530 -0.06412172 0.01735663
    endloop
  endfacet
  facet normal -0.14710514 -0.98366691 0.10372799
    outer loop
      vertex -0.01223865 -0.07116974 0.00000000
      vertex -0.00000000 -0.07300000 0.00000000
      vertex -0.00000000 -0.07116974 0.01735663
    endloop
  endfacet
  facet normal -0.14710514 -0.98366691 0.10372799
    outer loop
      vertex -0.01223865 -0.07116974 0.00000000
      vertex -0.00000000 -0.07116974 0.01735663
      vertex -0.01193180 -0.06938536 0.01735663
    endloop
  endfacet
  facet normal 0.14710514 -0.98366691 0.10372799
    outer loop
      vertex -0.00000000 -0.07300000 0.00000000
      vertex 0.01223865 -0.07116974 0.00000000
      vertex 0.01193180 -0.06938536 0.01735663
    endloop
  endfacet
  facet normal 0.14710514 -0.98366691 0.10372799
    outer loop
      vertex -0.00000000 -0.07300000 0.00000000
      vertex 0.01193180 -0.06938536 0.01735663
      vertex -0.00000000 -0.07116974 0.01735663
    endloop
  endfacet
  facet normal 0.41910198 -0.90239527 0.10018138
    outer loop
      vertex 0.01223865 -0.07116974 0.00000000
      vertex 0.02386361 -0.06577073 0.00000000
      vertex 0.02326530 -0.06412172 0.01735663
    endloop
  endfacet
  facet normal 0.41910198 -0.90239527 0.10018138
    outer loop
      vertex 0.01223865 -0.07116974 0.00000000
      vertex 0.02326530 -0.06412172 0.01735663
      vertex 0.01193180 -0.06938536 0.01735663
    endloop
  endfacet
  facet normal 0.63760453 -0.76453149 0.09461542
    outer loop
      vertex 0.02386361 -0.06577073 0.00000000
      vertex 0.03429194 -0.05707370 0.00000000
      vertex 0.03343217 -0.05564274 0.01735663
    endloop
  endfacet
  facet normal 0.63760453 -0.76453149 0.09461542
    outer loop
      vertex 0.02386361 -0.06577073 0.00000000
      vertex 0.03343217 -0.05564274 0.01735663
      vertex 0.02326530 -0.06412172 0.01735663
    endloop
  endfacet
  facet normal 0.79552841 -0.59937072 0.08882169
    outer loop
      vertex 0.03429194 -0.05707370 0.00000000
      vertex 0.04300073 -0.04551476 0.00000000
      vertex 0.04192261 -0.04437361 0.01735663
    endloop
  endfacet
  facet normal 0.79552841 -0.59937072 0.08882169
    outer loop
      vertex 0.03429194 -0.05707370 0.00000000
      vertex 0.04192261 -0.04437361 0.01735663
      vertex 0.03343217 -0.05564274 0.01735663
    endloop
  endfacet
  facet normal 0.90064178 -0.42637110 0.08397663
    outer loop
      vertex 0.04300073 -0.04551476 0.00000000
      vertex 0.04955329 -0.03167351 0.00000000
      vertex 0.04831088 -0.03087939 0.01735663
    endloop
  endfacet
  facet normal 0.90064178 -0.42637110 0.08397663
    outer loop
      vertex 0.04300073 -0.04551476 0.00000000
      vertex 0.04831088 -0.03087939 0.01735663
      vertex 0.04192261 -0.04437361 0.01735663
    endloop
  endfacet
  facet normal 0.96381371 -0.25409473 0.08061635
    outer loop
      vertex 0.04955329 -0.03167351 0.00000000
      vertex 0.05362104 -0.01624403 0.00000000
      vertex 0.05227664 -0.01583676 0.01735663
    endloop
  endfacet
  facet normal 0.96381371 -0.25409473 0.08061635
    outer loop
      vertex 0.04955329 -0.03167351 0.00000000
      vertex 0.05227664 -0.01583676 0.01735663
      vertex 0.04831088 -0.03087939 0.01735663
    endloop
  endfacet
  facet normal 0.99330850 -0.08432253 0.07891724
    outer loop
      vertex 0.05362104 -0.01624403 0.00000000
      vertex 0.05500000 0.00000000 0.00000000
      vertex 0.05362104 0.00000000 0.01735663
    endloop
  endfacet
  facet normal 0.99330850 -0.08432253 0.07891724
    outer loop
      vertex 0.05362104 -0.01624403 0.00000000
      vertex 0.05362104 0.00000000 0.01735663
      vertex 0.05227664 -0.01583676 0.01735663
    endloop
  endfacet
  facet normal 0.96760293 0.08214037 0.23874154
    outer loop
      vertex 0.05362104 0.00000000 0.01735663
      vertex 0.05227664 0.01583676 0.01735663
      vertex 0.04831088 0.01463536 0.03384293
    endloop
  endfacet
  facet normal 0.96760293 0.08214037 0.23874154
    outer loop
      vertex 0.05362104 0.00000000 0.01735663
      vertex 0.04831088 0.01463536 0.03384293
      vertex 0.04955329 0.00000000 0.03384293
    endloop
  endfacet
  facet normal 0.93782935 0.24724435 0.24361103
    outer loop
      vertex 0.05227664 0.01583676 0.01735663
      vertex 0.04831088 0.03087939 0.01735663
      vertex 0.04464597 0.02853685 0.03384293
    endloop
  endfacet
  facet normal 0.93782935 0.24724435 0.24361103
    outer loop
      vertex 0.05227664 0.01583676 0.01735663
      vertex 0.04464597 0.02853685 0.03384293
      vertex 0.04831088 0.01463536 0.03384293
    endloop
  endfacet
  facet normal 0.87438366 0.41394030 0.25319289
    outer loop
      vertex 0.04831088 0.03087939 0.01735663
      vertex 0.04192261 0.04437361 0.01735663
      vertex 0.03874232 0.04100738 0.03384293
    endloop
  endfacet
  facet normal 0.87438366 0.41394030 0.25319289
    outer loop
      vertex 0.04831088 0.03087939 0.01735663
      vertex 0.03874232 0.04100738 0.03384293
      vertex 0.04464597 0.02853685 0.03384293
    endloop
  endfacet
  facet normal 0.76971399 0.57992150 0.26689216
    outer loop
      vertex 0.04192261 0.04437361 0.01735663
      vertex 0.03343217 0.05564274 0.01735663
      vertex 0.03089597 0.05142163 0.03384293
    endloop
  endfacet
  facet normal 0.76971399 0.57992150 0.26689216
    outer loop
      vertex 0.04192261 0.04437361 0.01735663
      vertex 0.03089597 0.05142163 0.03384293
      vertex 0.03874232 0.04100738 0.03384293
    endloop
  endfacet
  facet normal 0.61427865 0.73656216 0.28308642
    outer loop
      vertex 0.03343217 0.05564274 0.01735663
      vertex 0.02326530 0.06412172 0.01735663
      vertex 0.02150037 0.05925738 0.03384293
    endloop
  endfacet
  facet normal 0.61427865 0.73656216 0.28308642
    outer loop
      vertex 0.03343217 0.05564274 0.01735663
      vertex 0.02150037 0.05925738 0.03384293
      vertex 0.03089597 0.05142163 0.03384293
    endloop
  endfacet
  facet normal 0.40202478 0.86562527 0.29844425
    outer loop
      vertex 0.02326530 0.06412172 0.01735663
      vertex 0.01193180 0.06938536 0.01735663
      vertex 0.01102664 0.06412172 0.03384293
    endloop
  endfacet
  facet normal 0.40202478 0.86562527 0.29844425
    outer loop
      vertex 0.02326530 0.06412172 0.01735663
      vertex 0.01102664 0.06412172 0.03384293
      vertex 0.02150037 0.05925738 0.03384293
    endloop
  endfacet
  facet normal 0.14070690 0.94088294 0.30812475
    outer loop
      vertex 0.01193180 0.06938536 0.01735663
      vertex 0.00000000 0.07116974 0.01735663
      vertex 0.00000000 0.06577073 0.03384293
    endloop
  endfacet
  facet normal 0.14070690 0.94088294 0.30812475
    outer loop
      vertex 0.01193180 0.06938536 0.01735663
      vertex 0.00000000 0.06577073 0.03384293
      vertex 0.01102664 0.06412172 0.03384293
    endloop
  endfacet
  facet normal -0.14070690 0.94088294 0.30812475
    outer loop
      vertex 0.00000000 0.07116974 0.01735663
      vertex -0.01193180 0.06938536 0.01735663
      vertex -0.01102664 0.06412172 0.03384293
    endloop
  endfacet
  facet normal -0.14070690 0.94088294 0.30812475
    outer loop
      vertex 0.00000000 0.07116974 0.01735663
      vertex -0.01102664 0.06412172 0.03384293
      vertex 0.00000000 0.06577073 0.03384293
    endloop
  endfacet
  facet normal -0.40202478 0.86562527 0.29844425
    outer loop
      vertex -0.01193180 0.06938536 0.01735663
      vertex -0.02326530 0.06412172 0.01735663
      vertex -0.02150037 0.05925738 0.03384293
    endloop
  endfacet
  facet normal -0.40202478 0.86562527 0.29844425
    outer loop
      vertex -0.01193180 0.06938536 0.01735663
      vertex -0.02150037 0.05925738 0.03384293
      vertex -0.01102664 0.06412172 0.03384293
    endloop
  endfacet
  facet normal -0.61427865 0.73656216 0.28308642
    outer loop
      vertex -0.02326530 0.06412172 0.01735663
      vertex -0.03343217 0.05564274 0.01735663
      vertex -0.03089597 0.05142163 0.03384293
    endloop
  endfacet
  facet normal -0.61427865 0.73656216 0.28308642
    outer loop
      vertex -0.02326530 0.06412172 0.01735663
      vertex -0.03089597 0.05142163 0.03384293
      vertex -0.02150037 0.05925738 0.03384293
    endloop
  endfacet
  facet normal -0.76971399 0.57992150 0.26689216
    outer loop
      vertex -0.03343217 0.05564274 0.01735663
      vertex -0.04192261 0.04437361 0.01735663
      vertex -0.03874232 0.04100738 0.03384293
    endloop
  endfacet
  facet normal -0.76971399 0.57992150 0.26689216
    outer loop
      vertex -0.03343217 0.05564274 0.01735663
      vertex -0.03874232 0.04100738 0.03384293
      vertex -0.03089597 0.05142163 0.03384293
    endloop
  endfacet
  facet normal -0.87438366 0.41394030 0.25319289
    outer loop
      vertex -0.04192261 0.04437361 0.01735663
      vertex -0.04831088 0.03087939 0.01735663
      vertex -0.04464597 0.02853685 0.03384293
    endloop
  endfacet
  facet normal -0.87438366 0.41394030 0.25319289
    outer loop
      vertex -0.04192261 0.04437361 0.01735663
      vertex -0.04464597 0.02853685 0.03384293
      vertex -0.03874232 0.04100738 0.03384293
    endloop
  endfacet
  facet normal -0.93782935 0.24724435 0.24361103
    outer loop
      vertex -0.04831088 0.03087939 0.01735663
      vertex -0.05227664 0.01583676 0.01735663
      vertex -0.04831088 0.01463536 0.03384293
    endloop
  endfacet
  facet normal -0.93782935 0.24724435 0.24361103
    outer loop
      vertex -0.04831088 0.03087939 0.01735663
      vertex -0.04831088 0.01463536 0.03384293
      vertex -0.04464597 0.02853685 0.03384293
    endloop
  endfacet
  facet normal -0.96760293 0.08214037 0.23874154
    outer loop
      vertex -0.05227664 0.01583676 0.01735663
      vertex -0.05362104 0.00000000 0.01735663
      vertex -0.04955329 0.00000000 0.03384293
    endloop
  endfacet
  facet normal -0.96760293 0.08214037 0.23874154
    outer loop
      vertex -0.05227664 0.01583676 0.01735663
      vertex -0.04955329 0.00000000 0.03384293
      vertex -0.04831088 0.01463536 0.03384293
    endloop
  endfacet
  facet normal -0.96760293 -0.08214037 0.23874154
    outer loop
      vertex -0.05362104 0.00000000 0.01735663
      vertex -0.05227664 -0.01583676 0.01735663
      vertex -0.04831088 -0.01463536 0.03384293
    endloop
  endfacet
  facet normal -0.96760293 -0.08214037 0.23874154
    outer loop
      vertex -0.05362104 0.00000000 0.01735663
      vertex -0.04831088 -0.01463536 0.03384293
      vertex -0.04955329 0.00000000 0.03384293
    endloop
  endfacet
  facet normal -0.93782935 -0.24724435 0.24361103
    outer loop
      vertex -0.05227664 -0.01583676 0.01735663
      vertex -0.04831088 -0.03087939 0.01735663
      vertex -0.04464597 -0.02853685 0.03384293
    endloop
  endfacet
  facet normal -0.93782935 -0.24724435 0.24361103
    outer loop
      vertex -0.05227664 -0.01583676 0.01735663
      vertex -0.04464597 -0.02853685 0.03384293
      vertex -0.04831088 -0.01463536 0.03384293
    endloop
  endfacet
  facet normal -0.87438366 -0.41394030 0.25319289
    outer loop
      vertex -0.04831088 -0.03087939 0.01735663
      vertex -0.04192261 -0.04437361 0.01735663
      vertex -0.03874232 -0.04100738 0.03384293
    endloop
  endfacet
  facet normal -0.87438366 -0.41394030 0.25319289
    outer loop
      vertex -0.04831088 -0.03087939 0.01735663
      vertex -0.03874232 -0.04100738 0.03384293
      vertex -0.04464597 -0.02853685 0.03384293
    endloop
  endfacet
  facet normal -0.76971399 -0.57992150 0.26689216
    outer loop
      vertex -0.04192261 -0.04437361 0.01735663
      vertex -0.03343217 -0.05564274 0.01735663
      vertex -0.03089597 -0.05142163 0.03384293
    endloop
  endfacet
  facet normal -0.76971399 -0.57992150 0.26689216
    outer loop
      vertex -0.04192261 -0.04437361 0.01735663
      vertex -0.03089597 -0.05142163 0.03384293
      vertex -0.03874232 -0.04100738 0.03384293
    endloop
  endfacet
  facet normal -0.61427865 -0.73656216 0.28308642
    outer loop
      vertex -0.03343217 -0.05564274 0.01735663
      vertex -0.02326530 -0.06412172 0.01735663
      vertex -0.02150037 -0.05925738 0.03384293
    endloop
  endfacet
  facet normal -0.61427865 -0.73656216 0.28308642
    outer loop
      vertex -0.03343217 -0.05564274 0.01735663
      vertex -0.02150037 -0.05925738 0.03384293
      vertex -0.03089597 -0.05142163 0.03384293
    endloop
  endfacet
  facet normal -0.40202478 -0.86562527 0.29844425
    outer loop
      vertex -0.02326530 -0.06412172 0.01735663
      vertex -0.01193180 -0.06938536 0.01735663
      vertex -0.01102664 -0.06412172 0.03384293
    endloop
  endfacet
  facet normal -0.40202478 -0.86562527 0.29844425
    outer loop
      vertex -0.02326530 -0.06412172 0.01735663
      vertex -0.01102664 -0.06412172 0.03384293
      vertex -0.02150037 -0.05925738 0.03384293
    endloop
  endfacet
  facet normal -0.14070690 -0.94088294 0.30812475
    outer loop
      vertex -0.01193180 -0.06938536 0.01735663
      vertex -0.00000000 -0.07116974 0.01735663
      vertex -0.00000000 -0.06577073 0.03384293
    endloop
  endfacet
  facet normal -0.14070690 -0.94088294 0.30812475
    outer loop
      vertex -0.01193180 -0.06938536 0.01735663
      vertex -0.00000000 -0.06577073 0.03384293
      vertex -0.01102664 -0.06412172 0.03384293
    endloop
  endfacet
  facet normal 0.14070690 -0.94088294 0.30812475
    outer loop
      vertex -0.00000000 -0.07116974 0.01735663
      vertex 0.01193180 -0.06938536 0.01735663
      vertex 0.01102664 -0.06412172 0.03384293
    endloop
  endfacet
  facet normal 0.14070690 -0.94088294 0.30812475
    outer loop
      vertex -0.00000000 -0.07116974 0.01735663
      vertex 0.01102664 -0.06412172 0.03384293
      vertex -0.00000000 -0.06577073 0.03384293
    endloop
  endfacet
  facet normal 0.40202478 -0.86562527 0.29844425
    outer loop
      vertex 0.01193180 -0.06938536 0.01735663
      vertex 0.02326530 -0.06412172 0.01735663
      vertex 0.02150037 -0.05925738 0.03384293
    endloop
  endfacet
  facet normal 0.40202478 -0.86562527 0.29844425
    outer loop
      vertex 0.01193180 -0.06938536 0.01735663
      vertex 0.02150037 -0.05925738 0.03384293
      vertex 0.01102664 -0.06412172 0.03384293
    endloop
  endfacet
  facet normal 0.61427865 -0.73656216 0.28308642
    outer loop
      vertex 0.02326530 -0.06412172 0.01735663
      vertex 0.03343217 -0.05564274 0.01735663
      vertex 0.03089597 -0.05142163 0.03384293
    endloop
  endfacet
  facet normal 0.61427865 -0.73656216 0.28308642
    outer loop
      vertex 0.02326530 -0.06412172 0.01735663
      vertex 0.03089597 -0.05142163 0.03384293
      vertex 0.02150037 -0.05925738 0.03384293
    endloop
  endfacet
  facet normal 0.76971399 -0.57992150 0.26689216
    outer loop
      vertex 0.03343217 -0.05564274 0.01735663
      vertex 0.04192261 -0.04437361 0.01735663
      vertex 0.03874232 -0.04100738 0.03384293
    endloop
  endfacet
  facet normal 0.76971399 -0.57992150 0.26689216
    outer loop
      vertex 0.03343217 -0.05564274 0.01735663
      vertex 0.03874232 -0.04100738 0.03384293
      vertex 0.03089597 -0.05142163 0.03384293
    endloop
  endfacet
  facet normal 0.87438366 -0.41394030 0.25319289
    outer loop
      vertex 0.04192261 -0.04437361 0.01735663
      vertex 0.04831088 -0.03087939 0.01735663
      vertex 0.04464597 -0.02853685 0.03384293
    endloop
  endfacet
  facet normal 0.87438366 -0.41394030 0.25319289
    outer loop
      vertex 0.04192261 -0.04437361 0.01735663
      vertex 0.04464597 -0.02853685 0.03384293
      vertex 0.03874232 -0.04100738 0.03384293
    endloop
  endfacet
  facet normal 0.93782935 -0.24724435 0.24361103
    outer loop
      vertex 0.04831088 -0.03087939 0.01735663
      vertex 0.05227664 -0.01583676 0.01735663
      vertex 0.04831088 -0.01463536 0.03384293
    endloop
  endfacet
  facet normal 0.93782935 -0.24724435 0.24361103
    outer loop
      vertex 0.04831088 -0.03087939 0.01735663
      vertex 0.04831088 -0.01463536 0.03384293
      vertex 0.04464597 -0.02853685 0.03384293
    endloop
  endfacet
  facet normal 0.96760293 -0.08214037 0.23874154
    outer loop
      vertex 0.05227664 -0.01583676 0.01735663
      vertex 0.05362104 0.00000000 0.01735663
      vertex 0.04955329 0.00000000 0.03384293
    endloop
  endfacet
  facet normal 0.96760293 -0.08214037 0.23874154
    outer loop
      vertex 0.05227664 -0.01583676 0.01735663
      vertex 0.04955329 0.00000000 0.03384293
      vertex 0.04831088 -0.01463536 0.03384293
    endloop
  endfacet
  facet normal 0.91153884 0.07738105 0.40386769
    outer loop
      vertex 0.04955329 0.00000000 0.03384293
      vertex 0.04831088 0.01463536 0.03384293
      vertex 0.04192261 0.01270009 0.04863220
    endloop
  endfacet
  facet normal 0.91153884 0.07738105 0.40386769
    outer loop
      vertex 0.04955329 0.00000000 0.03384293
      vertex 0.04192261 0.01270009 0.04863220
      vertex 0.04300073 0.00000000 0.04863220
    endloop
  endfacet
  facet normal 0.88144908 0.23238056 0.41115301
    outer loop
      vertex 0.04831088 0.01463536 0.03384293
      vertex 0.04464597 0.02853685 0.03384293
      vertex 0.03874232 0.02476335 0.04863220
    endloop
  endfacet
  facet normal 0.88144908 0.23238056 0.41115301
    outer loop
      vertex 0.04831088 0.01463536 0.03384293
      vertex 0.03874232 0.02476335 0.04863220
      vertex 0.04192261 0.01270009 0.04863220
    endloop
  endfacet
  facet normal 0.81800053 0.38724807 0.42533994
    outer loop
      vertex 0.04464597 0.02853685 0.03384293
      vertex 0.03874232 0.04100738 0.03384293
      vertex 0.03361933 0.03558487 0.04863220
    endloop
  endfacet
  facet normal 0.81800053 0.38724807 0.42533994
    outer loop
      vertex 0.04464597 0.02853685 0.03384293
      vertex 0.03361933 0.03558487 0.04863220
      vertex 0.03874232 0.02476335 0.04863220
    endloop
  endfacet
  facet normal 0.71513749 0.53880222 0.44527581
    outer loop
      vertex 0.03874232 0.04100738 0.03384293
      vertex 0.03089597 0.05142163 0.03384293
      vertex 0.02681052 0.04462201 0.04863220
    endloop
  endfacet
  facet normal 0.71513749 0.53880222 0.44527581
    outer loop
      vertex 0.03874232 0.04100738 0.03384293
      vertex 0.02681052 0.04462201 0.04863220
      vertex 0.03361933 0.03558487 0.04863220
    endloop
  endfacet
  facet normal 0.56590454 0.67855829 0.46830621
    outer loop
      vertex 0.03089597 0.05142163 0.03384293
      vertex 0.02150037 0.05925738 0.03384293
      vertex 0.01865732 0.05142163 0.04863220
    endloop
  endfacet
  facet normal 0.56590454 0.67855829 0.46830621
    outer loop
      vertex 0.03089597 0.05142163 0.03384293
      vertex 0.01865732 0.05142163 0.04863220
      vertex 0.02681052 0.04462201 0.04863220
    endloop
  endfacet
  facet normal 0.36728203 0.79081843 0.48960201
    outer loop
      vertex 0.02150037 0.05925738 0.03384293
      vertex 0.01102664 0.06412172 0.03384293
      vertex 0.00956856 0.05564274 0.04863220
    endloop
  endfacet
  facet normal 0.36728203 0.79081843 0.48960201
    outer loop
      vertex 0.02150037 0.05925738 0.03384293
      vertex 0.00956856 0.05564274 0.04863220
      vertex 0.01865732 0.05142163 0.04863220
    endloop
  endfacet
  facet normal 0.12785205 0.85492478 0.50274992
    outer loop
      vertex 0.01102664 0.06412172 0.03384293
      vertex 0.00000000 0.06577073 0.03384293
      vertex 0.00000000 0.05707370 0.04863220
    endloop
  endfacet
  facet normal 0.12785205 0.85492478 0.50274992
    outer loop
      vertex 0.01102664 0.06412172 0.03384293
      vertex 0.00000000 0.05707370 0.04863220
      vertex 0.00956856 0.05564274 0.04863220
    endloop
  endfacet
  facet normal -0.12785205 0.85492478 0.50274992
    outer loop
      vertex 0.00000000 0.06577073 0.03384293
      vertex -0.01102664 0.06412172 0.03384293
      vertex -0.00956856 0.05564274 0.04863220
    endloop
  endfacet
  facet normal -0.12785205 0.85492478 0.50274992
    outer loop
      vertex 0.00000000 0.06577073 0.03384293
      vertex -0.00956856 0.05564274 0.04863220
      vertex 0.00000000 0.05707370 0.04863220
    endloop
  endfacet
  facet normal -0.36728203 0.79081843 0.48960201
    outer loop
      vertex -0.01102664 0.06412172 0.03384293
      vertex -0.02150037 0.05925738 0.03384293
      vertex -0.01865732 0.05142163 0.04863220
    endloop
  endfacet
  facet normal -0.36728203 0.79081843 0.48960201
    outer loop
      vertex -0.01102664 0.06412172 0.03384293
      vertex -0.01865732 0.05142163 0.04863220
      vertex -0.00956856 0.05564274 0.04863220
    endloop
  endfacet
  facet normal -0.56590454 0.67855829 0.46830621
    outer loop
      vertex -0.02150037 0.05925738 0.03384293
      vertex -0.03089597 0.05142163 0.03384293
      vertex -0.02681052 0.04462201 0.04863220
    endloop
  endfacet
  facet normal -0.56590454 0.67855829 0.46830621
    outer loop
      vertex -0.02150037 0.05925738 0.03384293
      vertex -0.02681052 0.04462201 0.04863220
      vertex -0.01865732 0.05142163 0.04863220
    endloop
  endfacet
  facet normal -0.71513749 0.53880222 0.44527581
    outer loop
      vertex -0.03089597 0.05142163 0.03384293
      vertex -0.03874232 0.04100738 0.03384293
      vertex -0.03361933 0.03558487 0.04863220
    endloop
  endfacet
  facet normal -0.71513749 0.53880222 0.44527581
    outer loop
      vertex -0.03089597 0.05142163 0.03384293
      vertex -0.03361933 0.03558487 0.04863220
      vertex -0.02681052 0.04462201 0.04863220
    endloop
  endfacet
  facet normal -0.81800053 0.38724807 0.42533994
    outer loop
      vertex -0.03874232 0.04100738 0.03384293
      vertex -0.04464597 0.02853685 0.03384293
      vertex -0.03874232 0.02476335 0.04863220
    endloop
  endfacet
  facet normal -0.81800053 0.38724807 0.42533994
    outer loop
      vertex -0.03874232 0.04100738 0.03384293
      vertex -0.03874232 0.02476335 0.04863220
      vertex -0.03361933 0.03558487 0.04863220
    endloop
  endfacet
  facet normal -0.88144908 0.23238056 0.41115301
    outer loop
      vertex -0.04464597 0.02853685 0.03384293
      vertex -0.04831088 0.01463536 0.03384293
      vertex -0.04192261 0.01270009 0.04863220
    endloop
  endfacet
  facet normal -0.88144908 0.23238056 0.41115301
    outer loop
      vertex -0.04464597 0.02853685 0.03384293
      vertex -0.04192261 0.01270009 0.04863220
      vertex -0.03874232 0.02476335 0.04863220
    endloop
  endfacet
  facet normal -0.91153884 0.07738105 0.40386769
    outer loop
      vertex -0.04831088 0.01463536 0.03384293
      vertex -0.04955329 0.00000000 0.03384293
      vertex -0.04300073 0.00000000 0.04863220
    endloop
  endfacet
  facet normal -0.91153884 0.07738105 0.40386769
    outer loop
      vertex -0.04831088 0.01463536 0.03384293
      vertex -0.04300073 0.00000000 0.04863220
      vertex -0.04192261 0.01270009 0.04863220
    endloop
  endfacet
  facet normal -0.91153884 -0.07738105 0.40386769
    outer loop
      vertex -0.04955329 0.00000000 0.03384293
      vertex -0.04831088 -0.01463536 0.03384293
      vertex -0.04192261 -0.01270009 0.04863220
    endloop
  endfacet
  facet normal -0.91153884 -0.07738105 0.40386769
    outer loop
      vertex -0.04955329 0.00000000 0.03384293
      vertex -0.04192261 -0.01270009 0.04863220
      vertex -0.04300073 0.00000000 0.04863220
    endloop
  endfacet
  facet normal -0.88144908 -0.23238056 0.41115301
    outer loop
      vertex -0.04831088 -0.01463536 0.03384293
      vertex -0.04464597 -0.02853685 0.03384293
      vertex -0.03874232 -0.02476335 0.04863220
    endloop
  endfacet
  facet normal -0.88144908 -0.23238056 0.41115301
    outer loop
      vertex -0.04831088 -0.01463536 0.03384293
      vertex -0.03874232 -0.02476335 0.04863220
      vertex -0.04192261 -0.01270009 0.04863220
    endloop
  endfacet
  facet normal -0.81800053 -0.38724807 0.42533994
    outer loop
      vertex -0.04464597 -0.02853685 0.03384293
      vertex -0.03874232 -0.04100738 0.03384293
      vertex -0.03361933 -0.03558487 0.04863220
    endloop
  endfacet
  facet normal -0.81800053 -0.38724807 0.42533994
    outer loop
      vertex -0.04464597 -0.02853685 0.03384293
      vertex -0.03361933 -0.03558487 0.04863220
      vertex -0.03874232 -0.02476335 0.04863220
    endloop
  endfacet
  facet normal -0.71513749 -0.53880222 0.44527581
    outer loop
      vertex -0.03874232 -0.04100738 0.03384293
      vertex -0.03089597 -0.05142163 0.03384293
      vertex -0.02681052 -0.04462201 0.04863220
    endloop
  endfacet
  facet normal -0.71513749 -0.53880222 0.44527581
    outer loop
      vertex -0.03874232 -0.04100738 0.03384293
      vertex -0.02681052 -0.04462201 0.04863220
      vertex -0.03361933 -0.03558487 0.04863220
    endloop
  endfacet
  facet normal -0.56590454 -0.67855829 0.46830621
    outer loop
      vertex -0.03089597 -0.05142163 0.03384293
      vertex -0.02150037 -0.05925738 0.03384293
      vertex -0.01865732 -0.05142163 0.04863220
    endloop
  endfacet
  facet normal -0.56590454 -0.67855829 0.46830621
    outer loop
      vertex -0.03089597 -0.05142163 0.03384293
      vertex -0.01865732 -0.05142163 0.04863220
      vertex -0.02681052 -0.04462201 0.04863220
    endloop
  endfacet
  facet normal -0.36728203 -0.79081843 0.48960201
    outer loop
      vertex -0.02150037 -0.05925738 0.03384293
      vertex -0.01102664 -0.06412172 0.03384293
      vertex -0.00956856 -0.05564274 0.04863220
    endloop
  endfacet
  facet normal -0.36728203 -0.79081843 0.48960201
    outer loop
      vertex -0.02150037 -0.05925738 0.03384293
      vertex -0.00956856 -0.05564274 0.04863220
      vertex -0.01865732 -0.05142163 0.04863220
    endloop
  endfacet
  facet normal -0.12785205 -0.85492478 0.50274992
    outer loop
      vertex -0.01102664 -0.06412172 0.03384293
      vertex -0.00000000 -0.06577073 0.03384293
      vertex -0.00000000 -0.05707370 0.04863220
    endloop
  endfacet
  facet normal -0.12785205 -0.85492478 0.50274992
    outer loop
      vertex -0.01102664 -0.06412172 0.03384293
      vertex -0.00000000 -0.05707370 0.04863220
      vertex -0.00956856 -0.05564274 0.04863220
    endloop
  endfacet
  facet normal 0.12785205 -0.85492478 0.50274992
    outer loop
      vertex -0.00000000 -0.06577073 0.03384293
      vertex 0.01102664 -0.06412172 0.03384293
      vertex 0.00956856 -0.05564274 0.04863220
    endloop
  endfacet
  facet normal 0.12785205 -0.85492478 0.50274992
    outer loop
      vertex -0.00000000 -0.06577073 0.03384293
      vertex 0.00956856 -0.05564274 0.04863220
      vertex -0.00000000 -0.05707370 0.04863220
    endloop
  endfacet
  facet normal 0.36728203 -0.79081843 0.48960201
    outer loop
      vertex 0.01102664 -0.06412172 0.03384293
      vertex 0.02150037 -0.05925738 0.03384293
      vertex 0.01865732 -0.05142163 0.04863220
    endloop
  endfacet
  facet normal 0.36728203 -0.79081843 0.48960201
    outer loop
      vertex 0.01102664 -0.06412172 0.03384293
      vertex 0.01865732 -0.05142163 0.04863220
      vertex 0.00956856 -0.05564274 0.04863220
    endloop
  endfacet
  facet normal 0.56590454 -0.67855829 0.46830621
    outer loop
      vertex 0.02150037 -0.05925738 0.03384293
      vertex 0.03089597 -0.05142163 0.03384293
      vertex 0.02681052 -0.04462201 0.04863220
    endloop
  endfacet
  facet normal 0.56590454 -0.67855829 0.46830621
    outer loop
      vertex 0.02150037 -0.05925738 0.03384293
      vertex 0.02681052 -0.04462201 0.04863220
      vertex 0.01865732 -0.05142163 0.04863220
    endloop
  endfacet
  facet normal 0.71513749 -0.53880222 0.44527581
    outer loop
      vertex 0.03089597 -0.05142163 0.03384293
      vertex 0.03874232 -0.04100738 0.03384293
      vertex 0.03361933 -0.03558487 0.04863220
    endloop
  endfacet
  facet normal 0.71513749 -0.53880222 0.44527581
    outer loop
      vertex 0.03089597 -0.05142163 0.03384293
      vertex 0.03361933 -0.03558487 0.04863220
      vertex 0.02681052 -0.04462201 0.04863220
    endloop
  endfacet
  facet normal 0.81800053 -0.38724807 0.42533994
    outer loop
      vertex 0.03874232 -0.04100738 0.03384293
      vertex 0.04464597 -0.02853685 0.03384293
      vertex 0.03874232 -0.02476335 0.04863220
    endloop
  endfacet
  facet normal 0.81800053 -0.38724807 0.42533994
    outer loop
      vertex 0.03874232 -0.04100738 0.03384293
      vertex 0.03874232 -0.02476335 0.04863220
      vertex 0.03361933 -0.03558487 0.04863220
    endloop
  endfacet
  facet normal 0.88144908 -0.23238056 0.41115301
    outer loop
      vertex 0.04464597 -0.02853685 0.03384293
      vertex 0.04831088 -0.01463536 0.03384293
      vertex 0.04192261 -0.01270009 0.04863220
    endloop
  endfacet
  facet normal 0.88144908 -0.23238056 0.41115301
    outer loop
      vertex 0.04464597 -0.02853685 0.03384293
      vertex 0.04192261 -0.01270009 0.04863220
      vertex 0.03874232 -0.02476335 0.04863220
    endloop
  endfacet
  facet normal 0.91153884 -0.07738105 0.40386769
    outer loop
      vertex 0.04831088 -0.01463536 0.03384293
      vertex 0.04955329 0.00000000 0.03384293
      vertex 0.04300073 0.00000000 0.04863220
    endloop
  endfacet
  facet normal 0.91153884 -0.07738105 0.40386769
    outer loop
      vertex 0.04831088 -0.01463536 0.03384293
      vertex 0.04300073 0.00000000 0.04863220
      vertex 0.04192261 -0.01270009 0.04863220
    endloop
  endfacet
  facet normal 0.81529838 0.06921114 0.57488988
    outer loop
      vertex 0.04300073 0.00000000 0.04863220
      vertex 0.04192261 0.01270009 0.04863220
      vertex 0.03343217 0.01012799 0.06098286
    endloop
  endfacet
  facet normal 0.81529838 0.06921114 0.57488988
    outer loop
      vertex 0.04300073 0.00000000 0.04863220
      vertex 0.03343217 0.01012799 0.06098286
      vertex 0.03429194 0.00000000 0.06098286
    endloop
  endfacet
  facet normal 0.78553092 0.20709320 0.58314114
    outer loop
      vertex 0.04192261 0.01270009 0.04863220
      vertex 0.03874232 0.02476335 0.04863220
      vertex 0.03089597 0.01974811 0.06098286
    endloop
  endfacet
  facet normal 0.78553092 0.20709320 0.58314114
    outer loop
      vertex 0.04192261 0.01270009 0.04863220
      vertex 0.03089597 0.01974811 0.06098286
      vertex 0.03343217 0.01012799 0.06098286
    endloop
  endfacet
  facet normal 0.72377726 0.34264201 0.59895153
    outer loop
      vertex 0.03874232 0.02476335 0.04863220
      vertex 0.03361933 0.03558487 0.04863220
      vertex 0.02681052 0.02837799 0.06098286
    endloop
  endfacet
  facet normal 0.72377726 0.34264201 0.59895153
    outer loop
      vertex 0.03874232 0.02476335 0.04863220
      vertex 0.02681052 0.02837799 0.06098286
      vertex 0.03089597 0.01974811 0.06098286
    endloop
  endfacet
  facet normal 0.62627411 0.47185036 0.62059486
    outer loop
      vertex 0.03361933 0.03558487 0.04863220
      vertex 0.02681052 0.04462201 0.04863220
      vertex 0.02138067 0.03558487 0.06098286
    endloop
  endfacet
  facet normal 0.62627411 0.47185036 0.62059486
    outer loop
      vertex 0.03361933 0.03558487 0.04863220
      vertex 0.02138067 0.03558487 0.06098286
      vertex 0.02681052 0.02837799 0.06098286
    endloop
  endfacet
  facet normal 0.48956740 0.58702483 0.64476787
    outer loop
      vertex 0.02681052 0.04462201 0.04863220
      vertex 0.01865732 0.05142163 0.04863220
      vertex 0.01487871 0.04100738 0.06098286
    endloop
  endfacet
  facet normal 0.48956740 0.58702483 0.64476787
    outer loop
      vertex 0.02681052 0.04462201 0.04863220
      vertex 0.01487871 0.04100738 0.06098286
      vertex 0.02138067 0.03558487 0.06098286
    endloop
  endfacet
  facet normal 0.31408402 0.67627440 0.66633637
    outer loop
      vertex 0.01865732 0.05142163 0.04863220
      vertex 0.00956856 0.05564274 0.04863220
      vertex 0.00763067 0.04437361 0.06098286
    endloop
  endfacet
  facet normal 0.31408402 0.67627440 0.66633637
    outer loop
      vertex 0.01865732 0.05142163 0.04863220
      vertex 0.00763067 0.04437361 0.06098286
      vertex 0.01487871 0.04100738 0.06098286
    endloop
  endfacet
  facet normal 0.10854279 0.72580704 0.67928095
    outer loop
      vertex 0.00956856 0.05564274 0.04863220
      vertex 0.00000000 0.05707370 0.04863220
      vertex 0.00000000 0.04551476 0.06098286
    endloop
  endfacet
  facet normal 0.10854279 0.72580704 0.67928095
    outer loop
      vertex 0.00956856 0.05564274 0.04863220
      vertex 0.00000000 0.04551476 0.06098286
      vertex 0.00763067 0.04437361 0.06098286
    endloop
  endfacet
  facet normal -0.10854279 0.72580704 0.67928095
    outer loop
      vertex 0.00000000 0.05707370 0.04863220
      vertex -0.00956856 0.05564274 0.04863220
      vertex -0.00763067 0.04437361 0.06098286
    endloop
  endfacet
  facet normal -0.10854279 0.72580704 0.67928095
    outer loop
      vertex 0.00000000 0.05707370 0.04863220
      vertex -0.00763067 0.04437361 0.06098286
      vertex 0.00000000 0.04551476 0.06098286
    endloop
  endfacet
  facet normal -0.31408402 0.67627440 0.66633637
    outer loop
      vertex -0.00956856 0.05564274 0.04863220
      vertex -0.01865732 0.05142163 0.04863220
      vertex -0.01487871 0.04100738 0.06098286
    endloop
  endfacet
  facet normal -0.31408402 0.67627440 0.66633637
    outer loop
      vertex -0.00956856 0.05564274 0.04863220
      vertex -0.01487871 0.04100738 0.06098286
      vertex -0.00763067 0.04437361 0.06098286
    endloop
  endfacet
  facet normal -0.48956740 0.58702483 0.64476787
    outer loop
      vertex -0.01865732 0.05142163 0.04863220
      vertex -0.02681052 0.04462201 0.04863220
      vertex -0.02138067 0.03558487 0.06098286
    endloop
  endfacet
  facet normal -0.48956740 0.58702483 0.64476787
    outer loop
      vertex -0.01865732 0.05142163 0.04863220
      vertex -0.02138067 0.03558487 0.06098286
      vertex -0.01487871 0.04100738 0.06098286
    endloop
  endfacet
  facet normal -0.62627411 0.47185036 0.62059486
    outer loop
      vertex -0.02681052 0.04462201 0.04863220
      vertex -0.03361933 0.03558487 0.04863220
      vertex -0.02681052 0.02837799 0.06098286
    endloop
  endfacet
  facet normal -0.62627411 0.47185036 0.62059486
    outer loop
      vertex -0.02681052 0.04462201 0.04863220
      vertex -0.02681052 0.02837799 0.06098286
      vertex -0.02138067 0.03558487 0.06098286
    endloop
  endfacet
  facet normal -0.72377726 0.34264201 0.59895153
    outer loop
      vertex -0.03361933 0.03558487 0.04863220
      vertex -0.03874232 0.02476335 0.04863220
      vertex -0.03089597 0.01974811 0.06098286
    endloop
  endfacet
  facet normal -0.72377726 0.34264201 0.59895153
    outer loop
      vertex -0.03361933 0.03558487 0.04863220
      vertex -0.03089597 0.01974811 0.06098286
      vertex -0.02681052 0.02837799 0.06098286
    endloop
  endfacet
  facet normal -0.78553092 0.20709320 0.58314114
    outer loop
      vertex -0.03874232 0.02476335 0.04863220
      vertex -0.04192261 0.01270009 0.04863220
      vertex -0.03343217 0.01012799 0.06098286
    endloop
  endfacet
  facet normal -0.78553092 0.20709320 0.58314114
    outer loop
      vertex -0.03874232 0.02476335 0.04863220
      vertex -0.03343217 0.01012799 0.06098286
      vertex -0.03089597 0.01974811 0.06098286
    endloop
  endfacet
  facet normal -0.81529838 0.06921114 0.57488988
    outer loop
      vertex -0.04192261 0.01270009 0.04863220
      vertex -0.04300073 0.00000000 0.04863220
      vertex -0.03429194 0.00000000 0.06098286
    endloop
  endfacet
  facet normal -0.81529838 0.06921114 0.57488988
    outer loop
      vertex -0.04192261 0.01270009 0.04863220
      vertex -0.03429194 0.00000000 0.06098286
      vertex -0.03343217 0.01012799 0.06098286
    endloop
  endfacet
  facet normal -0.81529838 -0.06921114 0.57488988
    outer loop
      vertex -0.04300073 0.00000000 0.04863220
      vertex -0.04192261 -0.01270009 0.04863220
      vertex -0.03343217 -0.01012799 0.06098286
    endloop
  endfacet
  facet normal -0.81529838 -0.06921114 0.57488988
    outer loop
      vertex -0.04300073 0.00000000 0.04863220
      vertex -0.03343217 -0.01012799 0.06098286
      vertex -0.03429194 0.00000000 0.06098286
    endloop
  endfacet
  facet normal -0.78553092 -0.20709320 0.58314114
    outer loop
      vertex -0.04192261 -0.01270009 0.04863220
      vertex -0.03874232 -0.02476335 0.04863220
      vertex -0.03089597 -0.01974811 0.06098286
    endloop
  endfacet
  facet normal -0.78553092 -0.20709320 0.58314114
    outer loop
      vertex -0.04192261 -0.01270009 0.04863220
      vertex -0.03089597 -0.01974811 0.06098286
      vertex -0.03343217 -0.01012799 0.06098286
    endloop
  endfacet
  facet normal -0.72377726 -0.34264201 0.59895153
    outer loop
      vertex -0.03874232 -0.02476335 0.04863220
      vertex -0.03361933 -0.03558487 0.04863220
      vertex -0.02681052 -0.02837799 0.06098286
    endloop
  endfacet
  facet normal -0.72377726 -0.34264201 0.59895153
    outer loop
      vertex -0.03874232 -0.02476335 0.04863220
      vertex -0.02681052 -0.02837799 0.06098286
      vertex -0.03089597 -0.01974811 0.06098286
    endloop
  endfacet
  facet normal -0.62627411 -0.47185036 0.62059486
    outer loop
      vertex -0.03361933 -0.03558487 0.04863220
      vertex -0.02681052 -0.04462201 0.04863220
      vertex -0.02138067 -0.03558487 0.06098286
    endloop
  endfacet
  facet normal -0.62627411 -0.47185036 0.62059486
    outer loop
      vertex -0.03361933 -0.03558487 0.04863220
      vertex -0.02138067 -0.03558487 0.06098286
      vertex -0.02681052 -0.02837799 0.06098286
    endloop
  endfacet
  facet normal -0.48956740 -0.58702483 0.64476787
    outer loop
      vertex -0.02681052 -0.04462201 0.04863220
      vertex -0.01865732 -0.05142163 0.04863220
      vertex -0.01487871 -0.04100738 0.06098286
    endloop
  endfacet
  facet normal -0.48956740 -0.58702483 0.64476787
    outer loop
      vertex -0.02681052 -0.04462201 0.04863220
      vertex -0.01487871 -0.04100738 0.06098286
      vertex -0.02138067 -0.03558487 0.06098286
    endloop
  endfacet
  facet normal -0.31408402 -0.67627440 0.66633637
    outer loop
      vertex -0.01865732 -0.05142163 0.04863220
      vertex -0.00956856 -0.05564274 0.04863220
      vertex -0.00763067 -0.04437361 0.06098286
    endloop
  endfacet
  facet normal -0.31408402 -0.67627440 0.66633637
    outer loop
      vertex -0.01865732 -0.05142163 0.04863220
      vertex -0.00763067 -0.04437361 0.06098286
      vertex -0.01487871 -0.04100738 0.06098286
    endloop
  endfacet
  facet normal -0.10854279 -0.72580704 0.67928095
    outer loop
      vertex -0.00956856 -0.05564274 0.04863220
      vertex -0.00000000 -0.05707370 0.04863220
      vertex -0.00000000 -0.04551476 0.06098286
    endloop
  endfacet
  facet normal -0.10854279 -0.72580704 0.67928095
    outer loop
      vertex -0.00956856 -0.05564274 0.04863220
      vertex -0.00000000 -0.04551476 0.06098286
      vertex -0.00763067 -0.04437361 0.06098286
    endloop
  endfacet
  facet normal 0.10854279 -0.72580704 0.67928095
    outer loop
      vertex -0.00000000 -0.05707370 0.04863220
      vertex 0.00956856 -0.05564274 0.04863220
      vertex 0.00763067 -0.04437361 0.06098286
    endloop
  endfacet
  facet normal 0.10854279 -0.72580704 0.67928095
    outer loop
      vertex -0.00000000 -0.05707370 0.04863220
      vertex 0.00763067 -0.04437361 0.06098286
      vertex -0.00000000 -0.04551476 0.06098286
    endloop
  endfacet
  facet normal 0.31408402 -0.67627440 0.66633637
    outer loop
      vertex 0.00956856 -0.05564274 0.04863220
      vertex 0.01865732 -0.05142163 0.04863220
      vertex 0.01487871 -0.04100738 0.06098286
    endloop
  endfacet
  facet normal 0.31408402 -0.67627440 0.66633637
    outer loop
      vertex 0.00956856 -0.05564274 0.04863220
      vertex 0.01487871 -0.04100738 0.06098286
      vertex 0.00763067 -0.04437361 0.06098286
    endloop
  endfacet
  facet normal 0.48956740 -0.58702483 0.64476787
    outer loop
      vertex 0.01865732 -0.05142163 0.04863220
      vertex 0.02681052 -0.04462201 0.04863220
      vertex 0.02138067 -0.03558487 0.06098286
    endloop
  endfacet
  facet normal 0.48956740 -0.58702483 0.64476787
    outer loop
      vertex 0.01865732 -0.05142163 0.04863220
      vertex 0.02138067 -0.03558487 0.06098286
      vertex 0.01487871 -0.04100738 0.06098286
    endloop
  endfacet
  facet normal 0.62627411 -0.47185036 0.62059486
    outer loop
      vertex 0.02681052 -0.04462201 0.04863220
      vertex 0.03361933 -0.03558487 0.04863220
      vertex 0.02681052 -0.02837799 0.06098286
    endloop
  endfacet
  facet normal 0.62627411 -0.47185036 0.62059486
    outer loop
      vertex 0.02681052 -0.04462201 0.04863220
      vertex 0.02681052 -0.02837799 0.06098286
      vertex 0.02138067 -0.03558487 0.06098286
    endloop
  endfacet
  facet normal 0.72377726 -0.34264201 0.59895153
    outer loop
      vertex 0.03361933 -0.03558487 0.04863220
      vertex 0.03874232 -0.02476335 0.04863220
      vertex 0.03089597 -0.01974811 0.06098286
    endloop
  endfacet
  facet normal 0.72377726 -0.34264201 0.59895153
    outer loop
      vertex 0.03361933 -0.03558487 0.04863220
      vertex 0.03089597 -0.01974811 0.06098286
      vertex 0.02681052 -0.02837799 0.06098286
    endloop
  endfacet
  facet normal 0.78553092 -0.20709320 0.58314114
    outer loop
      vertex 0.03874232 -0.02476335 0.04863220
      vertex 0.04192261 -0.01270009 0.04863220
      vertex 0.03343217 -0.01012799 0.06098286
    endloop
  endfacet
  facet normal 0.78553092 -0.20709320 0.58314114
    outer loop
      vertex 0.03874232 -0.02476335 0.04863220
      vertex 0.03343217 -0.01012799 0.06098286
      vertex 0.03089597 -0.01974811 0.06098286
    endloop
  endfacet
  facet normal 0.81529838 -0.06921114 0.57488988
    outer loop
      vertex 0.04192261 -0.01270009 0.04863220
      vertex 0.04300073 0.00000000 0.04863220
      vertex 0.03429194 0.00000000 0.06098286
    endloop
  endfacet
  facet normal 0.81529838 -0.06921114 0.57488988
    outer loop
      vertex 0.04192261 -0.01270009 0.04863220
      vertex 0.03429194 0.00000000 0.06098286
      vertex 0.03343217 -0.01012799 0.06098286
    endloop
  endfacet
  facet normal 0.66422815 0.05638671 0.74540023
    outer loop
      vertex 0.03429194 0.00000000 0.06098286
      vertex 0.03343217 0.01012799 0.06098286
      vertex 0.02326530 0.00704802 0.07027557
    endloop
  endfacet
  facet normal 0.66422815 0.05638671 0.74540023
    outer loop
      vertex 0.03429194 0.00000000 0.06098286
      vertex 0.02326530 0.00704802 0.07027557
      vertex 0.02386361 0.00000000 0.07027557
    endloop
  endfacet
  facet normal 0.63688813 0.16790580 0.75245010
    outer loop
      vertex 0.03343217 0.01012799 0.06098286
      vertex 0.03089597 0.01974811 0.06098286
      vertex 0.02150037 0.01374262 0.07027557
    endloop
  endfacet
  facet normal 0.63688813 0.16790580 0.75245010
    outer loop
      vertex 0.03343217 0.01012799 0.06098286
      vertex 0.02150037 0.01374262 0.07027557
      vertex 0.02326530 0.00704802 0.07027557
    endloop
  endfacet
  facet normal 0.58137126 0.27522586 0.76567498
    outer loop
      vertex 0.03089597 0.01974811 0.06098286
      vertex 0.02681052 0.02837799 0.06098286
      vertex 0.01865732 0.01974811 0.07027557
    endloop
  endfacet
  facet normal 0.58137126 0.27522586 0.76567498
    outer loop
      vertex 0.03089597 0.01974811 0.06098286
      vertex 0.01865732 0.01974811 0.07027557
      vertex 0.02150037 0.01374262 0.07027557
    endloop
  endfacet
  facet normal 0.49661206 0.37415977 0.78318639
    outer loop
      vertex 0.02681052 0.02837799 0.06098286
      vertex 0.02138067 0.03558487 0.06098286
      vertex 0.01487871 0.02476335 0.07027557
    endloop
  endfacet
  facet normal 0.49661206 0.37415977 0.78318639
    outer loop
      vertex 0.02681052 0.02837799 0.06098286
      vertex 0.01487871 0.02476335 0.07027557
      vertex 0.01865732 0.01974811 0.07027557
    endloop
  endfacet
  facet normal 0.38260975 0.45877528 0.80195699
    outer loop
      vertex 0.02138067 0.03558487 0.06098286
      vertex 0.01487871 0.04100738 0.06098286
      vertex 0.01035403 0.02853685 0.07027557
    endloop
  endfacet
  facet normal 0.38260975 0.45877528 0.80195699
    outer loop
      vertex 0.02138067 0.03558487 0.06098286
      vertex 0.01035403 0.02853685 0.07027557
      vertex 0.01487871 0.02476335 0.07027557
    endloop
  endfacet
  facet normal 0.24227864 0.52166563 0.81802569
    outer loop
      vertex 0.01487871 0.04100738 0.06098286
      vertex 0.00763067 0.04437361 0.06098286
      vertex 0.00531015 0.03087939 0.07027557
    endloop
  endfacet
  facet normal 0.24227864 0.52166563 0.81802569
    outer loop
      vertex 0.01487871 0.04100738 0.06098286
      vertex 0.00531015 0.03087939 0.07027557
      vertex 0.01035403 0.02853685 0.07027557
    endloop
  endfacet
  facet normal 0.08307063 0.55547909 0.82737068
    outer loop
      vertex 0.00763067 0.04437361 0.06098286
      vertex 0.00000000 0.04551476 0.06098286
      vertex 0.00000000 0.03167351 0.07027557
    endloop
  endfacet
  facet normal 0.08307063 0.55547909 0.82737068
    outer loop
      vertex 0.00763067 0.04437361 0.06098286
      vertex 0.00000000 0.03167351 0.07027557
      vertex 0.00531015 0.03087939 0.07027557
    endloop
  endfacet
  facet normal -0.08307063 0.55547909 0.82737068
    outer loop
      vertex 0.00000000 0.04551476 0.06098286
      vertex -0.00763067 0.04437361 0.06098286
      vertex -0.00531015 0.03087939 0.07027557
    endloop
  endfacet
  facet normal -0.08307063 0.55547909 0.82737068
    outer loop
      vertex 0.00000000 0.04551476 0.06098286
      vertex -0.00531015 0.03087939 0.07027557
      vertex 0.00000000 0.03167351 0.07027557
    endloop
  endfacet
  facet normal -0.24227864 0.52166563 0.81802569
    outer loop
      vertex -0.00763067 0.04437361 0.06098286
      vertex -0.01487871 0.04100738 0.06098286
      vertex -0.01035403 0.02853685 0.07027557
    endloop
  endfacet
  facet normal -0.24227864 0.52166563 0.81802569
    outer loop
      vertex -0.00763067 0.04437361 0.06098286
      vertex -0.01035403 0.02853685 0.07027557
      vertex -0.00531015 0.03087939 0.07027557
    endloop
  endfacet
  facet normal -0.38260975 0.45877528 0.80195699
    outer loop
      vertex -0.01487871 0.04100738 0.06098286
      vertex -0.02138067 0.03558487 0.06098286
      vertex -0.01487871 0.02476335 0.07027557
    endloop
  endfacet
  facet normal -0.38260975 0.45877528 0.80195699
    outer loop
      vertex -0.01487871 0.04100738 0.06098286
      vertex -0.01487871 0.02476335 0.07027557
      vertex -0.01035403 0.02853685 0.07027557
    endloop
  endfacet
  facet normal -0.49661206 0.37415977 0.78318639
    outer loop
      vertex -0.02138067 0.03558487 0.06098286
      vertex -0.02681052 0.02837799 0.06098286
      vertex -0.01865732 0.01974811 0.07027557
    endloop
  endfacet
  facet normal -0.49661206 0.37415977 0.78318639
    outer loop
      vertex -0.02138067 0.03558487 0.06098286
      vertex -0.01865732 0.01974811 0.07027557
      vertex -0.01487871 0.02476335 0.07027557
    endloop
  endfacet
  facet normal -0.58137126 0.27522586 0.76567498
    outer loop
      vertex -0.02681052 0.02837799 0.06098286
      vertex -0.03089597 0.01974811 0.06098286
      vertex -0.02150037 0.01374262 0.07027557
    endloop
  endfacet
  facet normal -0.58137126 0.27522586 0.76567498
    outer loop
      vertex -0.02681052 0.02837799 0.06098286
      vertex -0.02150037 0.01374262 0.07027557
      vertex -0.01865732 0.01974811 0.07027557
    endloop
  endfacet
  facet normal -0.63688813 0.16790580 0.75245010
    outer loop
      vertex -0.03089597 0.01974811 0.06098286
      vertex -0.03343217 0.01012799 0.06098286
      vertex -0.02326530 0.00704802 0.07027557
    endloop
  endfacet
  facet normal -0.63688813 0.16790580 0.75245010
    outer loop
      vertex -0.03089597 0.01974811 0.06098286
      vertex -0.02326530 0.00704802 0.07027557
      vertex -0.02150037 0.01374262 0.07027557
    endloop
  endfacet
  facet normal -0.66422815 0.05638671 0.74540023
    outer loop
      vertex -0.03343217 0.01012799 0.06098286
      vertex -0.03429194 0.00000000 0.06098286
      vertex -0.02386361 0.00000000 0.07027557
    endloop
  endfacet
  facet normal -0.66422815 0.05638671 0.74540023
    outer loop
      vertex -0.03343217 0.01012799 0.06098286
      vertex -0.02386361 0.00000000 0.07027557
      vertex -0.02326530 0.00704802 0.07027557
    endloop
  endfacet
  facet normal -0.66422815 -0.05638671 0.74540023
    outer loop
      vertex -0.03429194 0.00000000 0.06098286
      vertex -0.03343217 -0.01012799 0.06098286
      vertex -0.02326530 -0.00704802 0.07027557
    endloop
  endfacet
  facet normal -0.66422815 -0.05638671 0.74540023
    outer loop
      vertex -0.03429194 0.00000000 0.06098286
      vertex -0.02326530 -0.00704802 0.07027557
      vertex -0.02386361 0.00000000 0.07027557
    endloop
  endfacet
  facet normal -0.63688813 -0.16790580 0.75245010
    outer loop
      vertex -0.03343217 -0.01012799 0.06098286
      vertex -0.03089597 -0.01974811 0.06098286
      vertex -0.02150037 -0.01374262 0.07027557
    endloop
  endfacet
  facet normal -0.63688813 -0.16790580 0.75245010
    outer loop
      vertex -0.03343217 -0.01012799 0.06098286
      vertex -0.02150037 -0.01374262 0.07027557
      vertex -0.02326530 -0.00704802 0.07027557
    endloop
  endfacet
  facet normal -0.58137126 -0.27522586 0.76567498
    outer loop
      vertex -0.03089597 -0.01974811 0.06098286
      vertex -0.02681052 -0.02837799 0.06098286
      vertex -0.01865732 -0.01974811 0.07027557
    endloop
  endfacet
  facet normal -0.58137126 -0.27522586 0.76567498
    outer loop
      vertex -0.03089597 -0.01974811 0.06098286
      vertex -0.01865732 -0.01974811 0.07027557
      vertex -0.02150037 -0.01374262 0.07027557
    endloop
  endfacet
  facet normal -0.49661206 -0.37415977 0.78318639
    outer loop
      vertex -0.02681052 -0.02837799 0.06098286
      vertex -0.02138067 -0.03558487 0.06098286
      vertex -0.01487871 -0.02476335 0.07027557
    endloop
  endfacet
  facet normal -0.49661206 -0.37415977 0.78318639
    outer loop
      vertex -0.02681052 -0.02837799 0.06098286
      vertex -0.01487871 -0.02476335 0.07027557
      vertex -0.01865732 -0.01974811 0.07027557
    endloop
  endfacet
  facet normal -0.38260975 -0.45877528 0.80195699
    outer loop
      vertex -0.02138067 -0.03558487 0.06098286
      vertex -0.01487871 -0.04100738 0.06098286
      vertex -0.01035403 -0.02853685 0.07027557
    endloop
  endfacet
  facet normal -0.38260975 -0.45877528 0.80195699
    outer loop
      vertex -0.02138067 -0.03558487 0.06098286
      vertex -0.01035403 -0.02853685 0.07027557
      vertex -0.01487871 -0.02476335 0.07027557
    endloop
  endfacet
  facet normal -0.24227864 -0.52166563 0.81802569
    outer loop
      vertex -0.01487871 -0.04100738 0.06098286
      vertex -0.00763067 -0.04437361 0.06098286
      vertex -0.00531015 -0.03087939 0.07027557
    endloop
  endfacet
  facet normal -0.24227864 -0.52166563 0.81802569
    outer loop
      vertex -0.01487871 -0.04100738 0.06098286
      vertex -0.00531015 -0.03087939 0.07027557
      vertex -0.01035403 -0.02853685 0.07027557
    endloop
  endfacet
  facet normal -0.08307063 -0.55547909 0.82737068
    outer loop
      vertex -0.00763067 -0.04437361 0.06098286
      vertex -0.00000000 -0.04551476 0.06098286
      vertex -0.00000000 -0.03167351 0.07027557
    endloop
  endfacet
  facet normal -0.08307063 -0.55547909 0.82737068
    outer loop
      vertex -0.00763067 -0.04437361 0.06098286
      vertex -0.00000000 -0.03167351 0.07027557
      vertex -0.00531015 -0.03087939 0.07027557
    endloop
  endfacet
  facet normal 0.08307063 -0.55547909 0.82737068
    outer loop
      vertex -0.00000000 -0.04551476 0.06098286
      vertex 0.00763067 -0.04437361 0.06098286
      vertex 0.00531015 -0.03087939 0.07027557
    endloop
  endfacet
  facet normal 0.08307063 -0.55547909 0.82737068
    outer loop
      vertex -0.00000000 -0.04551476 0.06098286
      vertex 0.00531015 -0.03087939 0.07027557
      vertex -0.00000000 -0.03167351 0.07027557
    endloop
  endfacet
  facet normal 0.24227864 -0.52166563 0.81802569
    outer loop
      vertex 0.00763067 -0.04437361 0.06098286
      vertex 0.01487871 -0.04100738 0.06098286
      vertex 0.01035403 -0.02853685 0.07027557
    endloop
  endfacet
  facet normal 0.24227864 -0.52166563 0.81802569
    outer loop
      vertex 0.00763067 -0.04437361 0.06098286
      vertex 0.01035403 -0.02853685 0.07027557
      vertex 0.00531015 -0.03087939 0.07027557
    endloop
  endfacet
  facet normal 0.38260975 -0.45877528 0.80195699
    outer loop
      vertex 0.01487871 -0.04100738 0.06098286
      vertex 0.02138067 -0.03558487 0.06098286
      vertex 0.01487871 -0.02476335 0.07027557
    endloop
  endfacet
  facet normal 0.38260975 -0.45877528 0.80195699
    outer loop
      vertex 0.01487871 -0.04100738 0.06098286
      vertex 0.01487871 -0.02476335 0.07027557
      vertex 0.01035403 -0.02853685 0.07027557
    endloop
  endfacet
  facet normal 0.49661206 -0.37415977 0.78318639
    outer loop
      vertex 0.02138067 -0.03558487 0.06098286
      vertex 0.02681052 -0.02837799 0.06098286
      vertex 0.01865732 -0.01974811 0.07027557
    endloop
  endfacet
  facet normal 0.49661206 -0.37415977 0.78318639
    outer loop
      vertex 0.02138067 -0.03558487 0.06098286
      vertex 0.01865732 -0.01974811 0.07027557
      vertex 0.01487871 -0.02476335 0.07027557
    endloop
  endfacet
  facet normal 0.58137126 -0.27522586 0.76567498
    outer loop
      vertex 0.02681052 -0.02837799 0.06098286
      vertex 0.03089597 -0.01974811 0.06098286
      vertex 0.02150037 -0.01374262 0.07027557
    endloop
  endfacet
  facet normal 0.58137126 -0.27522586 0.76567498
    outer loop
      vertex 0.02681052 -0.02837799 0.06098286
      vertex 0.02150037 -0.01374262 0.07027557
      vertex 0.01865732 -0.01974811 0.07027557
    endloop
  endfacet
  facet normal 0.63688813 -0.16790580 0.75245010
    outer loop
      vertex 0.03089597 -0.01974811 0.06098286
      vertex 0.03343217 -0.01012799 0.06098286
      vertex 0.02326530 -0.00704802 0.07027557
    endloop
  endfacet
  facet normal 0.63688813 -0.16790580 0.75245010
    outer loop
      vertex 0.03089597 -0.01974811 0.06098286
      vertex 0.02326530 -0.00704802 0.07027557
      vertex 0.02150037 -0.01374262 0.07027557
    endloop
  endfacet
  facet normal 0.66422815 -0.05638671 0.74540023
    outer loop
      vertex 0.03343217 -0.01012799 0.06098286
      vertex 0.03429194 0.00000000 0.06098286
      vertex 0.02386361 0.00000000 0.07027557
    endloop
  endfacet
  facet normal 0.66422815 -0.05638671 0.74540023
    outer loop
      vertex 0.03343217 -0.01012799 0.06098286
      vertex 0.02386361 0.00000000 0.07027557
      vertex 0.02326530 -0.00704802 0.07027557
    endloop
  endfacet
  facet normal 0.44420329 0.03770867 0.89513211
    outer loop
      vertex 0.02386361 0.00000000 0.07027557
      vertex 0.02326530 0.00704802 0.07027557
      vertex 0.01193180 0.00361464 0.07604438
    endloop
  endfacet
  facet normal 0.44420329 0.03770867 0.89513211
    outer loop
      vertex 0.02386361 0.00000000 0.07027557
      vertex 0.01193180 0.00361464 0.07604438
      vertex 0.01223865 0.00000000 0.07604438
    endloop
  endfacet
  facet normal 0.42369985 0.11170198 0.89888882
    outer loop
      vertex 0.02326530 0.00704802 0.07027557
      vertex 0.02150037 0.01374262 0.07027557
      vertex 0.01102664 0.00704802 0.07604438
    endloop
  endfacet
  facet normal 0.42369985 0.11170198 0.89888882
    outer loop
      vertex 0.02326530 0.00704802 0.07027557
      vertex 0.01102664 0.00704802 0.07604438
      vertex 0.01193180 0.00361464 0.07604438
    endloop
  endfacet
  facet normal 0.38299964 0.18131513 0.90577928
    outer loop
      vertex 0.02150037 0.01374262 0.07027557
      vertex 0.01865732 0.01974811 0.07027557
      vertex 0.00956856 0.01012799 0.07604438
    endloop
  endfacet
  facet normal 0.38299964 0.18131513 0.90577928
    outer loop
      vertex 0.02150037 0.01374262 0.07027557
      vertex 0.00956856 0.01012799 0.07604438
      vertex 0.01102664 0.00704802 0.07604438
    endloop
  endfacet
  facet normal 0.32296029 0.24332625 0.91459772
    outer loop
      vertex 0.01865732 0.01974811 0.07027557
      vertex 0.01487871 0.02476335 0.07027557
      vertex 0.00763067 0.01270009 0.07604438
    endloop
  endfacet
  facet normal 0.32296029 0.24332625 0.91459772
    outer loop
      vertex 0.01865732 0.01974811 0.07027557
      vertex 0.00763067 0.01270009 0.07604438
      vertex 0.00956856 0.01012799 0.07604438
    endloop
  endfacet
  facet normal 0.24541032 0.29426378 0.92367884
    outer loop
      vertex 0.01487871 0.02476335 0.07027557
      vertex 0.01035403 0.02853685 0.07027557
      vertex 0.00531015 0.01463536 0.07604438
    endloop
  endfacet
  facet normal 0.24541032 0.29426378 0.92367884
    outer loop
      vertex 0.01487871 0.02476335 0.07027557
      vertex 0.00531015 0.01463536 0.07604438
      vertex 0.00763067 0.01270009 0.07604438
    endloop
  endfacet
  facet normal 0.15358168 0.33068653 0.93116008
    outer loop
      vertex 0.01035403 0.02853685 0.07027557
      vertex 0.00531015 0.03087939 0.07027557
      vertex 0.00272336 0.01583676 0.07604438
    endloop
  endfacet
  facet normal 0.15358168 0.33068653 0.93116008
    outer loop
      vertex 0.01035403 0.02853685 0.07027557
      vertex 0.00272336 0.01583676 0.07604438
      vertex 0.00531015 0.01463536 0.07604438
    endloop
  endfacet
  facet normal 0.05230070 0.34972582 0.93539109
    outer loop
      vertex 0.00531015 0.03087939 0.07027557
      vertex 0.00000000 0.03167351 0.07027557
      vertex 0.00000000 0.01624403 0.07604438
    endloop
  endfacet
  facet normal 0.05230070 0.34972582 0.93539109
    outer loop
      vertex 0.00531015 0.03087939 0.07027557
      vertex 0.00000000 0.01624403 0.07604438
      vertex 0.00272336 0.01583676 0.07604438
    endloop
  endfacet
  facet normal -0.05230070 0.34972582 0.93539109
    outer loop
      vertex 0.00000000 0.03167351 0.07027557
      vertex -0.00531015 0.03087939 0.07027557
      vertex -0.00272336 0.01583676 0.07604438
    endloop
  endfacet
  facet normal -0.05230070 0.34972582 0.93539109
    outer loop
      vertex 0.00000000 0.03167351 0.07027557
      vertex -0.00272336 0.01583676 0.07604438
      vertex 0.00000000 0.01624403 0.07604438
    endloop
  endfacet
  facet normal -0.15358168 0.33068653 0.93116008
    outer loop
      vertex -0.00531015 0.03087939 0.07027557
      vertex -0.01035403 0.02853685 0.07027557
      vertex -0.00531015 0.01463536 0.07604438
    endloop
  endfacet
  facet normal -0.15358168 0.33068653 0.93116008
    outer loop
      vertex -0.00531015 0.03087939 0.07027557
      vertex -0.00531015 0.01463536 0.07604438
      vertex -0.00272336 0.01583676 0.07604438
    endloop
  endfacet
  facet normal -0.24541032 0.29426378 0.92367884
    outer loop
      vertex -0.01035403 0.02853685 0.07027557
      vertex -0.01487871 0.02476335 0.07027557
      vertex -0.00763067 0.01270009 0.07604438
    endloop
  endfacet
  facet normal -0.24541032 0.29426378 0.92367884
    outer loop
      vertex -0.01035403 0.02853685 0.07027557
      vertex -0.00763067 0.01270009 0.07604438
      vertex -0.00531015 0.01463536 0.07604438
    endloop
  endfacet
  facet normal -0.32296029 0.24332625 0.91459772
    outer loop
      vertex -0.01487871 0.02476335 0.07027557
      vertex -0.01865732 0.01974811 0.07027557
      vertex -0.00956856 0.01012799 0.07604438
    endloop
  endfacet
  facet normal -0.32296029 0.24332625 0.91459772
    outer loop
      vertex -0.01487871 0.02476335 0.07027557
      vertex -0.00956856 0.01012799 0.07604438
      vertex -0.00763067 0.01270009 0.07604438
    endloop
  endfacet
  facet normal -0.38299964 0.18131513 0.90577928
    outer loop
      vertex -0.01865732 0.01974811 0.07027557
      vertex -0.02150037 0.01374262 0.07027557
      vertex -0.01102664 0.00704802 0.07604438
    endloop
  endfacet
  facet normal -0.38299964 0.18131513 0.90577928
    outer loop
      vertex -0.01865732 0.01974811 0.07027557
      vertex -0.01102664 0.00704802 0.07604438
      vertex -0.00956856 0.01012799 0.07604438
    endloop
  endfacet
  facet normal -0.42369985 0.11170198 0.89888882
    outer loop
      vertex -0.02150037 0.01374262 0.07027557
      vertex -0.02326530 0.00704802 0.07027557
      vertex -0.01193180 0.00361464 0.07604438
    endloop
  endfacet
  facet normal -0.42369985 0.11170198 0.89888882
    outer loop
      vertex -0.02150037 0.01374262 0.07027557
      vertex -0.01193180 0.00361464 0.07604438
      vertex -0.01102664 0.00704802 0.07604438
    endloop
  endfacet
  facet normal -0.44420329 0.03770867 0.89513211
    outer loop
      vertex -0.02326530 0.00704802 0.07027557
      vertex -0.02386361 0.00000000 0.07027557
      vertex -0.01223865 0.00000000 0.07604438
    endloop
  endfacet
  facet normal -0.44420329 0.03770867 0.89513211
    outer loop
      vertex -0.02326530 0.00704802 0.07027557
      vertex -0.01223865 0.00000000 0.07604438
      vertex -0.01193180 0.00361464 0.07604438
    endloop
  endfacet
  facet normal -0.44420329 -0.03770867 0.89513211
    outer loop
      vertex -0.02386361 0.00000000 0.07027557
      vertex -0.02326530 -0.00704802 0.07027557
      vertex -0.01193180 -0.00361464 0.07604438
    endloop
  endfacet
  facet normal -0.44420329 -0.03770867 0.89513211
    outer loop
      vertex -0.02386361 0.00000000 0.07027557
      vertex -0.01193180 -0.00361464 0.07604438
      vertex -0.01223865 0.00000000 0.07604438
    endloop
  endfacet
  facet normal -0.42369985 -0.11170198 0.89888882
    outer loop
      vertex -0.02326530 -0.00704802 0.07027557
      vertex -0.02150037 -0.01374262 0.07027557
      vertex -0.01102664 -0.00704802 0.07604438
    endloop
  endfacet
  facet normal -0.42369985 -0.11170198 0.89888882
    outer loop
      vertex -0.02326530 -0.00704802 0.07027557
      vertex -0.01102664 -0.00704802 0.07604438
      vertex -0.01193180 -0.00361464 0.07604438
    endloop
  endfacet
  facet normal -0.38299964 -0.18131513 0.90577928
    outer loop
      vertex -0.02150037 -0.01374262 0.07027557
      vertex -0.01865732 -0.01974811 0.07027557
      vertex -0.00956856 -0.01012799 0.07604438
    endloop
  endfacet
  facet normal -0.38299964 -0.18131513 0.90577928
    outer loop
      vertex -0.02150037 -0.01374262 0.07027557
      vertex -0.00956856 -0.01012799 0.07604438
      vertex -0.01102664 -0.00704802 0.07604438
    endloop
  endfacet
  facet normal -0.32296029 -0.24332625 0.91459772
    outer loop
      vertex -0.01865732 -0.01974811 0.07027557
      vertex -0.01487871 -0.02476335 0.07027557
      vertex -0.00763067 -0.01270009 0.07604438
    endloop
  endfacet
  facet normal -0.32296029 -0.24332625 0.91459772
    outer loop
      vertex -0.01865732 -0.01974811 0.07027557
      vertex -0.00763067 -0.01270009 0.07604438
      vertex -0.00956856 -0.01012799 0.07604438
    endloop
  endfacet
  facet normal -0.24541032 -0.29426378 0.92367884
    outer loop
      vertex -0.01487871 -0.02476335 0.07027557
      vertex -0.01035403 -0.02853685 0.07027557
      vertex -0.00531015 -0.01463536 0.07604438
    endloop
  endfacet
  facet normal -0.24541032 -0.29426378 0.92367884
    outer loop
      vertex -0.01487871 -0.02476335 0.07027557
      vertex -0.00531015 -0.01463536 0.07604438
      vertex -0.00763067 -0.01270009 0.07604438
    endloop
  endfacet
  facet normal -0.15358168 -0.33068653 0.93116008
    outer loop
      vertex -0.01035403 -0.02853685 0.07027557
      vertex -0.00531015 -0.03087939 0.07027557
      vertex -0.00272336 -0.01583676 0.07604438
    endloop
  endfacet
  facet normal -0.15358168 -0.33068653 0.93116008
    outer loop
      vertex -0.01035403 -0.02853685 0.07027557
      vertex -0.00272336 -0.01583676 0.07604438
      vertex -0.00531015 -0.01463536 0.07604438
    endloop
  endfacet
  facet normal -0.05230070 -0.34972582 0.93539109
    outer loop
      vertex -0.00531015 -0.03087939 0.07027557
      vertex -0.00000000 -0.03167351 0.07027557
      vertex -0.00000000 -0.01624403 0.07604438
    endloop
  endfacet
  facet normal -0.05230070 -0.34972582 0.93539109
    outer loop
      vertex -0.00531015 -0.03087939 0.07027557
      vertex -0.00000000 -0.01624403 0.07604438
      vertex -0.00272336 -0.01583676 0.07604438
    endloop
  endfacet
  facet normal 0.05230070 -0.34972582 0.93539109
    outer loop
      vertex -0.00000000 -0.03167351 0.07027557
      vertex 0.00531015 -0.03087939 0.07027557
      vertex 0.00272336 -0.01583676 0.07604438
    endloop
  endfacet
  facet normal 0.05230070 -0.34972582 0.93539109
    outer loop
      vertex -0.00000000 -0.03167351 0.07027557
      vertex 0.00272336 -0.01583676 0.07604438
      vertex -0.00000000 -0.01624403 0.07604438
    endloop
  endfacet
  facet normal 0.15358168 -0.33068653 0.93116008
    outer loop
      vertex 0.00531015 -0.03087939 0.07027557
      vertex 0.01035403 -0.02853685 0.07027557
      vertex 0.00531015 -0.01463536 0.07604438
    endloop
  endfacet
  facet normal 0.15358168 -0.33068653 0.93116008
    outer loop
      vertex 0.00531015 -0.03087939 0.07027557
      vertex 0.00531015 -0.01463536 0.07604438
      vertex 0.00272336 -0.01583676 0.07604438
    endloop
  endfacet
  facet normal 0.24541032 -0.29426378 0.92367884
    outer loop
      vertex 0.01035403 -0.02853685 0.07027557
      vertex 0.01487871 -0.02476335 0.07027557
      vertex 0.00763067 -0.01270009 0.07604438
    endloop
  endfacet
  facet normal 0.24541032 -0.29426378 0.92367884
    outer loop
      vertex 0.01035403 -0.02853685 0.07027557
      vertex 0.00763067 -0.01270009 0.07604438
      vertex 0.00531015 -0.01463536 0.07604438
    endloop
  endfacet
  facet normal 0.32296029 -0.24332625 0.91459772
    outer loop
      vertex 0.01487871 -0.02476335 0.07027557
      vertex 0.01865732 -0.01974811 0.07027557
      vertex 0.00956856 -0.01012799 0.07604438
    endloop
  endfacet
  facet normal 0.32296029 -0.24332625 0.91459772
    outer loop
      vertex 0.01487871 -0.02476335 0.07027557
      vertex 0.00956856 -0.01012799 0.07604438
      vertex 0.00763067 -0.01270009 0.07604438
    endloop
  endfacet
  facet normal 0.38299964 -0.18131513 0.90577928
    outer loop
      vertex 0.01865732 -0.01974811 0.07027557
      vertex 0.02150037 -0.01374262 0.07027557
      vertex 0.01102664 -0.00704802 0.07604438
    endloop
  endfacet
  facet normal 0.38299964 -0.18131513 0.90577928
    outer loop
      vertex 0.01865732 -0.01974811 0.07027557
      vertex 0.01102664 -0.00704802 0.07604438
      vertex 0.00956856 -0.01012799 0.07604438
    endloop
  endfacet
  facet normal 0.42369985 -0.11170198 0.89888882
    outer loop
      vertex 0.02150037 -0.01374262 0.07027557
      vertex 0.02326530 -0.00704802 0.07027557
      vertex 0.01193180 -0.00361464 0.07604438
    endloop
  endfacet
  facet normal 0.42369985 -0.11170198 0.89888882
    outer loop
      vertex 0.02150037 -0.01374262 0.07027557
      vertex 0.01193180 -0.00361464 0.07604438
      vertex 0.01102664 -0.00704802 0.07604438
    endloop
  endfacet
  facet normal 0.44420329 -0.03770867 0.89513211
    outer loop
      vertex 0.02326530 -0.00704802 0.07027557
      vertex 0.02386361 0.00000000 0.07027557
      vertex 0.01223865 0.00000000 0.07604438
    endloop
  endfacet
  facet normal 0.44420329 -0.03770867 0.89513211
    outer loop
      vertex 0.02326530 -0.00704802 0.07027557
      vertex 0.01223865 0.00000000 0.07604438
      vertex 0.01193180 -0.00361464 0.07604438
    endloop
  endfacet
  facet normal 0.15777484 0.01339360 0.98738428
    outer loop
      vertex 0.01223865 0.00000000 0.07604438
      vertex 0.01193180 0.00361464 0.07604438
      vertex 0.00000000 0.00000000 0.07800000
    endloop
  endfacet
  facet normal 0.14994226 0.03952998 0.98790420
    outer loop
      vertex 0.01193180 0.00361464 0.07604438
      vertex 0.01102664 0.00704802 0.07604438
      vertex 0.00000000 0.00000000 0.07800000
    endloop
  endfacet
  facet normal 0.13463572 0.06373764 0.98884313
    outer loop
      vertex 0.01102664 0.00704802 0.07604438
      vertex 0.00956856 0.01012799 0.07604438
      vertex 0.00000000 0.00000000 0.07800000
    endloop
  endfacet
  facet normal 0.11256902 0.08481228 0.99001772
    outer loop
      vertex 0.00956856 0.01012799 0.07604438
      vertex 0.00763067 0.01270009 0.07604438
      vertex 0.00000000 0.00000000 0.07800000
    endloop
  endfacet
  facet normal 0.08479856 0.10167928 0.99119651
    outer loop
      vertex 0.00763067 0.01270009 0.07604438
      vertex 0.00531015 0.01463536 0.07604438
      vertex 0.00000000 0.00000000 0.07800000
    endloop
  endfacet
  facet normal 0.05269229 0.11345513 0.99214488
    outer loop
      vertex 0.00531015 0.01463536 0.07604438
      vertex 0.00272336 0.01583676 0.07604438
      vertex 0.00000000 0.00000000 0.07800000
    endloop
  endfacet
  facet normal 0.01787216 0.11950809 0.99267235
    outer loop
      vertex 0.00272336 0.01583676 0.07604438
      vertex 0.00000000 0.01624403 0.07604438
      vertex 0.00000000 0.00000000 0.07800000
    endloop
  endfacet
  facet normal -0.01787216 0.11950809 0.99267235
    outer loop
      vertex 0.00000000 0.01624403 0.07604438
      vertex -0.00272336 0.01583676 0.07604438
      vertex 0.00000000 0.00000000 0.07800000
    endloop
  endfacet
  facet normal -0.05269229 0.11345513 0.99214488
    outer loop
      vertex -0.00272336 0.01583676 0.07604438
      vertex -0.00531015 0.01463536 0.07604438
      vertex -0.00000000 0.00000000 0.07800000
    endloop
  endfacet
  facet normal -0.08479856 0.10167928 0.99119651
    outer loop
      vertex -0.00531015 0.01463536 0.07604438
      vertex -0.00763067 0.01270009 0.07604438
      vertex -0.00000000 0.00000000 0.07800000
    endloop
  endfacet
  facet normal -0.11256902 0.08481228 0.99001772
    outer loop
      vertex -0.00763067 0.01270009 0.07604438
      vertex -0.00956856 0.01012799 0.07604438
      vertex -0.00000000 0.00000000 0.07800000
    endloop
  endfacet
  facet normal -0.13463572 0.06373764 0.98884313
    outer loop
      vertex -0.00956856 0.01012799 0.07604438
      vertex -0.01102664 0.00704802 0.07604438
      vertex -0.00000000 0.00000000 0.07800000
    endloop
  endfacet
  facet normal -0.14994226 0.03952998 0.98790420
    outer loop
      vertex -0.01102664 0.00704802 0.07604438
      vertex -0.01193180 0.00361464 0.07604438
      vertex -0.00000000 0.00000000 0.07800000
    endloop
  endfacet
  facet normal -0.15777484 0.01339360 0.98738428
    outer loop
      vertex -0.01193180 0.00361464 0.07604438
      vertex -0.01223865 0.00000000 0.07604438
      vertex -0.00000000 0.00000000 0.07800000
    endloop
  endfacet
  facet normal -0.15777484 -0.01339360 0.98738428
    outer loop
      vertex -0.01223865 0.00000000 0.07604438
      vertex -0.01193180 -0.00361464 0.07604438
      vertex -0.00000000 0.00000000 0.07800000
    endloop
  endfacet
  facet normal -0.14994226 -0.03952998 0.98790420
    outer loop
      vertex -0.01193180 -0.00361464 0.07604438
      vertex -0.01102664 -0.00704802 0.07604438
      vertex -0.00000000 -0.00000000 0.07800000
    endloop
  endfacet
  facet normal -0.13463572 -0.06373764 0.98884313
    outer loop
      vertex -0.01102664 -0.00704802 0.07604438
      vertex -0.00956856 -0.01012799 0.07604438
      vertex -0.00000000 -0.00000000 0.07800000
    endloop
  endfacet
  facet normal -0.11256902 -0.08481228 0.99001772
    outer loop
      vertex -0.00956856 -0.01012799 0.07604438
      vertex -0.00763067 -0.01270009 0.07604438
      vertex -0.00000000 -0.00000000 0.07800000
    endloop
  endfacet
  facet normal -0.08479856 -0.10167928 0.99119651
    outer loop
      vertex -0.00763067 -0.01270009 0.07604438
      vertex -0.00531015 -0.01463536 0.07604438
      vertex -0.00000000 -0.00000000 0.07800000
    endloop
  endfacet
  facet normal -0.05269229 -0.11345513 0.99214488
    outer loop
      vertex -0.00531015 -0.01463536 0.07604438
      vertex -0.00272336 -0.01583676 0.07604438
      vertex -0.00000000 -0.00000000 0.07800000
    endloop
  endfacet
  facet normal -0.01787216 -0.11950809 0.99267235
    outer loop
      vertex -0.00272336 -0.01583676 0.07604438
      vertex -0.00000000 -0.01624403 0.07604438
      vertex -0.00000000 -0.00000000 0.07800000
    endloop
  endfacet
  facet normal 0.01787216 -0.11950809 0.99267235
    outer loop
      vertex -0.00000000 -0.01624403 0.07604438
      vertex 0.00272336 -0.01583676 0.07604438
      vertex -0.00000000 -0.00000000 0.07800000
    endloop
  endfacet
  facet normal 0.05269229 -0.11345513 0.99214488
    outer loop
      vertex 0.00272336 -0.01583676 0.07604438
      vertex 0.00531015 -0.01463536 0.07604438
      vertex 0.00000000 -0.00000000 0.07800000
    endloop
  endfacet
  facet normal 0.08479856 -0.10167928 0.99119651
    outer loop
      vertex 0.00531015 -0.01463536 0.07604438
      vertex 0.00763067 -0.01270009 0.07604438
      vertex 0.00000000 -0.00000000 0.07800000
    endloop
  endfacet
  facet normal 0.11256902 -0.08481228 0.99001772
    outer loop
      vertex 0.00763067 -0.01270009 0.07604438
      vertex 0.00956856 -0.01012799 0.07604438
      vertex 0.00000000 -0.00000000 0.07800000
    endloop
  endfacet
  facet normal 0.13463572 -0.06373764 0.98884313
    outer loop
      vertex 0.00956856 -0.01012799 0.07604438
      vertex 0.01102664 -0.00704802 0.07604438
      vertex 0.00000000 -0.00000000 0.07800000
    endloop
  endfacet
  facet normal 0.14994226 -0.03952998 0.98790420
    outer loop
      vertex 0.01102664 -0.00704802 0.07604438
      vertex 0.01193180 -0.00361464 0.07604438
      vertex 0.00000000 -0.00000000 0.07800000
    endloop
  endfacet
  facet normal 0.15777484 -0.01339360 0.98738428
    outer loop
      vertex 0.01193180 -0.00361464 0.07604438
      vertex 0.01223865 0.00000000 0.07604438
      vertex 0.00000000 -0.00000000 0.07800000
    endloop
  endfacet
endsolid body_pod
