solid eye_ring
  facet normal 0.38143943 0.92087624 0.08056623
    outer loop
      vertex 0.00000000 0.02770000 0.00000000
      vertex 0.00000000 0.02727917 0.00481005
      vertex 0.00226274 0.02635616 0.00464730
    endloop
  endfacet
  facet normal 0.38143943 0.92087624 0.08056623
    outer loop
      vertex 0.00000000 0.02770000 0.00000000
      vertex 0.00226274 0.02635616 0.00464730
      vertex 0.00226274 0.02676274 0.00000000
    endloop
  endfacet
  facet normal 0.92336216 0.38246913 0.03346171
    outer loop
      vertex 0.00226274 0.02676274 0.00000000
      vertex 0.00226274 0.02635616 0.00464730
      vertex 0.00320000 0.02412779 0.00425438
    endloop
  endfacet
  facet normal 0.92336216 0.38246913 0.03346171
    outer loop
      vertex 0.00226274 0.02676274 0.00000000
      vertex 0.00320000 0.02412779 0.00425438
      vertex 0.00320000 0.02450000 0.00000000
    endloop
  endfacet
  facet normal 0.92336216 -0.38246913 -0.03346171
    outer loop
      vertex 0.00320000 0.02450000 0.00000000
      vertex 0.00320000 0.02412779 0.00425438
      vertex 0.00226274 0.02189942 0.00386146
    endloop
  endfacet
  facet normal 0.92336216 -0.38246913 -0.03346171
    outer loop
      vertex 0.00320000 0.02450000 0.00000000
      vertex 0.00226274 0.02189942 0.00386146
      vertex 0.00226274 0.02223726 0.00000000
    endloop
  endfacet
  facet normal 0.38143943 -0.92087624 -0.08056623
    outer loop
      vertex 0.00226274 0.02223726 0.00000000
      vertex 0.00226274 0.02189942 0.00386146
      vertex 0.00000000 0.02097641 0.00369871
    endloop
  endfacet
  facet normal 0.38143943 -0.92087624 -0.08056623
    outer loop
      vertex 0.00226274 0.02223726 0.00000000
      vertex 0.00000000 0.02097641 0.00369871
      vertex 0.00000000 0.02130000 0.00000000
    endloop
  endfacet
  facet normal -0.38143943 -0.92087624 -0.08056623
    outer loop
      vertex 0.00000000 0.02130000 0.00000000
      vertex 0.00000000 0.02097641 0.00369871
      vertex -0.00226274 0.02189942 0.00386146
    endloop
  endfacet
  facet normal -0.38143943 -0.92087624 -0.08056623
    outer loop
      vertex 0.00000000 0.02130000 0.00000000
      vertex -0.00226274 0.02189942 0.00386146
      vertex -0.00226274 0.02223726 0.00000000
    endloop
  endfacet
  facet normal -0.92336216 -0.38246913 -0.03346171
    outer loop
      vertex -0.00226274 0.02223726 0.00000000
      vertex -0.00226274 0.02189942 0.00386146
      vertex -0.00320000 0.02412779 0.00425438
    endloop
  endfacet
  facet normal -0.92336216 -0.38246913 -0.03346171
    outer loop
      vertex -0.00226274 0.02223726 0.00000000
      vertex -0.00320000 0.02412779 0.00425438
      vertex -0.00320000 0.02450000 0.00000000
    endloop
  endfacet
  facet normal -0.92336216 0.38246913 0.03346171
    outer loop
      vertex -0.00320000 0.02450000 0.00000000
      vertex -0.00320000 0.02412779 0.00425438
      vertex -0.00226274 0.02635616 0.00464730
    endloop
  endfacet
  facet normal -0.92336216 0.38246913 0.03346171
    outer loop
      vertex -0.00320000 0.02450000 0.00000000
      vertex -0.00226274 0.02635616 0.00464730
      vertex -0.00226274 0.02676274 0.00000000
    endloop
  endfacet
  facet normal -0.38143943 0.92087624 0.08056623
    outer loop
      vertex -0.00226274 0.02676274 0.00000000
      vertex -0.00226274 0.02635616 0.00464730
      vertex 0.00000000 0.02727917 0.00481005
    endloop
  endfacet
  facet normal -0.38143943 0.92087624 0.08056623
    outer loop
      vertex -0.00226274 0.02676274 0.00000000
      vertex 0.00000000 0.02727917 0.00481005
      vertex 0.00000000 0.02770000 0.00000000
    endloop
  endfacet
  facet normal 0.38143943 0.89289588 0.23925073
    outer loop
      vertex 0.00000000 0.02727917 0.00481005
      vertex 0.00000000 0.02602949 0.00947396
      vertex 0.00226274 0.02514875 0.00915340
    endloop
  endfacet
  facet normal 0.38143943 0.89289588 0.23925073
    outer loop
      vertex 0.00000000 0.02727917 0.00481005
      vertex 0.00226274 0.02514875 0.00915340
      vertex 0.00226274 0.02635616 0.00464730
    endloop
  endfacet
  facet normal 0.92336216 0.37084800 0.09936842
    outer loop
      vertex 0.00226274 0.02635616 0.00464730
      vertex 0.00226274 0.02514875 0.00915340
      vertex 0.00320000 0.02302247 0.00837949
    endloop
  endfacet
  facet normal 0.92336216 0.37084800 0.09936842
    outer loop
      vertex 0.00226274 0.02635616 0.00464730
      vertex 0.00320000 0.02302247 0.00837949
      vertex 0.00320000 0.02412779 0.00425438
    endloop
  endfacet
  facet normal 0.92336216 -0.37084800 -0.09936842
    outer loop
      vertex 0.00320000 0.02412779 0.00425438
      vertex 0.00320000 0.02302247 0.00837949
      vertex 0.00226274 0.02089619 0.00760559
    endloop
  endfacet
  facet normal 0.92336216 -0.37084800 -0.09936842
    outer loop
      vertex 0.00320000 0.02412779 0.00425438
      vertex 0.00226274 0.02089619 0.00760559
      vertex 0.00226274 0.02189942 0.00386146
    endloop
  endfacet
  facet normal 0.38143943 -0.89289588 -0.23925073
    outer loop
      vertex 0.00226274 0.02189942 0.00386146
      vertex 0.00226274 0.02089619 0.00760559
      vertex 0.00000000 0.02001545 0.00728503
    endloop
  endfacet
  facet normal 0.38143943 -0.89289588 -0.23925073
    outer loop
      vertex 0.00226274 0.02189942 0.00386146
      vertex 0.00000000 0.02001545 0.00728503
      vertex 0.00000000 0.02097641 0.00369871
    endloop
  endfacet
  facet normal -0.38143943 -0.89289588 -0.23925073
    outer loop
      vertex 0.00000000 0.02097641 0.00369871
      vertex 0.00000000 0.02001545 0.00728503
      vertex -0.00226274 0.02089619 0.00760559
    endloop
  endfacet
  facet normal -0.38143943 -0.89289588 -0.23925073
    outer loop
      vertex 0.00000000 0.02097641 0.00369871
      vertex -0.00226274 0.02089619 0.00760559
      vertex -0.00226274 0.02189942 0.00386146
    endloop
  endfacet
  facet normal -0.92336216 -0.37084800 -0.09936842
    outer loop
      vertex -0.00226274 0.02189942 0.00386146
      vertex -0.00226274 0.02089619 0.00760559
      vertex -0.00320000 0.02302247 0.00837949
    endloop
  endfacet
  facet normal -0.92336216 -0.37084800 -0.09936842
    outer loop
      vertex -0.00226274 0.02189942 0.00386146
      vertex -0.00320000 0.02302247 0.00837949
      vertex -0.00320000 0.02412779 0.00425438
    endloop
  endfacet
  facet normal -0.92336216 0.37084800 0.09936842
    outer loop
      vertex -0.00320000 0.02412779 0.00425438
      vertex -0.00320000 0.02302247 0.00837949
      vertex -0.00226274 0.02514875 0.00915340
    endloop
  endfacet
  facet normal -0.92336216 0.37084800 0.09936842
    outer loop
      vertex -0.00320000 0.02412779 0.00425438
      vertex -0.00226274 0.02514875 0.00915340
      vertex -0.00226274 0.02635616 0.00464730
    endloop
  endfacet
  facet normal -0.38143943 0.89289588 0.23925073
    outer loop
      vertex -0.00226274 0.02635616 0.00464730
      vertex -0.00226274 0.02514875 0.00915340
      vertex 0.00000000 0.02602949 0.00947396
    endloop
  endfacet
  facet normal -0.38143943 0.89289588 0.23925073
    outer loop
      vertex -0.00226274 0.02635616 0.00464730
      vertex 0.00000000 0.02602949 0.00947396
      vertex 0.00000000 0.02727917 0.00481005
    endloop
  endfacet
  facet normal 0.38143943 0.83778533 0.39066572
    outer loop
      vertex 0.00000000 0.02602949 0.00947396
      vertex 0.00000000 0.02398890 0.01385000
      vertex 0.00226274 0.02317721 0.01338137
    endloop
  endfacet
  facet normal 0.38143943 0.83778533 0.39066572
    outer loop
      vertex 0.00000000 0.02602949 0.00947396
      vertex 0.00226274 0.02317721 0.01338137
      vertex 0.00226274 0.02514875 0.00915340
    endloop
  endfacet
  facet normal 0.92336216 0.34795884 0.16225587
    outer loop
      vertex 0.00226274 0.02514875 0.00915340
      vertex 0.00226274 0.02317721 0.01338137
      vertex 0.00320000 0.02121762 0.01225000
    endloop
  endfacet
  facet normal 0.92336216 0.34795884 0.16225587
    outer loop
      vertex 0.00226274 0.02514875 0.00915340
      vertex 0.00320000 0.02121762 0.01225000
      vertex 0.00320000 0.02302247 0.00837949
    endloop
  endfacet
  facet normal 0.92336216 -0.34795884 -0.16225587
    outer loop
      vertex 0.00320000 0.02302247 0.00837949
      vertex 0.00320000 0.02121762 0.01225000
      vertex 0.00226274 0.01925803 0.01111863
    endloop
  endfacet
  facet normal 0.92336216 -0.34795884 -0.16225587
    outer loop
      vertex 0.00320000 0.02302247 0.00837949
      vertex 0.00226274 0.01925803 0.01111863
      vertex 0.00226274 0.02089619 0.00760559
    endloop
  endfacet
  facet normal 0.38143943 -0.83778533 -0.39066572
    outer loop
      vertex 0.00226274 0.02089619 0.00760559
      vertex 0.00226274 0.01925803 0.01111863
      vertex 0.00000000 0.01844634 0.01065000
    endloop
  endfacet
  facet normal 0.38143943 -0.83778533 -0.39066572
    outer loop
      vertex 0.00226274 0.02089619 0.00760559
      vertex 0.00000000 0.01844634 0.01065000
      vertex 0.00000000 0.02001545 0.00728503
    endloop
  endfacet
  facet normal -0.38143943 -0.83778533 -0.39066572
    outer loop
      vertex 0.00000000 0.02001545 0.00728503
      vertex 0.00000000 0.01844634 0.01065000
      vertex -0.00226274 0.01925803 0.01111863
    endloop
  endfacet
  facet normal -0.38143943 -0.83778533 -0.39066572
    outer loop
      vertex 0.00000000 0.02001545 0.00728503
      vertex -0.00226274 0.01925803 0.01111863
      vertex -0.00226274 0.02089619 0.00760559
    endloop
  endfacet
  facet normal -0.92336216 -0.34795884 -0.16225587
    outer loop
      vertex -0.00226274 0.02089619 0.00760559
      vertex -0.00226274 0.01925803 0.01111863
      vertex -0.00320000 0.02121762 0.01225000
    endloop
  endfacet
  facet normal -0.92336216 -0.34795884 -0.16225587
    outer loop
      vertex -0.00226274 0.02089619 0.00760559
      vertex -0.00320000 0.02121762 0.01225000
      vertex -0.00320000 0.02302247 0.00837949
    endloop
  endfacet
  facet normal -0.92336216 0.34795884 0.16225587
    outer loop
      vertex -0.00320000 0.02302247 0.00837949
      vertex -0.00320000 0.02121762 0.01225000
      vertex -0.00226274 0.02317721 0.01338137
    endloop
  endfacet
  facet normal -0.92336216 0.34795884 0.16225587
    outer loop
      vertex -0.00320000 0.02302247 0.00837949
      vertex -0.00226274 0.02317721 0.01338137
      vertex -0.00226274 0.02514875 0.00915340
    endloop
  endfacet
  facet normal -0.38143943 0.83778533 0.39066572
    outer loop
      vertex -0.00226274 0.02514875 0.00915340
      vertex -0.00226274 0.02317721 0.01338137
      vertex 0.00000000 0.02398890 0.01385000
    endloop
  endfacet
  facet normal -0.38143943 0.83778533 0.39066572
    outer loop
      vertex -0.00226274 0.02514875 0.00915340
      vertex 0.00000000 0.02398890 0.01385000
      vertex 0.00000000 0.02602949 0.00947396
    endloop
  endfacet
  facet normal 0.38143943 0.75721910 0.53021052
    outer loop
      vertex 0.00000000 0.02398890 0.01385000
      vertex 0.00000000 0.02121943 0.01780522
      vertex 0.00226274 0.02050145 0.01720276
    endloop
  endfacet
  facet normal 0.38143943 0.75721910 0.53021052
    outer loop
      vertex 0.00000000 0.02398890 0.01385000
      vertex 0.00226274 0.02050145 0.01720276
      vertex 0.00226274 0.02317721 0.01338137
    endloop
  endfacet
  facet normal 0.92336216 0.31449713 0.22021326
    outer loop
      vertex 0.00226274 0.02317721 0.01338137
      vertex 0.00226274 0.02050145 0.01720276
      vertex 0.00320000 0.01876809 0.01574830
    endloop
  endfacet
  facet normal 0.92336216 0.31449713 0.22021326
    outer loop
      vertex 0.00226274 0.02317721 0.01338137
      vertex 0.00320000 0.01876809 0.01574830
      vertex 0.00320000 0.02121762 0.01225000
    endloop
  endfacet
  facet normal 0.92336216 -0.31449713 -0.22021326
    outer loop
      vertex 0.00320000 0.02121762 0.01225000
      vertex 0.00320000 0.01876809 0.01574830
      vertex 0.00226274 0.01703473 0.01429383
    endloop
  endfacet
  facet normal 0.92336216 -0.31449713 -0.22021326
    outer loop
      vertex 0.00320000 0.02121762 0.01225000
      vertex 0.00226274 0.01703473 0.01429383
      vertex 0.00226274 0.01925803 0.01111863
    endloop
  endfacet
  facet normal 0.38143943 -0.75721910 -0.53021052
    outer loop
      vertex 0.00226274 0.01925803 0.01111863
      vertex 0.00226274 0.01703473 0.01429383
      vertex 0.00000000 0.01631675 0.01369138
    endloop
  endfacet
  facet normal 0.38143943 -0.75721910 -0.53021052
    outer loop
      vertex 0.00226274 0.01925803 0.01111863
      vertex 0.00000000 0.01631675 0.01369138
      vertex 0.00000000 0.01844634 0.01065000
    endloop
  endfacet
  facet normal -0.38143943 -0.75721910 -0.53021052
    outer loop
      vertex 0.00000000 0.01844634 0.01065000
      vertex 0.00000000 0.01631675 0.01369138
      vertex -0.00226274 0.01703473 0.01429383
    endloop
  endfacet
  facet normal -0.38143943 -0.75721910 -0.53021052
    outer loop
      vertex 0.00000000 0.01844634 0.01065000
      vertex -0.00226274 0.01703473 0.01429383
      vertex -0.00226274 0.01925803 0.01111863
    endloop
  endfacet
  facet normal -0.92336216 -0.31449713 -0.22021326
    outer loop
      vertex -0.00226274 0.01925803 0.01111863
      vertex -0.00226274 0.01703473 0.01429383
      vertex -0.00320000 0.01876809 0.01574830
    endloop
  endfacet
  facet normal -0.92336216 -0.31449713 -0.22021326
    outer loop
      vertex -0.00226274 0.01925803 0.01111863
      vertex -0.00320000 0.01876809 0.01574830
      vertex -0.00320000 0.02121762 0.01225000
    endloop
  endfacet
  facet normal -0.92336216 0.31449713 0.22021326
    outer loop
      vertex -0.00320000 0.02121762 0.01225000
      vertex -0.00320000 0.01876809 0.01574830
      vertex -0.00226274 0.02050145 0.01720276
    endloop
  endfacet
  facet normal -0.92336216 0.31449713 0.22021326
    outer loop
      vertex -0.00320000 0.02121762 0.01225000
      vertex -0.00226274 0.02050145 0.01720276
      vertex -0.00226274 0.02317721 0.01338137
    endloop
  endfacet
  facet normal -0.38143943 0.75721910 0.53021052
    outer loop
      vertex -0.00226274 0.02317721 0.01338137
      vertex -0.00226274 0.02050145 0.01720276
      vertex 0.00000000 0.02121943 0.01780522
    endloop
  endfacet
  facet normal -0.38143943 0.75721910 0.53021052
    outer loop
      vertex -0.00226274 0.02317721 0.01338137
      vertex 0.00000000 0.02121943 0.01780522
      vertex 0.00000000 0.02398890 0.01385000
    endloop
  endfacet
  facet normal 0.38143943 0.65364515 0.65364515
    outer loop
      vertex 0.00000000 0.02121943 0.01780522
      vertex 0.00000000 0.01780522 0.02121943
      vertex 0.00226274 0.01720276 0.02050145
    endloop
  endfacet
  facet normal 0.38143943 0.65364515 0.65364515
    outer loop
      vertex 0.00000000 0.02121943 0.01780522
      vertex 0.00226274 0.01720276 0.02050145
      vertex 0.00226274 0.02050145 0.01720276
    endloop
  endfacet
  facet normal 0.92336216 0.27147958 0.27147958
    outer loop
      vertex 0.00226274 0.02050145 0.01720276
      vertex 0.00226274 0.01720276 0.02050145
      vertex 0.00320000 0.01574830 0.01876809
    endloop
  endfacet
  facet normal 0.92336216 0.27147958 0.27147958
    outer loop
      vertex 0.00226274 0.02050145 0.01720276
      vertex 0.00320000 0.01574830 0.01876809
      vertex 0.00320000 0.01876809 0.01574830
    endloop
  endfacet
  facet normal 0.92336216 -0.27147958 -0.27147958
    outer loop
      vertex 0.00320000 0.01876809 0.01574830
      vertex 0.00320000 0.01574830 0.01876809
      vertex 0.00226274 0.01429383 0.01703473
    endloop
  endfacet
  facet normal 0.92336216 -0.27147958 -0.27147958
    outer loop
      vertex 0.00320000 0.01876809 0.01574830
      vertex 0.00226274 0.01429383 0.01703473
      vertex 0.00226274 0.01703473 0.01429383
    endloop
  endfacet
  facet normal 0.38143943 -0.65364515 -0.65364515
    outer loop
      vertex 0.00226274 0.01703473 0.01429383
      vertex 0.00226274 0.01429383 0.01703473
      vertex 0.00000000 0.01369138 0.01631675
    endloop
  endfacet
  facet normal 0.38143943 -0.65364515 -0.65364515
    outer loop
      vertex 0.00226274 0.01703473 0.01429383
      vertex 0.00000000 0.01369138 0.01631675
      vertex 0.00000000 0.01631675 0.01369138
    endloop
  endfacet
  facet normal -0.38143943 -0.65364515 -0.65364515
    outer loop
      vertex 0.00000000 0.01631675 0.01369138
      vertex 0.00000000 0.01369138 0.01631675
      vertex -0.00226274 0.01429383 0.01703473
    endloop
  endfacet
  facet normal -0.38143943 -0.65364515 -0.65364515
    outer loop
      vertex 0.00000000 0.01631675 0.01369138
      vertex -0.00226274 0.01429383 0.01703473
      vertex -0.00226274 0.01703473 0.01429383
    endloop
  endfacet
  facet normal -0.92336216 -0.27147958 -0.27147958
    outer loop
      vertex -0.00226274 0.01703473 0.01429383
      vertex -0.00226274 0.01429383 0.01703473
      vertex -0.00320000 0.01574830 0.01876809
    endloop
  endfacet
  facet normal -0.92336216 -0.27147958 -0.27147958
    outer loop
      vertex -0.00226274 0.01703473 0.01429383
      vertex -0.00320000 0.01574830 0.01876809
      vertex -0.00320000 0.01876809 0.01574830
    endloop
  endfacet
  facet normal -0.92336216 0.27147958 0.27147958
    outer loop
      vertex -0.00320000 0.01876809 0.01574830
      vertex -0.00320000 0.01574830 0.01876809
      vertex -0.00226274 0.01720276 0.02050145
    endloop
  endfacet
  facet normal -0.92336216 0.27147958 0.27147958
    outer loop
      vertex -0.00320000 0.01876809 0.01574830
      vertex -0.00226274 0.01720276 0.02050145
      vertex -0.00226274 0.02050145 0.01720276
    endloop
  endfacet
  facet normal -0.38143943 0.65364515 0.65364515
    outer loop
      vertex -0.00226274 0.02050145 0.01720276
      vertex -0.00226274 0.01720276 0.02050145
      vertex 0.00000000 0.01780522 0.02121943
    endloop
  endfacet
  facet normal -0.38143943 0.65364515 0.65364515
    outer loop
      vertex -0.00226274 0.02050145 0.01720276
      vertex 0.00000000 0.01780522 0.02121943
      vertex 0.00000000 0.02121943 0.01780522
    endloop
  endfacet
  facet normal 0.38143943 0.53021052 0.75721910
    outer loop
      vertex 0.00000000 0.01780522 0.02121943
      vertex 0.00000000 0.01385000 0.02398890
      vertex 0.00226274 0.01338137 0.02317721
    endloop
  endfacet
  facet normal 0.38143943 0.53021052 0.75721910
    outer loop
      vertex 0.00000000 0.01780522 0.02121943
      vertex 0.00226274 0.01338137 0.02317721
      vertex 0.00226274 0.01720276 0.02050145
    endloop
  endfacet
  facet normal 0.92336216 0.22021326 0.31449713
    outer loop
      vertex 0.00226274 0.01720276 0.02050145
      vertex 0.00226274 0.01338137 0.02317721
      vertex 0.00320000 0.01225000 0.02121762
    endloop
  endfacet
  facet normal 0.92336216 0.22021326 0.31449713
    outer loop
      vertex 0.00226274 0.01720276 0.02050145
      vertex 0.00320000 0.01225000 0.02121762
      vertex 0.00320000 0.01574830 0.01876809
    endloop
  endfacet
  facet normal 0.92336216 -0.22021326 -0.31449713
    outer loop
      vertex 0.00320000 0.01574830 0.01876809
      vertex 0.00320000 0.01225000 0.02121762
      vertex 0.00226274 0.01111863 0.01925803
    endloop
  endfacet
  facet normal 0.92336216 -0.22021326 -0.31449713
    outer loop
      vertex 0.00320000 0.01574830 0.01876809
      vertex 0.00226274 0.01111863 0.01925803
      vertex 0.00226274 0.01429383 0.01703473
    endloop
  endfacet
  facet normal 0.38143943 -0.53021052 -0.75721910
    outer loop
      vertex 0.00226274 0.01429383 0.01703473
      vertex 0.00226274 0.01111863 0.01925803
      vertex 0.00000000 0.01065000 0.01844634
    endloop
  endfacet
  facet normal 0.38143943 -0.53021052 -0.75721910
    outer loop
      vertex 0.00226274 0.01429383 0.01703473
      vertex 0.00000000 0.01065000 0.01844634
      vertex 0.00000000 0.01369138 0.01631675
    endloop
  endfacet
  facet normal -0.38143943 -0.53021052 -0.75721910
    outer loop
      vertex 0.00000000 0.01369138 0.01631675
      vertex 0.00000000 0.01065000 0.01844634
      vertex -0.00226274 0.01111863 0.01925803
    endloop
  endfacet
  facet normal -0.38143943 -0.53021052 -0.75721910
    outer loop
      vertex 0.00000000 0.01369138 0.01631675
      vertex -0.00226274 0.01111863 0.01925803
      vertex -0.00226274 0.01429383 0.01703473
    endloop
  endfacet
  facet normal -0.92336216 -0.22021326 -0.31449713
    outer loop
      vertex -0.00226274 0.01429383 0.01703473
      vertex -0.00226274 0.01111863 0.01925803
      vertex -0.00320000 0.01225000 0.02121762
    endloop
  endfacet
  facet normal -0.92336216 -0.22021326 -0.31449713
    outer loop
      vertex -0.00226274 0.01429383 0.01703473
      vertex -0.00320000 0.01225000 0.02121762
      vertex -0.00320000 0.01574830 0.01876809
    endloop
  endfacet
  facet normal -0.92336216 0.22021326 0.31449713
    outer loop
      vertex -0.00320000 0.01574830 0.01876809
      vertex -0.00320000 0.01225000 0.02121762
      vertex -0.00226274 0.01338137 0.02317721
    endloop
  endfacet
  facet normal -0.92336216 0.22021326 0.31449713
    outer loop
      vertex -0.00320000 0.01574830 0.01876809
      vertex -0.00226274 0.01338137 0.02317721
      vertex -0.00226274 0.01720276 0.02050145
    endloop
  endfacet
  facet normal -0.38143943 0.53021052 0.75721910
    outer loop
      vertex -0.00226274 0.01720276 0.02050145
      vertex -0.00226274 0.01338137 0.02317721
      vertex 0.00000000 0.01385000 0.02398890
    endloop
  endfacet
  facet normal -0.38143943 0.53021052 0.75721910
    outer loop
      vertex -0.00226274 0.01720276 0.02050145
      vertex 0.00000000 0.01385000 0.02398890
      vertex 0.00000000 0.01780522 0.02121943
    endloop
  endfacet
  facet normal 0.38143943 0.39066572 0.83778533
    outer loop
      vertex 0.00000000 0.01385000 0.02398890
      vertex 0.00000000 0.00947396 0.02602949
      vertex 0.00226274 0.00915340 0.02514875
    endloop
  endfacet
  facet normal 0.38143943 0.39066572 0.83778533
    outer loop
      vertex 0.00000000 0.01385000 0.02398890
      vertex 0.00226274 0.00915340 0.02514875
      vertex 0.00226274 0.01338137 0.02317721
    endloop
  endfacet
  facet normal 0.92336216 0.16225587 0.34795884
    outer loop
      vertex 0.00226274 0.01338137 0.02317721
      vertex 0.00226274 0.00915340 0.02514875
      vertex 0.00320000 0.00837949 0.02302247
    endloop
  endfacet
  facet normal 0.92336216 0.16225587 0.34795884
    outer loop
      vertex 0.00226274 0.01338137 0.02317721
      vertex 0.00320000 0.00837949 0.02302247
      vertex 0.00320000 0.01225000 0.02121762
    endloop
  endfacet
  facet normal 0.92336216 -0.16225587 -0.34795884
    outer loop
      vertex 0.00320000 0.01225000 0.02121762
      vertex 0.00320000 0.00837949 0.02302247
      vertex 0.00226274 0.00760559 0.02089619
    endloop
  endfacet
  facet normal 0.92336216 -0.16225587 -0.34795884
    outer loop
      vertex 0.00320000 0.01225000 0.02121762
      vertex 0.00226274 0.00760559 0.02089619
      vertex 0.00226274 0.01111863 0.01925803
    endloop
  endfacet
  facet normal 0.38143943 -0.39066572 -0.83778533
    outer loop
      vertex 0.00226274 0.01111863 0.01925803
      vertex 0.00226274 0.00760559 0.02089619
      vertex 0.00000000 0.00728503 0.02001545
    endloop
  endfacet
  facet normal 0.38143943 -0.39066572 -0.83778533
    outer loop
      vertex 0.00226274 0.01111863 0.01925803
      vertex 0.00000000 0.00728503 0.02001545
      vertex 0.00000000 0.01065000 0.01844634
    endloop
  endfacet
  facet normal -0.38143943 -0.39066572 -0.83778533
    outer loop
      vertex 0.00000000 0.01065000 0.01844634
      vertex 0.00000000 0.00728503 0.02001545
      vertex -0.00226274 0.00760559 0.02089619
    endloop
  endfacet
  facet normal -0.38143943 -0.39066572 -0.83778533
    outer loop
      vertex 0.00000000 0.01065000 0.01844634
      vertex -0.00226274 0.00760559 0.02089619
      vertex -0.00226274 0.01111863 0.01925803
    endloop
  endfacet
  facet normal -0.92336216 -0.16225587 -0.34795884
    outer loop
      vertex -0.00226274 0.01111863 0.01925803
      vertex -0.00226274 0.00760559 0.02089619
      vertex -0.00320000 0.00837949 0.02302247
    endloop
  endfacet
  facet normal -0.92336216 -0.16225587 -0.34795884
    outer loop
      vertex -0.00226274 0.01111863 0.01925803
      vertex -0.00320000 0.00837949 0.02302247
      vertex -0.00320000 0.01225000 0.02121762
    endloop
  endfacet
  facet normal -0.92336216 0.16225587 0.34795884
    outer loop
      vertex -0.00320000 0.01225000 0.02121762
      vertex -0.00320000 0.00837949 0.02302247
      vertex -0.00226274 0.00915340 0.02514875
    endloop
  endfacet
  facet normal -0.92336216 0.16225587 0.34795884
    outer loop
      vertex -0.00320000 0.01225000 0.02121762
      vertex -0.00226274 0.00915340 0.02514875
      vertex -0.00226274 0.01338137 0.02317721
    endloop
  endfacet
  facet normal -0.38143943 0.39066572 0.83778533
    outer loop
      vertex -0.00226274 0.01338137 0.02317721
      vertex -0.00226274 0.00915340 0.02514875
      vertex 0.00000000 0.00947396 0.02602949
    endloop
  endfacet
  facet normal -0.38143943 0.39066572 0.83778533
    outer loop
      vertex -0.00226274 0.01338137 0.02317721
      vertex 0.00000000 0.00947396 0.02602949
      vertex 0.00000000 0.01385000 0.02398890
    endloop
  endfacet
  facet normal 0.38143943 0.23925073 0.89289588
    outer loop
      vertex 0.00000000 0.00947396 0.02602949
      vertex 0.00000000 0.00481005 0.02727917
      vertex 0.00226274 0.00464730 0.02635616
    endloop
  endfacet
  facet normal 0.38143943 0.23925073 0.89289588
    outer loop
      vertex 0.00000000 0.00947396 0.02602949
      vertex 0.00226274 0.00464730 0.02635616
      vertex 0.00226274 0.00915340 0.02514875
    endloop
  endfacet
  facet normal 0.92336216 0.09936842 0.37084800
    outer loop
      vertex 0.00226274 0.00915340 0.02514875
      vertex 0.00226274 0.00464730 0.02635616
      vertex 0.00320000 0.00425438 0.02412779
    endloop
  endfacet
  facet normal 0.92336216 0.09936842 0.37084800
    outer loop
      vertex 0.00226274 0.00915340 0.02514875
      vertex 0.00320000 0.00425438 0.02412779
      vertex 0.00320000 0.00837949 0.02302247
    endloop
  endfacet
  facet normal 0.92336216 -0.09936842 -0.37084800
    outer loop
      vertex 0.00320000 0.00837949 0.02302247
      vertex 0.00320000 0.00425438 0.02412779
      vertex 0.00226274 0.00386146 0.02189942
    endloop
  endfacet
  facet normal 0.92336216 -0.09936842 -0.37084800
    outer loop
      vertex 0.00320000 0.00837949 0.02302247
      vertex 0.00226274 0.00386146 0.02189942
      vertex 0.00226274 0.00760559 0.02089619
    endloop
  endfacet
  facet normal 0.38143943 -0.23925073 -0.89289588
    outer loop
      vertex 0.00226274 0.00760559 0.02089619
      vertex 0.00226274 0.00386146 0.02189942
      vertex 0.00000000 0.00369871 0.02097641
    endloop
  endfacet
  facet normal 0.38143943 -0.23925073 -0.89289588
    outer loop
      vertex 0.00226274 0.00760559 0.02089619
      vertex 0.00000000 0.00369871 0.02097641
      vertex 0.00000000 0.00728503 0.02001545
    endloop
  endfacet
  facet normal -0.38143943 -0.23925073 -0.89289588
    outer loop
      vertex 0.00000000 0.00728503 0.02001545
      vertex 0.00000000 0.00369871 0.02097641
      vertex -0.00226274 0.00386146 0.02189942
    endloop
  endfacet
  facet normal -0.38143943 -0.23925073 -0.89289588
    outer loop
      vertex 0.00000000 0.00728503 0.02001545
      vertex -0.00226274 0.00386146 0.02189942
      vertex -0.00226274 0.00760559 0.02089619
    endloop
  endfacet
  facet normal -0.92336216 -0.09936842 -0.37084800
    outer loop
      vertex -0.00226274 0.00760559 0.02089619
      vertex -0.00226274 0.00386146 0.02189942
      vertex -0.00320000 0.00425438 0.02412779
    endloop
  endfacet
  facet normal -0.92336216 -0.09936842 -0.37084800
    outer loop
      vertex -0.00226274 0.00760559 0.02089619
      vertex -0.00320000 0.00425438 0.02412779
      vertex -0.00320000 0.00837949 0.02302247
    endloop
  endfacet
  facet normal -0.92336216 0.09936842 0.37084800
    outer loop
      vertex -0.00320000 0.00837949 0.02302247
      vertex -0.00320000 0.00425438 0.02412779
      vertex -0.00226274 0.00464730 0.02635616
    endloop
  endfacet
  facet normal -0.92336216 0.09936842 0.37084800
    outer loop
      vertex -0.00320000 0.00837949 0.02302247
      vertex -0.00226274 0.00464730 0.02635616
      vertex -0.00226274 0.00915340 0.02514875
    endloop
  endfacet
  facet normal -0.38143943 0.23925073 0.89289588
    outer loop
      vertex -0.00226274 0.00915340 0.02514875
      vertex -0.00226274 0.00464730 0.02635616
      vertex 0.00000000 0.00481005 0.02727917
    endloop
  endfacet
  facet normal -0.38143943 0.23925073 0.89289588
    outer loop
      vertex -0.00226274 0.00915340 0.02514875
      vertex 0.00000000 0.00481005 0.02727917
      vertex 0.00000000 0.00947396 0.02602949
    endloop
  endfacet
  facet normal 0.38143943 0.08056623 0.92087624
    outer loop
      vertex 0.00000000 0.00481005 0.02727917
      vertex 0.00000000 0.00000000 0.02770000
      vertex 0.00226274 0.00000000 0.02676274
    endloop
  endfacet
  facet normal 0.38143943 0.08056623 0.92087624
    outer loop
      vertex 0.00000000 0.00481005 0.02727917
      vertex 0.00226274 0.00000000 0.02676274
      vertex 0.00226274 0.00464730 0.02635616
    endloop
  endfacet
  facet normal 0.92336216 0.03346171 0.38246913
    outer loop
      vertex 0.00226274 0.00464730 0.02635616
      vertex 0.00226274 0.00000000 0.02676274
      vertex 0.00320000 0.00000000 0.02450000
    endloop
  endfacet
  facet normal 0.92336216 0.03346171 0.38246913
    outer loop
      vertex 0.00226274 0.00464730 0.02635616
      vertex 0.00320000 0.00000000 0.02450000
      vertex 0.00320000 0.00425438 0.02412779
    endloop
  endfacet
  facet normal 0.92336216 -0.03346171 -0.38246913
    outer loop
      vertex 0.00320000 0.00425438 0.02412779
      vertex 0.00320000 0.00000000 0.02450000
      vertex 0.00226274 0.00000000 0.02223726
    endloop
  endfacet
  facet normal 0.92336216 -0.03346171 -0.38246913
    outer loop
      vertex 0.00320000 0.00425438 0.02412779
      vertex 0.00226274 0.00000000 0.02223726
      vertex 0.00226274 0.00386146 0.02189942
    endloop
  endfacet
  facet normal 0.38143943 -0.08056623 -0.92087624
    outer loop
      vertex 0.00226274 0.00386146 0.02189942
      vertex 0.00226274 0.00000000 0.02223726
      vertex 0.00000000 0.00000000 0.02130000
    endloop
  endfacet
  facet normal 0.38143943 -0.08056623 -0.92087624
    outer loop
      vertex 0.00226274 0.00386146 0.02189942
      vertex 0.00000000 0.00000000 0.02130000
      vertex 0.00000000 0.00369871 0.02097641
    endloop
  endfacet
  facet normal -0.38143943 -0.08056623 -0.92087624
    outer loop
      vertex 0.00000000 0.00369871 0.02097641
      vertex 0.00000000 0.00000000 0.02130000
      vertex -0.00226274 0.00000000 0.02223726
    endloop
  endfacet
  facet normal -0.38143943 -0.08056623 -0.92087624
    outer loop
      vertex 0.00000000 0.00369871 0.02097641
      vertex -0.00226274 0.00000000 0.02223726
      vertex -0.00226274 0.00386146 0.02189942
    endloop
  endfacet
  facet normal -0.92336216 -0.03346171 -0.38246913
    outer loop
      vertex -0.00226274 0.00386146 0.02189942
      vertex -0.00226274 0.00000000 0.02223726
      vertex -0.00320000 0.00000000 0.02450000
    endloop
  endfacet
  facet normal -0.92336216 -0.03346171 -0.38246913
    outer loop
      vertex -0.00226274 0.00386146 0.02189942
      vertex -0.00320000 0.00000000 0.02450000
      vertex -0.00320000 0.00425438 0.02412779
    endloop
  endfacet
  facet normal -0.92336216 0.03346171 0.38246913
    outer loop
      vertex -0.00320000 0.00425438 0.02412779
      vertex -0.00320000 0.00000000 0.02450000
      vertex -0.00226274 0.00000000 0.02676274
    endloop
  endfacet
  facet normal -0.92336216 0.03346171 0.38246913
    outer loop
      vertex -0.00320000 0.00425438 0.02412779
      vertex -0.00226274 0.00000000 0.02676274
      vertex -0.00226274 0.00464730 0.02635616
    endloop
  endfacet
  facet normal -0.38143943 0.08056623 0.92087624
    outer loop
      vertex -0.00226274 0.00464730 0.02635616
      vertex -0.00226274 0.00000000 0.02676274
      vertex 0.00000000 0.00000000 0.02770000
    endloop
  endfacet
  facet normal -0.38143943 0.08056623 0.92087624
    outer loop
      vertex -0.00226274 0.00464730 0.02635616
      vertex 0.00000000 0.00000000 0.02770000
      vertex 0.00000000 0.00481005 0.02727917
    endloop
  endfacet
  facet normal 0.38143943 -0.08056623 0.92087624
    outer loop
      vertex 0.00000000 0.00000000 0.02770000
      vertex 0.00000000 -0.00481005 0.02727917
      vertex 0.00226274 -0.00464730 0.02635616
    endloop
  endfacet
  facet normal 0.38143943 -0.08056623 0.92087624
    outer loop
      vertex 0.00000000 0.00000000 0.02770000
      vertex 0.00226274 -0.00464730 0.02635616
      vertex 0.00226274 0.00000000 0.02676274
    endloop
  endfacet
  facet normal 0.92336216 -0.03346171 0.38246913
    outer loop
      vertex 0.00226274 0.00000000 0.02676274
      vertex 0.00226274 -0.00464730 0.02635616
      vertex 0.00320000 -0.00425438 0.02412779
    endloop
  endfacet
  facet normal 0.92336216 -0.03346171 0.38246913
    outer loop
      vertex 0.00226274 0.00000000 0.02676274
      vertex 0.00320000 -0.00425438 0.02412779
      vertex 0.00320000 0.00000000 0.02450000
    endloop
  endfacet
  facet normal 0.92336216 0.03346171 -0.38246913
    outer loop
      vertex 0.00320000 0.00000000 0.02450000
      vertex 0.00320000 -0.00425438 0.02412779
      vertex 0.00226274 -0.00386146 0.02189942
    endloop
  endfacet
  facet normal 0.92336216 0.03346171 -0.38246913
    outer loop
      vertex 0.00320000 0.00000000 0.02450000
      vertex 0.00226274 -0.00386146 0.02189942
      vertex 0.00226274 0.00000000 0.02223726
    endloop
  endfacet
  facet normal 0.38143943 0.08056623 -0.92087624
    outer loop
      vertex 0.00226274 0.00000000 0.02223726
      vertex 0.00226274 -0.00386146 0.02189942
      vertex 0.00000000 -0.00369871 0.02097641
    endloop
  endfacet
  facet normal 0.38143943 0.08056623 -0.92087624
    outer loop
      vertex 0.00226274 0.00000000 0.02223726
      vertex 0.00000000 -0.00369871 0.02097641
      vertex 0.00000000 0.00000000 0.02130000
    endloop
  endfacet
  facet normal -0.38143943 0.08056623 -0.92087624
    outer loop
      vertex 0.00000000 0.00000000 0.02130000
      vertex 0.00000000 -0.00369871 0.02097641
      vertex -0.00226274 -0.00386146 0.02189942
    endloop
  endfacet
  facet normal -0.38143943 0.08056623 -0.92087624
    outer loop
      vertex 0.00000000 0.00000000 0.02130000
      vertex -0.00226274 -0.00386146 0.02189942
      vertex -0.00226274 0.00000000 0.02223726
    endloop
  endfacet
  facet normal -0.92336216 0.03346171 -0.38246913
    outer loop
      vertex -0.00226274 0.00000000 0.02223726
      vertex -0.00226274 -0.00386146 0.02189942
      vertex -0.00320000 -0.00425438 0.02412779
    endloop
  endfacet
  facet normal -0.92336216 0.03346171 -0.38246913
    outer loop
      vertex -0.00226274 0.00000000 0.02223726
      vertex -0.00320000 -0.00425438 0.02412779
      vertex -0.00320000 0.00000000 0.02450000
    endloop
  endfacet
  facet normal -0.92336216 -0.03346171 0.38246913
    outer loop
      vertex -0.00320000 0.00000000 0.02450000
      vertex -0.00320000 -0.00425438 0.02412779
      vertex -0.00226274 -0.00464730 0.02635616
    endloop
  endfacet
  facet normal -0.92336216 -0.03346171 0.38246913
    outer loop
      vertex -0.00320000 0.00000000 0.02450000
      vertex -0.00226274 -0.00464730 0.02635616
      vertex -0.00226274 0.00000000 0.02676274
    endloop
  endfacet
  facet normal -0.38143943 -0.08056623 0.92087624
    outer loop
      vertex -0.00226274 0.00000000 0.02676274
      vertex -0.00226274 -0.00464730 0.02635616
      vertex 0.00000000 -0.00481005 0.02727917
    endloop
  endfacet
  facet normal -0.38143943 -0.08056623 0.92087624
    outer loop
      vertex -0.00226274 0.00000000 0.02676274
      vertex 0.00000000 -0.00481005 0.02727917
      vertex 0.00000000 0.00000000 0.02770000
    endloop
  endfacet
  facet normal 0.38143943 -0.23925073 0.89289588
    outer loop
      vertex 0.00000000 -0.00481005 0.02727917
      vertex 0.00000000 -0.00947396 0.02602949
      vertex 0.00226274 -0.00915340 0.02514875
    endloop
  endfacet
  facet normal 0.38143943 -0.23925073 0.89289588
    outer loop
      vertex 0.00000000 -0.00481005 0.02727917
      vertex 0.00226274 -0.00915340 0.02514875
      vertex 0.00226274 -0.00464730 0.02635616
    endloop
  endfacet
  facet normal 0.92336216 -0.09936842 0.37084800
    outer loop
      vertex 0.00226274 -0.00464730 0.02635616
      vertex 0.00226274 -0.00915340 0.02514875
      vertex 0.00320000 -0.00837949 0.02302247
    endloop
  endfacet
  facet normal 0.92336216 -0.09936842 0.37084800
    outer loop
      vertex 0.00226274 -0.00464730 0.02635616
      vertex 0.00320000 -0.00837949 0.02302247
      vertex 0.00320000 -0.00425438 0.02412779
    endloop
  endfacet
  facet normal 0.92336216 0.09936842 -0.37084800
    outer loop
      vertex 0.00320000 -0.00425438 0.02412779
      vertex 0.00320000 -0.00837949 0.02302247
      vertex 0.00226274 -0.00760559 0.02089619
    endloop
  endfacet
  facet normal 0.92336216 0.09936842 -0.37084800
    outer loop
      vertex 0.00320000 -0.00425438 0.02412779
      vertex 0.00226274 -0.00760559 0.02089619
      vertex 0.00226274 -0.00386146 0.02189942
    endloop
  endfacet
  facet normal 0.38143943 0.23925073 -0.89289588
    outer loop
      vertex 0.00226274 -0.00386146 0.02189942
      vertex 0.00226274 -0.00760559 0.02089619
      vertex 0.00000000 -0.00728503 0.02001545
    endloop
  endfacet
  facet normal 0.38143943 0.23925073 -0.89289588
    outer loop
      vertex 0.00226274 -0.00386146 0.02189942
      vertex 0.00000000 -0.00728503 0.02001545
      vertex 0.00000000 -0.00369871 0.02097641
    endloop
  endfacet
  facet normal -0.38143943 0.23925073 -0.89289588
    outer loop
      vertex 0.00000000 -0.00369871 0.02097641
      vertex 0.00000000 -0.00728503 0.02001545
      vertex -0.00226274 -0.00760559 0.02089619
    endloop
  endfacet
  facet normal -0.38143943 0.23925073 -0.89289588
    outer loop
      vertex 0.00000000 -0.00369871 0.02097641
      vertex -0.00226274 -0.00760559 0.02089619
      vertex -0.00226274 -0.00386146 0.02189942
    endloop
  endfacet
  facet normal -0.92336216 0.09936842 -0.37084800
    outer loop
      vertex -0.00226274 -0.00386146 0.02189942
      vertex -0.00226274 -0.00760559 0.02089619
      vertex -0.00320000 -0.00837949 0.02302247
    endloop
  endfacet
  facet normal -0.92336216 0.09936842 -0.37084800
    outer loop
      vertex -0.00226274 -0.00386146 0.02189942
      vertex -0.00320000 -0.00837949 0.02302247
      vertex -0.00320000 -0.00425438 0.02412779
    endloop
  endfacet
  facet normal -0.92336216 -0.09936842 0.37084800
    outer loop
      vertex -0.00320000 -0.00425438 0.02412779
      vertex -0.00320000 -0.00837949 0.02302247
      vertex -0.00226274 -0.00915340 0.02514875
    endloop
  endfacet
  facet normal -0.92336216 -0.09936842 0.37084800
    outer loop
      vertex -0.00320000 -0.00425438 0.02412779
      vertex -0.00226274 -0.00915340 0.02514875
      vertex -0.00226274 -0.00464730 0.02635616
    endloop
  endfacet
  facet normal -0.38143943 -0.23925073 0.89289588
    outer loop
      vertex -0.00226274 -0.00464730 0.02635616
      vertex -0.00226274 -0.00915340 0.02514875
      vertex 0.00000000 -0.00947396 0.02602949
    endloop
  endfacet
  facet normal -0.38143943 -0.23925073 0.89289588
    outer loop
      vertex -0.00226274 -0.00464730 0.02635616
      vertex 0.00000000 -0.00947396 0.02602949
      vertex 0.00000000 -0.00481005 0.02727917
    endloop
  endfacet
  facet normal 0.38143943 -0.39066572 0.83778533
    outer loop
      vertex 0.00000000 -0.00947396 0.02602949
      vertex 0.00000000 -0.01385000 0.02398890
      vertex 0.00226274 -0.01338137 0.02317721
    endloop
  endfacet
  facet normal 0.38143943 -0.39066572 0.83778533
    outer loop
      vertex 0.00000000 -0.00947396 0.02602949
      vertex 0.00226274 -0.01338137 0.02317721
      vertex 0.00226274 -0.00915340 0.02514875
    endloop
  endfacet
  facet normal 0.92336216 -0.16225587 0.34795884
    outer loop
      vertex 0.00226274 -0.00915340 0.02514875
      vertex 0.00226274 -0.01338137 0.02317721
      vertex 0.00320000 -0.01225000 0.02121762
    endloop
  endfacet
  facet normal 0.92336216 -0.16225587 0.34795884
    outer loop
      vertex 0.00226274 -0.00915340 0.02514875
      vertex 0.00320000 -0.01225000 0.02121762
      vertex 0.00320000 -0.00837949 0.02302247
    endloop
  endfacet
  facet normal 0.92336216 0.16225587 -0.34795884
    outer loop
      vertex 0.00320000 -0.00837949 0.02302247
      vertex 0.00320000 -0.01225000 0.02121762
      vertex 0.00226274 -0.01111863 0.01925803
    endloop
  endfacet
  facet normal 0.92336216 0.16225587 -0.34795884
    outer loop
      vertex 0.00320000 -0.00837949 0.02302247
      vertex 0.00226274 -0.01111863 0.01925803
      vertex 0.00226274 -0.00760559 0.02089619
    endloop
  endfacet
  facet normal 0.38143943 0.39066572 -0.83778533
    outer loop
      vertex 0.00226274 -0.00760559 0.02089619
      vertex 0.00226274 -0.01111863 0.01925803
      vertex 0.00000000 -0.01065000 0.01844634
    endloop
  endfacet
  facet normal 0.38143943 0.39066572 -0.83778533
    outer loop
      vertex 0.00226274 -0.00760559 0.02089619
      vertex 0.00000000 -0.01065000 0.01844634
      vertex 0.00000000 -0.00728503 0.02001545
    endloop
  endfacet
  facet normal -0.38143943 0.39066572 -0.83778533
    outer loop
      vertex 0.00000000 -0.00728503 0.02001545
      vertex 0.00000000 -0.01065000 0.01844634
      vertex -0.00226274 -0.01111863 0.01925803
    endloop
  endfacet
  facet normal -0.38143943 0.39066572 -0.83778533
    outer loop
      vertex 0.00000000 -0.00728503 0.02001545
      vertex -0.00226274 -0.01111863 0.01925803
      vertex -0.00226274 -0.00760559 0.02089619
    endloop
  endfacet
  facet normal -0.92336216 0.16225587 -0.34795884
    outer loop
      vertex -0.00226274 -0.00760559 0.02089619
      vertex -0.00226274 -0.01111863 0.01925803
      vertex -0.00320000 -0.01225000 0.02121762
    endloop
  endfacet
  facet normal -0.92336216 0.16225587 -0.34795884
    outer loop
      vertex -0.00226274 -0.00760559 0.02089619
      vertex -0.00320000 -0.01225000 0.02121762
      vertex -0.00320000 -0.00837949 0.02302247
    endloop
  endfacet
  facet normal -0.92336216 -0.16225587 0.34795884
    outer loop
      vertex -0.00320000 -0.00837949 0.02302247
      vertex -0.00320000 -0.01225000 0.02121762
      vertex -0.00226274 -0.01338137 0.02317721
    endloop
  endfacet
  facet normal -0.92336216 -0.16225587 0.34795884
    outer loop
      vertex -0.00320000 -0.00837949 0.02302247
      vertex -0.00226274 -0.01338137 0.02317721
      vertex -0.00226274 -0.00915340 0.02514875
    endloop
  endfacet
  facet normal -0.38143943 -0.39066572 0.83778533
    outer loop
      vertex -0.00226274 -0.00915340 0.02514875
      vertex -0.00226274 -0.01338137 0.02317721
      vertex 0.00000000 -0.01385000 0.02398890
    endloop
  endfacet
  facet normal -0.38143943 -0.39066572 0.83778533
    outer loop
      vertex -0.00226274 -0.00915340 0.02514875
      vertex 0.00000000 -0.01385000 0.02398890
      vertex 0.00000000 -0.00947396 0.02602949
    endloop
  endfacet
  facet normal 0.38143943 -0.53021052 0.75721910
    outer loop
      vertex 0.00000000 -0.01385000 0.02398890
      vertex 0.00000000 -0.01780522 0.02121943
      vertex 0.00226274 -0.01720276 0.02050145
    endloop
  endfacet
  facet normal 0.38143943 -0.53021052 0.75721910
    outer loop
      vertex 0.00000000 -0.01385000 0.02398890
      vertex 0.00226274 -0.01720276 0.02050145
      vertex 0.00226274 -0.01338137 0.02317721
    endloop
  endfacet
  facet normal 0.92336216 -0.22021326 0.31449713
    outer loop
      vertex 0.00226274 -0.01338137 0.02317721
      vertex 0.00226274 -0.01720276 0.02050145
      vertex 0.00320000 -0.01574830 0.01876809
    endloop
  endfacet
  facet normal 0.92336216 -0.22021326 0.31449713
    outer loop
      vertex 0.00226274 -0.01338137 0.02317721
      vertex 0.00320000 -0.01574830 0.01876809
      vertex 0.00320000 -0.01225000 0.02121762
    endloop
  endfacet
  facet normal 0.92336216 0.22021326 -0.31449713
    outer loop
      vertex 0.00320000 -0.01225000 0.02121762
      vertex 0.00320000 -0.01574830 0.01876809
      vertex 0.00226274 -0.01429383 0.01703473
    endloop
  endfacet
  facet normal 0.92336216 0.22021326 -0.31449713
    outer loop
      vertex 0.00320000 -0.01225000 0.02121762
      vertex 0.00226274 -0.01429383 0.01703473
      vertex 0.00226274 -0.01111863 0.01925803
    endloop
  endfacet
  facet normal 0.38143943 0.53021052 -0.75721910
    outer loop
      vertex 0.00226274 -0.01111863 0.01925803
      vertex 0.00226274 -0.01429383 0.01703473
      vertex 0.00000000 -0.01369138 0.01631675
    endloop
  endfacet
  facet normal 0.38143943 0.53021052 -0.75721910
    outer loop
      vertex 0.00226274 -0.01111863 0.01925803
      vertex 0.00000000 -0.01369138 0.01631675
      vertex 0.00000000 -0.01065000 0.01844634
    endloop
  endfacet
  facet normal -0.38143943 0.53021052 -0.75721910
    outer loop
      vertex 0.00000000 -0.01065000 0.01844634
      vertex 0.00000000 -0.01369138 0.01631675
      vertex -0.00226274 -0.01429383 0.01703473
    endloop
  endfacet
  facet normal -0.38143943 0.53021052 -0.75721910
    outer loop
      vertex 0.00000000 -0.01065000 0.01844634
      vertex -0.00226274 -0.01429383 0.01703473
      vertex -0.00226274 -0.01111863 0.01925803
    endloop
  endfacet
  facet normal -0.92336216 0.22021326 -0.31449713
    outer loop
      vertex -0.00226274 -0.01111863 0.01925803
      vertex -0.00226274 -0.01429383 0.01703473
      vertex -0.00320000 -0.01574830 0.01876809
    endloop
  endfacet
  facet normal -0.92336216 0.22021326 -0.31449713
    outer loop
      vertex -0.00226274 -0.01111863 0.01925803
      vertex -0.00320000 -0.01574830 0.01876809
      vertex -0.00320000 -0.01225000 0.02121762
    endloop
  endfacet
  facet normal -0.92336216 -0.22021326 0.31449713
    outer loop
      vertex -0.00320000 -0.01225000 0.02121762
      vertex -0.00320000 -0.01574830 0.01876809
      vertex -0.00226274 -0.01720276 0.02050145
    endloop
  endfacet
  facet normal -0.92336216 -0.22021326 0.31449713
    outer loop
      vertex -0.00320000 -0.01225000 0.02121762
      vertex -0.00226274 -0.01720276 0.02050145
      vertex -0.00226274 -0.01338137 0.02317721
    endloop
  endfacet
  facet normal -0.38143943 -0.53021052 0.75721910
    outer loop
      vertex -0.00226274 -0.01338137 0.02317721
      vertex -0.00226274 -0.01720276 0.02050145
      vertex 0.00000000 -0.01780522 0.02121943
    endloop
  endfacet
  facet normal -0.38143943 -0.53021052 0.75721910
    outer loop
      vertex -0.00226274 -0.01338137 0.02317721
      vertex 0.00000000 -0.01780522 0.02121943
      vertex 0.00000000 -0.01385000 0.02398890
    endloop
  endfacet
  facet normal 0.38143943 -0.65364515 0.65364515
    outer loop
      vertex 0.00000000 -0.01780522 0.02121943
      vertex 0.00000000 -0.02121943 0.01780522
      vertex 0.00226274 -0.02050145 0.01720276
    endloop
  endfacet
  facet normal 0.38143943 -0.65364515 0.65364515
    outer loop
      vertex 0.00000000 -0.01780522 0.02121943
      vertex 0.00226274 -0.02050145 0.01720276
      vertex 0.00226274 -0.01720276 0.02050145
    endloop
  endfacet
  facet normal 0.92336216 -0.27147958 0.27147958
    outer loop
      vertex 0.00226274 -0.01720276 0.02050145
      vertex 0.00226274 -0.02050145 0.01720276
      vertex 0.00320000 -0.01876809 0.01574830
    endloop
  endfacet
  facet normal 0.92336216 -0.27147958 0.27147958
    outer loop
      vertex 0.00226274 -0.01720276 0.02050145
      vertex 0.00320000 -0.01876809 0.01574830
      vertex 0.00320000 -0.01574830 0.01876809
    endloop
  endfacet
  facet normal 0.92336216 0.27147958 -0.27147958
    outer loop
      vertex 0.00320000 -0.01574830 0.01876809
      vertex 0.00320000 -0.01876809 0.01574830
      vertex 0.00226274 -0.01703473 0.01429383
    endloop
  endfacet
  facet normal 0.92336216 0.27147958 -0.27147958
    outer loop
      vertex 0.00320000 -0.01574830 0.01876809
      vertex 0.00226274 -0.01703473 0.01429383
      vertex 0.00226274 -0.01429383 0.01703473
    endloop
  endfacet
  facet normal 0.38143943 0.65364515 -0.65364515
    outer loop
      vertex 0.00226274 -0.01429383 0.01703473
      vertex 0.00226274 -0.01703473 0.01429383
      vertex 0.00000000 -0.01631675 0.01369138
    endloop
  endfacet
  facet normal 0.38143943 0.65364515 -0.65364515
    outer loop
      vertex 0.00226274 -0.01429383 0.01703473
      vertex 0.00000000 -0.01631675 0.01369138
      vertex 0.00000000 -0.01369138 0.01631675
    endloop
  endfacet
  facet normal -0.38143943 0.65364515 -0.65364515
    outer loop
      vertex 0.00000000 -0.01369138 0.01631675
      vertex 0.00000000 -0.01631675 0.01369138
      vertex -0.00226274 -0.01703473 0.01429383
    endloop
  endfacet
  facet normal -0.38143943 0.65364515 -0.65364515
    outer loop
      vertex 0.00000000 -0.01369138 0.01631675
      vertex -0.00226274 -0.01703473 0.01429383
      vertex -0.00226274 -0.01429383 0.01703473
    endloop
  endfacet
  facet normal -0.92336216 0.27147958 -0.27147958
    outer loop
      vertex -0.00226274 -0.01429383 0.01703473
      vertex -0.00226274 -0.01703473 0.01429383
      vertex -0.00320000 -0.01876809 0.01574830
    endloop
  endfacet
  facet normal -0.92336216 0.27147958 -0.27147958
    outer loop
      vertex -0.00226274 -0.01429383 0.01703473
      vertex -0.00320000 -0.01876809 0.01574830
      vertex -0.00320000 -0.01574830 0.01876809
    endloop
  endfacet
  facet normal -0.92336216 -0.27147958 0.27147958
    outer loop
      vertex -0.00320000 -0.01574830 0.01876809
      vertex -0.00320000 -0.01876809 0.01574830
      vertex -0.00226274 -0.02050145 0.01720276
    endloop
  endfacet
  facet normal -0.92336216 -0.27147958 0.27147958
    outer loop
      vertex -0.00320000 -0.01574830 0.01876809
      vertex -0.00226274 -0.02050145 0.01720276
      vertex -0.00226274 -0.01720276 0.02050145
    endloop
  endfacet
  facet normal -0.38143943 -0.65364515 0.65364515
    outer loop
      vertex -0.00226274 -0.01720276 0.02050145
      vertex -0.00226274 -0.02050145 0.01720276
      vertex 0.00000000 -0.02121943 0.01780522
    endloop
  endfacet
  facet normal -0.38143943 -0.65364515 0.65364515
    outer loop
      vertex -0.00226274 -0.01720276 0.02050145
      vertex 0.00000000 -0.02121943 0.01780522
      vertex 0.00000000 -0.01780522 0.02121943
    endloop
  endfacet
  facet normal 0.38143943 -0.75721910 0.53021052
    outer loop
      vertex 0.00000000 -0.02121943 0.01780522
      vertex 0.00000000 -0.02398890 0.01385000
      vertex 0.00226274 -0.02317721 0.01338137
    endloop
  endfacet
  facet normal 0.38143943 -0.75721910 0.53021052
    outer loop
      vertex 0.00000000 -0.02121943 0.01780522
      vertex 0.00226274 -0.02317721 0.01338137
      vertex 0.00226274 -0.02050145 0.01720276
    endloop
  endfacet
  facet normal 0.92336216 -0.31449713 0.22021326
    outer loop
      vertex 0.00226274 -0.02050145 0.01720276
      vertex 0.00226274 -0.02317721 0.01338137
      vertex 0.00320000 -0.02121762 0.01225000
    endloop
  endfacet
  facet normal 0.92336216 -0.31449713 0.22021326
    outer loop
      vertex 0.00226274 -0.02050145 0.01720276
      vertex 0.00320000 -0.02121762 0.01225000
      vertex 0.00320000 -0.01876809 0.01574830
    endloop
  endfacet
  facet normal 0.92336216 0.31449713 -0.22021326
    outer loop
      vertex 0.00320000 -0.01876809 0.01574830
      vertex 0.00320000 -0.02121762 0.01225000
      vertex 0.00226274 -0.01925803 0.01111863
    endloop
  endfacet
  facet normal 0.92336216 0.31449713 -0.22021326
    outer loop
      vertex 0.00320000 -0.01876809 0.01574830
      vertex 0.00226274 -0.01925803 0.01111863
      vertex 0.00226274 -0.01703473 0.01429383
    endloop
  endfacet
  facet normal 0.38143943 0.75721910 -0.53021052
    outer loop
      vertex 0.00226274 -0.01703473 0.01429383
      vertex 0.00226274 -0.01925803 0.01111863
      vertex 0.00000000 -0.01844634 0.01065000
    endloop
  endfacet
  facet normal 0.38143943 0.75721910 -0.53021052
    outer loop
      vertex 0.00226274 -0.01703473 0.01429383
      vertex 0.00000000 -0.01844634 0.01065000
      vertex 0.00000000 -0.01631675 0.01369138
    endloop
  endfacet
  facet normal -0.38143943 0.75721910 -0.53021052
    outer loop
      vertex 0.00000000 -0.01631675 0.01369138
      vertex 0.00000000 -0.01844634 0.01065000
      vertex -0.00226274 -0.01925803 0.01111863
    endloop
  endfacet
  facet normal -0.38143943 0.75721910 -0.53021052
    outer loop
      vertex 0.00000000 -0.01631675 0.01369138
      vertex -0.00226274 -0.01925803 0.01111863
      vertex -0.00226274 -0.01703473 0.01429383
    endloop
  endfacet
  facet normal -0.92336216 0.31449713 -0.22021326
    outer loop
      vertex -0.00226274 -0.01703473 0.01429383
      vertex -0.00226274 -0.01925803 0.01111863
      vertex -0.00320000 -0.02121762 0.01225000
    endloop
  endfacet
  facet normal -0.92336216 0.31449713 -0.22021326
    outer loop
      vertex -0.00226274 -0.01703473 0.01429383
      vertex -0.00320000 -0.02121762 0.01225000
      vertex -0.00320000 -0.01876809 0.01574830
    endloop
  endfacet
  facet normal -0.92336216 -0.31449713 0.22021326
    outer loop
      vertex -0.00320000 -0.01876809 0.01574830
      vertex -0.00320000 -0.02121762 0.01225000
      vertex -0.00226274 -0.02317721 0.01338137
    endloop
  endfacet
  facet normal -0.92336216 -0.31449713 0.22021326
    outer loop
      vertex -0.00320000 -0.01876809 0.01574830
      vertex -0.00226274 -0.02317721 0.01338137
      vertex -0.00226274 -0.02050145 0.01720276
    endloop
  endfacet
  facet normal -0.38143943 -0.75721910 0.53021052
    outer loop
      vertex -0.00226274 -0.02050145 0.01720276
      vertex -0.00226274 -0.02317721 0.01338137
      vertex 0.00000000 -0.02398890 0.01385000
    endloop
  endfacet
  facet normal -0.38143943 -0.75721910 0.53021052
    outer loop
      vertex -0.00226274 -0.02050145 0.01720276
      vertex 0.00000000 -0.02398890 0.01385000
      vertex 0.00000000 -0.02121943 0.01780522
    endloop
  endfacet
  facet normal 0.38143943 -0.83778533 0.39066572
    outer loop
      vertex 0.00000000 -0.02398890 0.01385000
      vertex 0.00000000 -0.02602949 0.00947396
      vertex 0.00226274 -0.02514875 0.00915340
    endloop
  endfacet
  facet normal 0.38143943 -0.83778533 0.39066572
    outer loop
      vertex 0.00000000 -0.02398890 0.01385000
      vertex 0.00226274 -0.02514875 0.00915340
      vertex 0.00226274 -0.02317721 0.01338137
    endloop
  endfacet
  facet normal 0.92336216 -0.34795884 0.16225587
    outer loop
      vertex 0.00226274 -0.02317721 0.01338137
      vertex 0.00226274 -0.02514875 0.00915340
      vertex 0.00320000 -0.02302247 0.00837949
    endloop
  endfacet
  facet normal 0.92336216 -0.34795884 0.16225587
    outer loop
      vertex 0.00226274 -0.02317721 0.01338137
      vertex 0.00320000 -0.02302247 0.00837949
      vertex 0.00320000 -0.02121762 0.01225000
    endloop
  endfacet
  facet normal 0.92336216 0.34795884 -0.16225587
    outer loop
      vertex 0.00320000 -0.02121762 0.01225000
      vertex 0.00320000 -0.02302247 0.00837949
      vertex 0.00226274 -0.02089619 0.00760559
    endloop
  endfacet
  facet normal 0.92336216 0.34795884 -0.16225587
    outer loop
      vertex 0.00320000 -0.02121762 0.01225000
      vertex 0.00226274 -0.02089619 0.00760559
      vertex 0.00226274 -0.01925803 0.01111863
    endloop
  endfacet
  facet normal 0.38143943 0.83778533 -0.39066572
    outer loop
      vertex 0.00226274 -0.01925803 0.01111863
      vertex 0.00226274 -0.02089619 0.00760559
      vertex 0.00000000 -0.02001545 0.00728503
    endloop
  endfacet
  facet normal 0.38143943 0.83778533 -0.39066572
    outer loop
      vertex 0.00226274 -0.01925803 0.01111863
      vertex 0.00000000 -0.02001545 0.00728503
      vertex 0.00000000 -0.01844634 0.01065000
    endloop
  endfacet
  facet normal -0.38143943 0.83778533 -0.39066572
    outer loop
      vertex 0.00000000 -0.01844634 0.01065000
      vertex 0.00000000 -0.02001545 0.00728503
      vertex -0.00226274 -0.02089619 0.00760559
    endloop
  endfacet
  facet normal -0.38143943 0.83778533 -0.39066572
    outer loop
      vertex 0.00000000 -0.01844634 0.01065000
      vertex -0.00226274 -0.02089619 0.00760559
      vertex -0.00226274 -0.01925803 0.01111863
    endloop
  endfacet
  facet normal -0.92336216 0.34795884 -0.16225587
    outer loop
      vertex -0.00226274 -0.01925803 0.01111863
      vertex -0.00226274 -0.02089619 0.00760559
      vertex -0.00320000 -0.02302247 0.00837949
    endloop
  endfacet
  facet normal -0.92336216 0.34795884 -0.16225587
    outer loop
      vertex -0.00226274 -0.01925803 0.01111863
      vertex -0.00320000 -0.02302247 0.00837949
      vertex -0.00320000 -0.02121762 0.01225000
    endloop
  endfacet
  facet normal -0.92336216 -0.34795884 0.16225587
    outer loop
      vertex -0.00320000 -0.02121762 0.01225000
      vertex -0.00320000 -0.02302247 0.00837949
      vertex -0.00226274 -0.02514875 0.00915340
    endloop
  endfacet
  facet normal -0.92336216 -0.34795884 0.16225587
    outer loop
      vertex -0.00320000 -0.02121762 0.01225000
      vertex -0.00226274 -0.02514875 0.00915340
      vertex -0.00226274 -0.02317721 0.01338137
    endloop
  endfacet
  facet normal -0.38143943 -0.83778533 0.39066572
    outer loop
      vertex -0.00226274 -0.02317721 0.01338137
      vertex -0.00226274 -0.02514875 0.00915340
      vertex 0.00000000 -0.02602949 0.00947396
    endloop
  endfacet
  facet normal -0.38143943 -0.83778533 0.39066572
    outer loop
      vertex -0.00226274 -0.02317721 0.01338137
      vertex 0.00000000 -0.02602949 0.00947396
      vertex 0.00000000 -0.02398890 0.01385000
    endloop
  endfacet
  facet normal 0.38143943 -0.89289588 0.23925073
    outer loop
      vertex 0.00000000 -0.02602949 0.00947396
      vertex 0.00000000 -0.02727917 0.00481005
      vertex 0.00226274 -0.02635616 0.00464730
    endloop
  endfacet
  facet normal 0.38143943 -0.89289588 0.23925073
    outer loop
      vertex 0.00000000 -0.02602949 0.00947396
      vertex 0.00226274 -0.02635616 0.00464730
      vertex 0.00226274 -0.02514875 0.00915340
    endloop
  endfacet
  facet normal 0.92336216 -0.37084800 0.09936842
    outer loop
      vertex 0.00226274 -0.02514875 0.00915340
      vertex 0.00226274 -0.02635616 0.00464730
      vertex 0.00320000 -0.02412779 0.00425438
    endloop
  endfacet
  facet normal 0.92336216 -0.37084800 0.09936842
    outer loop
      vertex 0.00226274 -0.02514875 0.00915340
      vertex 0.00320000 -0.02412779 0.00425438
      vertex 0.00320000 -0.02302247 0.00837949
    endloop
  endfacet
  facet normal 0.92336216 0.37084800 -0.09936842
    outer loop
      vertex 0.00320000 -0.02302247 0.00837949
      vertex 0.00320000 -0.02412779 0.00425438
      vertex 0.00226274 -0.02189942 0.00386146
    endloop
  endfacet
  facet normal 0.92336216 0.37084800 -0.09936842
    outer loop
      vertex 0.00320000 -0.02302247 0.00837949
      vertex 0.00226274 -0.02189942 0.00386146
      vertex 0.00226274 -0.02089619 0.00760559
    endloop
  endfacet
  facet normal 0.38143943 0.89289588 -0.23925073
    outer loop
      vertex 0.00226274 -0.02089619 0.00760559
      vertex 0.00226274 -0.02189942 0.00386146
      vertex 0.00000000 -0.02097641 0.00369871
    endloop
  endfacet
  facet normal 0.38143943 0.89289588 -0.23925073
    outer loop
      vertex 0.00226274 -0.02089619 0.00760559
      vertex 0.00000000 -0.02097641 0.00369871
      vertex 0.00000000 -0.02001545 0.00728503
    endloop
  endfacet
  facet normal -0.38143943 0.89289588 -0.23925073
    outer loop
      vertex 0.00000000 -0.02001545 0.00728503
      vertex 0.00000000 -0.02097641 0.00369871
      vertex -0.00226274 -0.02189942 0.00386146
    endloop
  endfacet
  facet normal -0.38143943 0.89289588 -0.23925073
    outer loop
      vertex 0.00000000 -0.02001545 0.00728503
      vertex -0.00226274 -0.02189942 0.00386146
      vertex -0.00226274 -0.02089619 0.00760559
    endloop
  endfacet
  facet normal -0.92336216 0.37084800 -0.09936842
    outer loop
      vertex -0.00226274 -0.02089619 0.00760559
      vertex -0.00226274 -0.02189942 0.00386146
      vertex -0.00320000 -0.02412779 0.00425438
    endloop
  endfacet
  facet normal -0.92336216 0.37084800 -0.09936842
    outer loop
      vertex -0.00226274 -0.02089619 0.00760559
      vertex -0.00320000 -0.02412779 0.00425438
      vertex -0.00320000 -0.02302247 0.00837949
    endloop
  endfacet
  facet normal -0.92336216 -0.37084800 0.09936842
    outer loop
      vertex -0.00320000 -0.02302247 0.00837949
      vertex -0.00320000 -0.02412779 0.00425438
      vertex -0.00226274 -0.02635616 0.00464730
    endloop
  endfacet
  facet normal -0.92336216 -0.37084800 0.09936842
    outer loop
      vertex -0.00320000 -0.02302247 0.00837949
      vertex -0.00226274 -0.02635616 0.00464730
      vertex -0.00226274 -0.02514875 0.00915340
    endloop
  endfacet
  facet normal -0.38143943 -0.89289588 0.23925073
    outer loop
      vertex -0.00226274 -0.02514875 0.00915340
      vertex -0.00226274 -0.02635616 0.00464730
      vertex 0.00000000 -0.02727917 0.00481005
    endloop
  endfacet
  facet normal -0.38143943 -0.89289588 0.23925073
    outer loop
      vertex -0.00226274 -0.02514875 0.00915340
      vertex 0.00000000 -0.02727917 0.00481005
      vertex 0.00000000 -0.02602949 0.00947396
    endloop
  endfacet
  facet normal 0.38143943 -0.92087624 0.08056623
    outer loop
      vertex 0.00000000 -0.02727917 0.00481005
      vertex 0.00000000 -0.02770000 0.00000000
      vertex 0.00226274 -0.02676274 0.00000000
    endloop
  endfacet
  facet normal 0.38143943 -0.92087624 0.08056623
    outer loop
      vertex 0.00000000 -0.02727917 0.00481005
      vertex 0.00226274 -0.02676274 0.00000000
      vertex 0.00226274 -0.02635616 0.00464730
    endloop
  endfacet
  facet normal 0.92336216 -0.38246913 0.03346171
    outer loop
      vertex 0.00226274 -0.02635616 0.00464730
      vertex 0.00226274 -0.02676274 0.00000000
      vertex 0.00320000 -0.02450000 0.00000000
    endloop
  endfacet
  facet normal 0.92336216 -0.38246913 0.03346171
    outer loop
      vertex 0.00226274 -0.02635616 0.00464730
      vertex 0.00320000 -0.02450000 0.00000000
      vertex 0.00320000 -0.02412779 0.00425438
    endloop
  endfacet
  facet normal 0.92336216 0.38246913 -0.03346171
    outer loop
      vertex 0.00320000 -0.02412779 0.00425438
      vertex 0.00320000 -0.02450000 0.00000000
      vertex 0.00226274 -0.02223726 0.00000000
    endloop
  endfacet
  facet normal 0.92336216 0.38246913 -0.03346171
    outer loop
      vertex 0.00320000 -0.02412779 0.00425438
      vertex 0.00226274 -0.02223726 0.00000000
      vertex 0.00226274 -0.02189942 0.00386146
    endloop
  endfacet
  facet normal 0.38143943 0.92087624 -0.08056623
    outer loop
      vertex 0.00226274 -0.02189942 0.00386146
      vertex 0.00226274 -0.02223726 0.00000000
      vertex 0.00000000 -0.02130000 0.00000000
    endloop
  endfacet
  facet normal 0.38143943 0.92087624 -0.08056623
    outer loop
      vertex 0.00226274 -0.02189942 0.00386146
      vertex 0.00000000 -0.02130000 0.00000000
      vertex 0.00000000 -0.02097641 0.00369871
    endloop
  endfacet
  facet normal -0.38143943 0.92087624 -0.08056623
    outer loop
      vertex 0.00000000 -0.02097641 0.00369871
      vertex 0.00000000 -0.02130000 0.00000000
      vertex -0.00226274 -0.02223726 0.00000000
    endloop
  endfacet
  facet normal -0.38143943 0.92087624 -0.08056623
    outer loop
      vertex 0.00000000 -0.02097641 0.00369871
      vertex -0.00226274 -0.02223726 0.00000000
      vertex -0.00226274 -0.02189942 0.00386146
    endloop
  endfacet
  facet normal -0.92336216 0.38246913 -0.03346171
    outer loop
      vertex -0.00226274 -0.02189942 0.00386146
      vertex -0.00226274 -0.02223726 0.00000000
      vertex -0.00320000 -0.02450000 0.00000000
    endloop
  endfacet
  facet normal -0.92336216 0.38246913 -0.03346171
    outer loop
      vertex -0.00226274 -0.02189942 0.00386146
      vertex -0.00320000 -0.02450000 0.00000000
      vertex -0.00320000 -0.02412779 0.00425438
    endloop
  endfacet
  facet normal -0.92336216 -0.38246913 0.03346171
    outer loop
      vertex -0.00320000 -0.02412779 0.00425438
      vertex -0.00320000 -0.02450000 0.00000000
      vertex -0.00226274 -0.02676274 0.00000000
    endloop
  endfacet
  facet normal -0.92336216 -0.38246913 0.03346171
    outer loop
      vertex -0.00320000 -0.02412779 0.00425438
      vertex -0.00226274 -0.02676274 0.00000000
      vertex -0.00226274 -0.02635616 0.00464730
    endloop
  endfacet
  facet normal -0.38143943 -0.92087624 0.08056623
    outer loop
      vertex -0.00226274 -0.02635616 0.00464730
      vertex -0.00226274 -0.02676274 0.00000000
      vertex 0.00000000 -0.02770000 0.00000000
    endloop
  endfacet
  facet normal -0.38143943 -0.92087624 0.08056623
    outer loop
      vertex -0.00226274 -0.02635616 0.00464730
      vertex 0.00000000 -0.02770000 0.00000000
      vertex 0.00000000 -0.02727917 0.00481005
    endloop
  endfacet
  facet normal 0.38143943 -0.92087624 -0.08056623
    outer loop
      vertex 0.00000000 -0.02770000 0.00000000
      vertex 0.00000000 -0.02727917 -0.00481005
      vertex 0.00226274 -0.02635616 -0.00464730
    endloop
  endfacet
  facet normal 0.38143943 -0.92087624 -0.08056623
    outer loop
      vertex 0.00000000 -0.02770000 0.00000000
      vertex 0.00226274 -0.02635616 -0.00464730
      vertex 0.00226274 -0.02676274 0.00000000
    endloop
  endfacet
  facet normal 0.92336216 -0.38246913 -0.03346171
    outer loop
      vertex 0.00226274 -0.02676274 0.00000000
      vertex 0.00226274 -0.02635616 -0.00464730
      vertex 0.00320000 -0.02412779 -0.00425438
    endloop
  endfacet
  facet normal 0.92336216 -0.38246913 -0.03346171
    outer loop
      vertex 0.00226274 -0.02676274 0.00000000
      vertex 0.00320000 -0.02412779 -0.00425438
      vertex 0.00320000 -0.02450000 0.00000000
    endloop
  endfacet
  facet normal 0.92336216 0.38246913 0.03346171
    outer loop
      vertex 0.00320000 -0.02450000 0.00000000
      vertex 0.00320000 -0.02412779 -0.00425438
      vertex 0.00226274 -0.02189942 -0.00386146
    endloop
  endfacet
  facet normal 0.92336216 0.38246913 0.03346171
    outer loop
      vertex 0.00320000 -0.02450000 0.00000000
      vertex 0.00226274 -0.02189942 -0.00386146
      vertex 0.00226274 -0.02223726 0.00000000
    endloop
  endfacet
  facet normal 0.38143943 0.92087624 0.08056623
    outer loop
      vertex 0.00226274 -0.02223726 0.00000000
      vertex 0.00226274 -0.02189942 -0.00386146
      vertex 0.00000000 -0.02097641 -0.00369871
    endloop
  endfacet
  facet normal 0.38143943 0.92087624 0.08056623
    outer loop
      vertex 0.00226274 -0.02223726 0.00000000
      vertex 0.00000000 -0.02097641 -0.00369871
      vertex 0.00000000 -0.02130000 0.00000000
    endloop
  endfacet
  facet normal -0.38143943 0.92087624 0.08056623
    outer loop
      vertex 0.00000000 -0.02130000 0.00000000
      vertex 0.00000000 -0.02097641 -0.00369871
      vertex -0.00226274 -0.02189942 -0.00386146
    endloop
  endfacet
  facet normal -0.38143943 0.92087624 0.08056623
    outer loop
      vertex 0.00000000 -0.02130000 0.00000000
      vertex -0.00226274 -0.02189942 -0.00386146
      vertex -0.00226274 -0.02223726 0.00000000
    endloop
  endfacet
  facet normal -0.92336216 0.38246913 0.03346171
    outer loop
      vertex -0.00226274 -0.02223726 0.00000000
      vertex -0.00226274 -0.02189942 -0.00386146
      vertex -0.00320000 -0.02412779 -0.00425438
    endloop
  endfacet
  facet normal -0.92336216 0.38246913 0.03346171
    outer loop
      vertex -0.00226274 -0.02223726 0.00000000
      vertex -0.00320000 -0.02412779 -0.00425438
      vertex -0.00320000 -0.02450000 0.00000000
    endloop
  endfacet
  facet normal -0.92336216 -0.38246913 -0.03346171
    outer loop
      vertex -0.00320000 -0.02450000 0.00000000
      vertex -0.00320000 -0.02412779 -0.00425438
      vertex -0.00226274 -0.02635616 -0.00464730
    endloop
  endfacet
  facet normal -0.92336216 -0.38246913 -0.03346171
    outer loop
      vertex -0.00320000 -0.02450000 0.00000000
      vertex -0.00226274 -0.02635616 -0.00464730
      vertex -0.00226274 -0.02676274 0.00000000
    endloop
  endfacet
  facet normal -0.38143943 -0.92087624 -0.08056623
    outer loop
      vertex -0.00226274 -0.02676274 0.00000000
      vertex -0.00226274 -0.02635616 -0.00464730
      vertex 0.00000000 -0.02727917 -0.00481005
    endloop
  endfacet
  facet normal -0.38143943 -0.92087624 -0.08056623
    outer loop
      vertex -0.00226274 -0.02676274 0.00000000
      vertex 0.00000000 -0.02727917 -0.00481005
      vertex 0.00000000 -0.02770000 0.00000000
    endloop
  endfacet
  facet normal 0.38143943 -0.89289588 -0.23925073
    outer loop
      vertex 0.00000000 -0.02727917 -0.00481005
      vertex 0.00000000 -0.02602949 -0.00947396
      vertex 0.00226274 -0.02514875 -0.00915340
    endloop
  endfacet
  facet normal 0.38143943 -0.89289588 -0.23925073
    outer loop
      vertex 0.00000000 -0.02727917 -0.00481005
      vertex 0.00226274 -0.02514875 -0.00915340
      vertex 0.00226274 -0.02635616 -0.00464730
    endloop
  endfacet
  facet normal 0.92336216 -0.37084800 -0.09936842
    outer loop
      vertex 0.00226274 -0.02635616 -0.00464730
      vertex 0.00226274 -0.02514875 -0.00915340
      vertex 0.00320000 -0.02302247 -0.00837949
    endloop
  endfacet
  facet normal 0.92336216 -0.37084800 -0.09936842
    outer loop
      vertex 0.00226274 -0.02635616 -0.00464730
      vertex 0.00320000 -0.02302247 -0.00837949
      vertex 0.00320000 -0.02412779 -0.00425438
    endloop
  endfacet
  facet normal 0.92336216 0.37084800 0.09936842
    outer loop
      vertex 0.00320000 -0.02412779 -0.00425438
      vertex 0.00320000 -0.02302247 -0.00837949
      vertex 0.00226274 -0.02089619 -0.00760559
    endloop
  endfacet
  facet normal 0.92336216 0.37084800 0.09936842
    outer loop
      vertex 0.00320000 -0.02412779 -0.00425438
      vertex 0.00226274 -0.02089619 -0.00760559
      vertex 0.00226274 -0.02189942 -0.00386146
    endloop
  endfacet
  facet normal 0.38143943 0.89289588 0.23925073
    outer loop
      vertex 0.00226274 -0.02189942 -0.00386146
      vertex 0.00226274 -0.02089619 -0.00760559
      vertex 0.00000000 -0.02001545 -0.00728503
    endloop
  endfacet
  facet normal 0.38143943 0.89289588 0.23925073
    outer loop
      vertex 0.00226274 -0.02189942 -0.00386146
      vertex 0.00000000 -0.02001545 -0.00728503
      vertex 0.00000000 -0.02097641 -0.00369871
    endloop
  endfacet
  facet normal -0.38143943 0.89289588 0.23925073
    outer loop
      vertex 0.00000000 -0.02097641 -0.00369871
      vertex 0.00000000 -0.02001545 -0.00728503
      vertex -0.00226274 -0.02089619 -0.00760559
    endloop
  endfacet
  facet normal -0.38143943 0.89289588 0.23925073
    outer loop
      vertex 0.00000000 -0.02097641 -0.00369871
      vertex -0.00226274 -0.02089619 -0.00760559
      vertex -0.00226274 -0.02189942 -0.00386146
    endloop
  endfacet
  facet normal -0.92336216 0.37084800 0.09936842
    outer loop
      vertex -0.00226274 -0.02189942 -0.00386146
      vertex -0.00226274 -0.02089619 -0.00760559
      vertex -0.00320000 -0.02302247 -0.00837949
    endloop
  endfacet
  facet normal -0.92336216 0.37084800 0.09936842
    outer loop
      vertex -0.00226274 -0.02189942 -0.00386146
      vertex -0.00320000 -0.02302247 -0.00837949
      vertex -0.00320000 -0.02412779 -0.00425438
    endloop
  endfacet
  facet normal -0.92336216 -0.37084800 -0.09936842
    outer loop
      vertex -0.00320000 -0.02412779 -0.00425438
      vertex -0.00320000 -0.02302247 -0.00837949
      vertex -0.00226274 -0.02514875 -0.00915340
    endloop
  endfacet
  facet normal -0.92336216 -0.37084800 -0.09936842
    outer loop
      vertex -0.00320000 -0.02412779 -0.00425438
      vertex -0.00226274 -0.02514875 -0.00915340
      vertex -0.00226274 -0.02635616 -0.00464730
    endloop
  endfacet
  facet normal -0.38143943 -0.89289588 -0.23925073
    outer loop
      vertex -0.00226274 -0.02635616 -0.00464730
      vertex -0.00226274 -0.02514875 -0.00915340
      vertex 0.00000000 -0.02602949 -0.00947396
    endloop
  endfacet
  facet normal -0.38143943 -0.89289588 -0.23925073
    outer loop
      vertex -0.00226274 -0.02635616 -0.00464730
      vertex 0.00000000 -0.02602949 -0.00947396
      vertex 0.00000000 -0.02727917 -0.00481005
    endloop
  endfacet
  facet normal 0.38143943 -0.83778533 -0.39066572
    outer loop
      vertex 0.00000000 -0.02602949 -0.00947396
      vertex 0.00000000 -0.02398890 -0.01385000
      vertex 0.00226274 -0.02317721 -0.01338137
    endloop
  endfacet
  facet normal 0.38143943 -0.83778533 -0.39066572
    outer loop
      vertex 0.00000000 -0.02602949 -0.00947396
      vertex 0.00226274 -0.02317721 -0.01338137
      vertex 0.00226274 -0.02514875 -0.00915340
    endloop
  endfacet
  facet normal 0.92336216 -0.34795884 -0.16225587
    outer loop
      vertex 0.00226274 -0.02514875 -0.00915340
      vertex 0.00226274 -0.02317721 -0.01338137
      vertex 0.00320000 -0.02121762 -0.01225000
    endloop
  endfacet
  facet normal 0.92336216 -0.34795884 -0.16225587
    outer loop
      vertex 0.00226274 -0.02514875 -0.00915340
      vertex 0.00320000 -0.02121762 -0.01225000
      vertex 0.00320000 -0.02302247 -0.00837949
    endloop
  endfacet
  facet normal 0.92336216 0.34795884 0.16225587
    outer loop
      vertex 0.00320000 -0.02302247 -0.00837949
      vertex 0.00320000 -0.02121762 -0.01225000
      vertex 0.00226274 -0.01925803 -0.01111863
    endloop
  endfacet
  facet normal 0.92336216 0.34795884 0.16225587
    outer loop
      vertex 0.00320000 -0.02302247 -0.00837949
      vertex 0.00226274 -0.01925803 -0.01111863
      vertex 0.00226274 -0.02089619 -0.00760559
    endloop
  endfacet
  facet normal 0.38143943 0.83778533 0.39066572
    outer loop
      vertex 0.00226274 -0.02089619 -0.00760559
      vertex 0.00226274 -0.01925803 -0.01111863
      vertex 0.00000000 -0.01844634 -0.01065000
    endloop
  endfacet
  facet normal 0.38143943 0.83778533 0.39066572
    outer loop
      vertex 0.00226274 -0.02089619 -0.00760559
      vertex 0.00000000 -0.01844634 -0.01065000
      vertex 0.00000000 -0.02001545 -0.00728503
    endloop
  endfacet
  facet normal -0.38143943 0.83778533 0.39066572
    outer loop
      vertex 0.00000000 -0.02001545 -0.00728503
      vertex 0.00000000 -0.01844634 -0.01065000
      vertex -0.00226274 -0.01925803 -0.01111863
    endloop
  endfacet
  facet normal -0.38143943 0.83778533 0.39066572
    outer loop
      vertex 0.00000000 -0.02001545 -0.00728503
      vertex -0.00226274 -0.01925803 -0.01111863
      vertex -0.00226274 -0.02089619 -0.00760559
    endloop
  endfacet
  facet normal -0.92336216 0.34795884 0.16225587
    outer loop
      vertex -0.00226274 -0.02089619 -0.00760559
      vertex -0.00226274 -0.01925803 -0.01111863
      vertex -0.00320000 -0.02121762 -0.01225000
    endloop
  endfacet
  facet normal -0.92336216 0.34795884 0.16225587
    outer loop
      vertex -0.00226274 -0.02089619 -0.00760559
      vertex -0.00320000 -0.02121762 -0.01225000
      vertex -0.00320000 -0.02302247 -0.00837949
    endloop
  endfacet
  facet normal -0.92336216 -0.34795884 -0.16225587
    outer loop
      vertex -0.00320000 -0.02302247 -0.00837949
      vertex -0.00320000 -0.02121762 -0.01225000
      vertex -0.00226274 -0.02317721 -0.01338137
    endloop
  endfacet
  facet normal -0.92336216 -0.34795884 -0.16225587
    outer loop
      vertex -0.00320000 -0.02302247 -0.00837949
      vertex -0.00226274 -0.02317721 -0.01338137
      vertex -0.00226274 -0.02514875 -0.00915340
    endloop
  endfacet
  facet normal -0.38143943 -0.83778533 -0.39066572
    outer loop
      vertex -0.00226274 -0.02514875 -0.00915340
      vertex -0.00226274 -0.02317721 -0.01338137
      vertex 0.00000000 -0.02398890 -0.01385000
    endloop
  endfacet
  facet normal -0.38143943 -0.83778533 -0.39066572
    outer loop
      vertex -0.00226274 -0.02514875 -0.00915340
      vertex 0.00000000 -0.02398890 -0.01385000
      vertex 0.00000000 -0.02602949 -0.00947396
    endloop
  endfacet
  facet normal 0.38143943 -0.75721910 -0.53021052
    outer loop
      vertex 0.00000000 -0.02398890 -0.01385000
      vertex 0.00000000 -0.02121943 -0.01780522
      vertex 0.00226274 -0.02050145 -0.01720276
    endloop
  endfacet
  facet normal 0.38143943 -0.75721910 -0.53021052
    outer loop
      vertex 0.00000000 -0.02398890 -0.01385000
      vertex 0.00226274 -0.02050145 -0.01720276
      vertex 0.00226274 -0.02317721 -0.01338137
    endloop
  endfacet
  facet normal 0.92336216 -0.31449713 -0.22021326
    outer loop
      vertex 0.00226274 -0.02317721 -0.01338137
      vertex 0.00226274 -0.02050145 -0.01720276
      vertex 0.00320000 -0.01876809 -0.01574830
    endloop
  endfacet
  facet normal 0.92336216 -0.31449713 -0.22021326
    outer loop
      vertex 0.00226274 -0.02317721 -0.01338137
      vertex 0.00320000 -0.01876809 -0.01574830
      vertex 0.00320000 -0.02121762 -0.01225000
    endloop
  endfacet
  facet normal 0.92336216 0.31449713 0.22021326
    outer loop
      vertex 0.00320000 -0.02121762 -0.01225000
      vertex 0.00320000 -0.01876809 -0.01574830
      vertex 0.00226274 -0.01703473 -0.01429383
    endloop
  endfacet
  facet normal 0.92336216 0.31449713 0.22021326
    outer loop
      vertex 0.00320000 -0.02121762 -0.01225000
      vertex 0.00226274 -0.01703473 -0.01429383
      vertex 0.00226274 -0.01925803 -0.01111863
    endloop
  endfacet
  facet normal 0.38143943 0.75721910 0.53021052
    outer loop
      vertex 0.00226274 -0.01925803 -0.01111863
      vertex 0.00226274 -0.01703473 -0.01429383
      vertex 0.00000000 -0.01631675 -0.01369138
    endloop
  endfacet
  facet normal 0.38143943 0.75721910 0.53021052
    outer loop
      vertex 0.00226274 -0.01925803 -0.01111863
      vertex 0.00000000 -0.01631675 -0.01369138
      vertex 0.00000000 -0.01844634 -0.01065000
    endloop
  endfacet
  facet normal -0.38143943 0.75721910 0.53021052
    outer loop
      vertex 0.00000000 -0.01844634 -0.01065000
      vertex 0.00000000 -0.01631675 -0.01369138
      vertex -0.00226274 -0.01703473 -0.01429383
    endloop
  endfacet
  facet normal -0.38143943 0.75721910 0.53021052
    outer loop
      vertex 0.00000000 -0.01844634 -0.01065000
      vertex -0.00226274 -0.01703473 -0.01429383
      vertex -0.00226274 -0.01925803 -0.01111863
    endloop
  endfacet
  facet normal -0.92336216 0.31449713 0.22021326
    outer loop
      vertex -0.00226274 -0.01925803 -0.01111863
      vertex -0.00226274 -0.01703473 -0.01429383
      vertex -0.00320000 -0.01876809 -0.01574830
    endloop
  endfacet
  facet normal -0.92336216 0.31449713 0.22021326
    outer loop
      vertex -0.00226274 -0.01925803 -0.01111863
      vertex -0.00320000 -0.01876809 -0.01574830
      vertex -0.00320000 -0.02121762 -0.01225000
    endloop
  endfacet
  facet normal -0.92336216 -0.31449713 -0.22021326
    outer loop
      vertex -0.00320000 -0.02121762 -0.01225000
      vertex -0.00320000 -0.01876809 -0.01574830
      vertex -0.00226274 -0.02050145 -0.01720276
    endloop
  endfacet
  facet normal -0.92336216 -0.31449713 -0.22021326
    outer loop
      vertex -0.00320000 -0.02121762 -0.01225000
      vertex -0.00226274 -0.02050145 -0.01720276
      vertex -0.00226274 -0.02317721 -0.01338137
    endloop
  endfacet
  facet normal -0.38143943 -0.75721910 -0.53021052
    outer loop
      vertex -0.00226274 -0.02317721 -0.01338137
      vertex -0.00226274 -0.02050145 -0.01720276
      vertex 0.00000000 -0.02121943 -0.01780522
    endloop
  endfacet
  facet normal -0.38143943 -0.75721910 -0.53021052
    outer loop
      vertex -0.00226274 -0.02317721 -0.01338137
      vertex 0.00000000 -0.02121943 -0.01780522
      vertex 0.00000000 -0.02398890 -0.01385000
    endloop
  endfacet
  facet normal 0.38143943 -0.65364515 -0.65364515
    outer loop
      vertex 0.00000000 -0.02121943 -0.01780522
      vertex 0.00000000 -0.01780522 -0.02121943
      vertex 0.00226274 -0.01720276 -0.02050145
    endloop
  endfacet
  facet normal 0.38143943 -0.65364515 -0.65364515
    outer loop
      vertex 0.00000000 -0.02121943 -0.01780522
      vertex 0.00226274 -0.01720276 -0.02050145
      vertex 0.00226274 -0.02050145 -0.01720276
    endloop
  endfacet
  facet normal 0.92336216 -0.27147958 -0.27147958
    outer loop
      vertex 0.00226274 -0.02050145 -0.01720276
      vertex 0.00226274 -0.01720276 -0.02050145
      vertex 0.00320000 -0.01574830 -0.01876809
    endloop
  endfacet
  facet normal 0.92336216 -0.27147958 -0.27147958
    outer loop
      vertex 0.00226274 -0.02050145 -0.01720276
      vertex 0.00320000 -0.01574830 -0.01876809
      vertex 0.00320000 -0.01876809 -0.01574830
    endloop
  endfacet
  facet normal 0.92336216 0.27147958 0.27147958
    outer loop
      vertex 0.00320000 -0.01876809 -0.01574830
      vertex 0.00320000 -0.01574830 -0.01876809
      vertex 0.00226274 -0.01429383 -0.01703473
    endloop
  endfacet
  facet normal 0.92336216 0.27147958 0.27147958
    outer loop
      vertex 0.00320000 -0.01876809 -0.01574830
      vertex 0.00226274 -0.01429383 -0.01703473
      vertex 0.00226274 -0.01703473 -0.01429383
    endloop
  endfacet
  facet normal 0.38143943 0.65364515 0.65364515
    outer loop
      vertex 0.00226274 -0.01703473 -0.01429383
      vertex 0.00226274 -0.01429383 -0.01703473
      vertex 0.00000000 -0.01369138 -0.01631675
    endloop
  endfacet
  facet normal 0.38143943 0.65364515 0.65364515
    outer loop
      vertex 0.00226274 -0.01703473 -0.01429383
      vertex 0.00000000 -0.01369138 -0.01631675
      vertex 0.00000000 -0.01631675 -0.01369138
    endloop
  endfacet
  facet normal -0.38143943 0.65364515 0.65364515
    outer loop
      vertex 0.00000000 -0.01631675 -0.01369138
      vertex 0.00000000 -0.01369138 -0.01631675
      vertex -0.00226274 -0.01429383 -0.01703473
    endloop
  endfacet
  facet normal -0.38143943 0.65364515 0.65364515
    outer loop
      vertex 0.00000000 -0.01631675 -0.01369138
      vertex -0.00226274 -0.01429383 -0.01703473
      vertex -0.00226274 -0.01703473 -0.01429383
    endloop
  endfacet
  facet normal -0.92336216 0.27147958 0.27147958
    outer loop
      vertex -0.00226274 -0.01703473 -0.01429383
      vertex -0.00226274 -0.01429383 -0.01703473
      vertex -0.00320000 -0.01574830 -0.01876809
    endloop
  endfacet
  facet normal -0.92336216 0.27147958 0.27147958
    outer loop
      vertex -0.00226274 -0.01703473 -0.01429383
      vertex -0.00320000 -0.01574830 -0.01876809
      vertex -0.00320000 -0.01876809 -0.01574830
    endloop
  endfacet
  facet normal -0.92336216 -0.27147958 -0.27147958
    outer loop
      vertex -0.00320000 -0.01876809 -0.01574830
      vertex -0.00320000 -0.01574830 -0.01876809
      vertex -0.00226274 -0.01720276 -0.02050145
    endloop
  endfacet
  facet normal -0.92336216 -0.27147958 -0.27147958
    outer loop
      vertex -0.00320000 -0.01876809 -0.01574830
      vertex -0.00226274 -0.01720276 -0.02050145
      vertex -0.00226274 -0.02050145 -0.01720276
    endloop
  endfacet
  facet normal -0.38143943 -0.65364515 -0.65364515
    outer loop
      vertex -0.00226274 -0.02050145 -0.01720276
      vertex -0.00226274 -0.01720276 -0.02050145
      vertex 0.00000000 -0.01780522 -0.02121943
    endloop
  endfacet
  facet normal -0.38143943 -0.65364515 -0.65364515
    outer loop
      vertex -0.00226274 -0.02050145 -0.01720276
      vertex 0.00000000 -0.01780522 -0.02121943
      vertex 0.00000000 -0.02121943 -0.01780522
    endloop
  endfacet
  facet normal 0.38143943 -0.53021052 -0.75721910
    outer loop
      vertex 0.00000000 -0.01780522 -0.02121943
      vertex 0.00000000 -0.01385000 -0.02398890
      vertex 0.00226274 -0.01338137 -0.02317721
    endloop
  endfacet
  facet normal 0.38143943 -0.53021052 -0.75721910
    outer loop
      vertex 0.00000000 -0.01780522 -0.02121943
      vertex 0.00226274 -0.01338137 -0.02317721
      vertex 0.00226274 -0.01720276 -0.02050145
    endloop
  endfacet
  facet normal 0.92336216 -0.22021326 -0.31449713
    outer loop
      vertex 0.00226274 -0.01720276 -0.02050145
      vertex 0.00226274 -0.01338137 -0.02317721
      vertex 0.00320000 -0.01225000 -0.02121762
    endloop
  endfacet
  facet normal 0.92336216 -0.22021326 -0.31449713
    outer loop
      vertex 0.00226274 -0.01720276 -0.02050145
      vertex 0.00320000 -0.01225000 -0.02121762
      vertex 0.00320000 -0.01574830 -0.01876809
    endloop
  endfacet
  facet normal 0.92336216 0.22021326 0.31449713
    outer loop
      vertex 0.00320000 -0.01574830 -0.01876809
      vertex 0.00320000 -0.01225000 -0.02121762
      vertex 0.00226274 -0.01111863 -0.01925803
    endloop
  endfacet
  facet normal 0.92336216 0.22021326 0.31449713
    outer loop
      vertex 0.00320000 -0.01574830 -0.01876809
      vertex 0.00226274 -0.01111863 -0.01925803
      vertex 0.00226274 -0.01429383 -0.01703473
    endloop
  endfacet
  facet normal 0.38143943 0.53021052 0.75721910
    outer loop
      vertex 0.00226274 -0.01429383 -0.01703473
      vertex 0.00226274 -0.01111863 -0.01925803
      vertex 0.00000000 -0.01065000 -0.01844634
    endloop
  endfacet
  facet normal 0.38143943 0.53021052 0.75721910
    outer loop
      vertex 0.00226274 -0.01429383 -0.01703473
      vertex 0.00000000 -0.01065000 -0.01844634
      vertex 0.00000000 -0.01369138 -0.01631675
    endloop
  endfacet
  facet normal -0.38143943 0.53021052 0.75721910
    outer loop
      vertex 0.00000000 -0.01369138 -0.01631675
      vertex 0.00000000 -0.01065000 -0.01844634
      vertex -0.00226274 -0.01111863 -0.01925803
    endloop
  endfacet
  facet normal -0.38143943 0.53021052 0.75721910
    outer loop
      vertex 0.00000000 -0.01369138 -0.01631675
      vertex -0.00226274 -0.01111863 -0.01925803
      vertex -0.00226274 -0.01429383 -0.01703473
    endloop
  endfacet
  facet normal -0.92336216 0.22021326 0.31449713
    outer loop
      vertex -0.00226274 -0.01429383 -0.01703473
      vertex -0.00226274 -0.01111863 -0.01925803
      vertex -0.00320000 -0.01225000 -0.02121762
    endloop
  endfacet
  facet normal -0.92336216 0.22021326 0.31449713
    outer loop
      vertex -0.00226274 -0.01429383 -0.01703473
      vertex -0.00320000 -0.01225000 -0.02121762
      vertex -0.00320000 -0.01574830 -0.01876809
    endloop
  endfacet
  facet normal -0.92336216 -0.22021326 -0.31449713
    outer loop
      vertex -0.00320000 -0.01574830 -0.01876809
      vertex -0.00320000 -0.01225000 -0.02121762
      vertex -0.00226274 -0.01338137 -0.02317721
    endloop
  endfacet
  facet normal -0.92336216 -0.22021326 -0.31449713
    outer loop
      vertex -0.00320000 -0.01574830 -0.01876809
      vertex -0.00226274 -0.01338137 -0.02317721
      vertex -0.00226274 -0.01720276 -0.02050145
    endloop
  endfacet
  facet normal -0.38143943 -0.53021052 -0.75721910
    outer loop
      vertex -0.00226274 -0.01720276 -0.02050145
      vertex -0.00226274 -0.01338137 -0.02317721
      vertex 0.00000000 -0.01385000 -0.02398890
    endloop
  endfacet
  facet normal -0.38143943 -0.53021052 -0.75721910
    outer loop
      vertex -0.00226274 -0.01720276 -0.02050145
      vertex 0.00000000 -0.01385000 -0.02398890
      vertex 0.00000000 -0.01780522 -0.02121943
    endloop
  endfacet
  facet normal 0.38143943 -0.39066572 -0.83778533
    outer loop
      vertex 0.00000000 -0.01385000 -0.02398890
      vertex 0.00000000 -0.00947396 -0.02602949
      vertex 0.00226274 -0.00915340 -0.02514875
    endloop
  endfacet
  facet normal 0.38143943 -0.39066572 -0.83778533
    outer loop
      vertex 0.00000000 -0.01385000 -0.02398890
      vertex 0.00226274 -0.00915340 -0.02514875
      vertex 0.00226274 -0.01338137 -0.02317721
    endloop
  endfacet
  facet normal 0.92336216 -0.16225587 -0.34795884
    outer loop
      vertex 0.00226274 -0.01338137 -0.02317721
      vertex 0.00226274 -0.00915340 -0.02514875
      vertex 0.00320000 -0.00837949 -0.02302247
    endloop
  endfacet
  facet normal 0.92336216 -0.16225587 -0.34795884
    outer loop
      vertex 0.00226274 -0.01338137 -0.02317721
      vertex 0.00320000 -0.00837949 -0.02302247
      vertex 0.00320000 -0.01225000 -0.02121762
    endloop
  endfacet
  facet normal 0.92336216 0.16225587 0.34795884
    outer loop
      vertex 0.00320000 -0.01225000 -0.02121762
      vertex 0.00320000 -0.00837949 -0.02302247
      vertex 0.00226274 -0.00760559 -0.02089619
    endloop
  endfacet
  facet normal 0.92336216 0.16225587 0.34795884
    outer loop
      vertex 0.00320000 -0.01225000 -0.02121762
      vertex 0.00226274 -0.00760559 -0.02089619
      vertex 0.00226274 -0.01111863 -0.01925803
    endloop
  endfacet
  facet normal 0.38143943 0.39066572 0.83778533
    outer loop
      vertex 0.00226274 -0.01111863 -0.01925803
      vertex 0.00226274 -0.00760559 -0.02089619
      vertex 0.00000000 -0.00728503 -0.02001545
    endloop
  endfacet
  facet normal 0.38143943 0.39066572 0.83778533
    outer loop
      vertex 0.00226274 -0.01111863 -0.01925803
      vertex 0.00000000 -0.00728503 -0.02001545
      vertex 0.00000000 -0.01065000 -0.01844634
    endloop
  endfacet
  facet normal -0.38143943 0.39066572 0.83778533
    outer loop
      vertex 0.00000000 -0.01065000 -0.01844634
      vertex 0.00000000 -0.00728503 -0.02001545
      vertex -0.00226274 -0.00760559 -0.02089619
    endloop
  endfacet
  facet normal -0.38143943 0.39066572 0.83778533
    outer loop
      vertex 0.00000000 -0.01065000 -0.01844634
      vertex -0.00226274 -0.00760559 -0.02089619
      vertex -0.00226274 -0.01111863 -0.01925803
    endloop
  endfacet
  facet normal -0.92336216 0.16225587 0.34795884
    outer loop
      vertex -0.00226274 -0.01111863 -0.01925803
      vertex -0.00226274 -0.00760559 -0.02089619
      vertex -0.00320000 -0.00837949 -0.02302247
    endloop
  endfacet
  facet normal -0.92336216 0.16225587 0.34795884
    outer loop
      vertex -0.00226274 -0.01111863 -0.01925803
      vertex -0.00320000 -0.00837949 -0.02302247
      vertex -0.00320000 -0.01225000 -0.02121762
    endloop
  endfacet
  facet normal -0.92336216 -0.16225587 -0.34795884
    outer loop
      vertex -0.00320000 -0.01225000 -0.02121762
      vertex -0.00320000 -0.00837949 -0.02302247
      vertex -0.00226274 -0.00915340 -0.02514875
    endloop
  endfacet
  facet normal -0.92336216 -0.16225587 -0.34795884
    outer loop
      vertex -0.00320000 -0.01225000 -0.02121762
      vertex -0.00226274 -0.00915340 -0.02514875
      vertex -0.00226274 -0.01338137 -0.02317721
    endloop
  endfacet
  facet normal -0.38143943 -0.39066572 -0.83778533
    outer loop
      vertex -0.00226274 -0.01338137 -0.02317721
      vertex -0.00226274 -0.00915340 -0.02514875
      vertex 0.00000000 -0.00947396 -0.02602949
    endloop
  endfacet
  facet normal -0.38143943 -0.39066572 -0.83778533
    outer loop
      vertex -0.00226274 -0.01338137 -0.02317721
      vertex 0.00000000 -0.00947396 -0.02602949
      vertex 0.00000000 -0.01385000 -0.02398890
    endloop
  endfacet
  facet normal 0.38143943 -0.23925073 -0.89289588
    outer loop
      vertex 0.00000000 -0.00947396 -0.02602949
      vertex 0.00000000 -0.00481005 -0.02727917
      vertex 0.00226274 -0.00464730 -0.02635616
    endloop
  endfacet
  facet normal 0.38143943 -0.23925073 -0.89289588
    outer loop
      vertex 0.00000000 -0.00947396 -0.02602949
      vertex 0.00226274 -0.00464730 -0.02635616
      vertex 0.00226274 -0.00915340 -0.02514875
    endloop
  endfacet
  facet normal 0.92336216 -0.09936842 -0.37084800
    outer loop
      vertex 0.00226274 -0.00915340 -0.02514875
      vertex 0.00226274 -0.00464730 -0.02635616
      vertex 0.00320000 -0.00425438 -0.02412779
    endloop
  endfacet
  facet normal 0.92336216 -0.09936842 -0.37084800
    outer loop
      vertex 0.00226274 -0.00915340 -0.02514875
      vertex 0.00320000 -0.00425438 -0.02412779
      vertex 0.00320000 -0.00837949 -0.02302247
    endloop
  endfacet
  facet normal 0.92336216 0.09936842 0.37084800
    outer loop
      vertex 0.00320000 -0.00837949 -0.02302247
      vertex 0.00320000 -0.00425438 -0.02412779
      vertex 0.00226274 -0.00386146 -0.02189942
    endloop
  endfacet
  facet normal 0.92336216 0.09936842 0.37084800
    outer loop
      vertex 0.00320000 -0.00837949 -0.02302247
      vertex 0.00226274 -0.00386146 -0.02189942
      vertex 0.00226274 -0.00760559 -0.02089619
    endloop
  endfacet
  facet normal 0.38143943 0.23925073 0.89289588
    outer loop
      vertex 0.00226274 -0.00760559 -0.02089619
      vertex 0.00226274 -0.00386146 -0.02189942
      vertex 0.00000000 -0.00369871 -0.02097641
    endloop
  endfacet
  facet normal 0.38143943 0.23925073 0.89289588
    outer loop
      vertex 0.00226274 -0.00760559 -0.02089619
      vertex 0.00000000 -0.00369871 -0.02097641
      vertex 0.00000000 -0.00728503 -0.02001545
    endloop
  endfacet
  facet normal -0.38143943 0.23925073 0.89289588
    outer loop
      vertex 0.00000000 -0.00728503 -0.02001545
      vertex 0.00000000 -0.00369871 -0.02097641
      vertex -0.00226274 -0.00386146 -0.02189942
    endloop
  endfacet
  facet normal -0.38143943 0.23925073 0.89289588
    outer loop
      vertex 0.00000000 -0.00728503 -0.02001545
      vertex -0.00226274 -0.00386146 -0.02189942
      vertex -0.00226274 -0.00760559 -0.02089619
    endloop
  endfacet
  facet normal -0.92336216 0.09936842 0.37084800
    outer loop
      vertex -0.00226274 -0.00760559 -0.02089619
      vertex -0.00226274 -0.00386146 -0.02189942
      vertex -0.00320000 -0.00425438 -0.02412779
    endloop
  endfacet
  facet normal -0.92336216 0.09936842 0.37084800
    outer loop
      vertex -0.00226274 -0.00760559 -0.02089619
      vertex -0.00320000 -0.00425438 -0.02412779
      vertex -0.00320000 -0.00837949 -0.02302247
    endloop
  endfacet
  facet normal -0.92336216 -0.09936842 -0.37084800
    outer loop
      vertex -0.00320000 -0.00837949 -0.02302247
      vertex -0.00320000 -0.00425438 -0.02412779
      vertex -0.00226274 -0.00464730 -0.02635616
    endloop
  endfacet
  facet normal -0.92336216 -0.09936842 -0.37084800
    outer loop
      vertex -0.00320000 -0.00837949 -0.02302247
      vertex -0.00226274 -0.00464730 -0.02635616
      vertex -0.00226274 -0.00915340 -0.02514875
    endloop
  endfacet
  facet normal -0.38143943 -0.23925073 -0.89289588
    outer loop
      vertex -0.00226274 -0.00915340 -0.02514875
      vertex -0.00226274 -0.00464730 -0.02635616
      vertex 0.00000000 -0.00481005 -0.02727917
    endloop
  endfacet
  facet normal -0.38143943 -0.23925073 -0.89289588
    outer loop
      vertex -0.00226274 -0.00915340 -0.02514875
      vertex 0.00000000 -0.00481005 -0.02727917
      vertex 0.00000000 -0.00947396 -0.02602949
    endloop
  endfacet
  facet normal 0.38143943 -0.08056623 -0.92087624
    outer loop
      vertex 0.00000000 -0.00481005 -0.02727917
      vertex 0.00000000 -0.00000000 -0.02770000
      vertex 0.00226274 -0.00000000 -0.02676274
    endloop
  endfacet
  facet normal 0.38143943 -0.08056623 -0.92087624
    outer loop
      vertex 0.00000000 -0.00481005 -0.02727917
      vertex 0.00226274 -0.00000000 -0.02676274
      vertex 0.00226274 -0.00464730 -0.02635616
    endloop
  endfacet
  facet normal 0.92336216 -0.03346171 -0.38246913
    outer loop
      vertex 0.00226274 -0.00464730 -0.02635616
      vertex 0.00226274 -0.00000000 -0.02676274
      vertex 0.00320000 -0.00000000 -0.02450000
    endloop
  endfacet
  facet normal 0.92336216 -0.03346171 -0.38246913
    outer loop
      vertex 0.00226274 -0.00464730 -0.02635616
      vertex 0.00320000 -0.00000000 -0.02450000
      vertex 0.00320000 -0.00425438 -0.02412779
    endloop
  endfacet
  facet normal 0.92336216 0.03346171 0.38246913
    outer loop
      vertex 0.00320000 -0.00425438 -0.02412779
      vertex 0.00320000 -0.00000000 -0.02450000
      vertex 0.00226274 -0.00000000 -0.02223726
    endloop
  endfacet
  facet normal 0.92336216 0.03346171 0.38246913
    outer loop
      vertex 0.00320000 -0.00425438 -0.02412779
      vertex 0.00226274 -0.00000000 -0.02223726
      vertex 0.00226274 -0.00386146 -0.02189942
    endloop
  endfacet
  facet normal 0.38143943 0.08056623 0.92087624
    outer loop
      vertex 0.00226274 -0.00386146 -0.02189942
      vertex 0.00226274 -0.00000000 -0.02223726
      vertex 0.00000000 -0.00000000 -0.02130000
    endloop
  endfacet
  facet normal 0.38143943 0.08056623 0.92087624
    outer loop
      vertex 0.00226274 -0.00386146 -0.02189942
      vertex 0.00000000 -0.00000000 -0.02130000
      vertex 0.00000000 -0.00369871 -0.02097641
    endloop
  endfacet
  facet normal -0.38143943 0.08056623 0.92087624
    outer loop
      vertex 0.00000000 -0.00369871 -0.02097641
      vertex 0.00000000 -0.00000000 -0.02130000
      vertex -0.00226274 -0.00000000 -0.02223726
    endloop
  endfacet
  facet normal -0.38143943 0.08056623 0.92087624
    outer loop
      vertex 0.00000000 -0.00369871 -0.02097641
      vertex -0.00226274 -0.00000000 -0.02223726
      vertex -0.00226274 -0.00386146 -0.02189942
    endloop
  endfacet
  facet normal -0.92336216 0.03346171 0.38246913
    outer loop
      vertex -0.00226274 -0.00386146 -0.02189942
      vertex -0.00226274 -0.00000000 -0.02223726
      vertex -0.00320000 -0.00000000 -0.02450000
    endloop
  endfacet
  facet normal -0.92336216 0.03346171 0.38246913
    outer loop
      vertex -0.00226274 -0.00386146 -0.02189942
      vertex -0.00320000 -0.00000000 -0.02450000
      vertex -0.00320000 -0.00425438 -0.02412779
    endloop
  endfacet
  facet normal -0.92336216 -0.03346171 -0.38246913
    outer loop
      vertex -0.00320000 -0.00425438 -0.02412779
      vertex -0.00320000 -0.00000000 -0.02450000
      vertex -0.00226274 -0.00000000 -0.02676274
    endloop
  endfacet
  facet normal -0.92336216 -0.03346171 -0.38246913
    outer loop
      vertex -0.00320000 -0.00425438 -0.02412779
      vertex -0.00226274 -0.00000000 -0.02676274
      vertex -0.00226274 -0.00464730 -0.02635616
    endloop
  endfacet
  facet normal -0.38143943 -0.08056623 -0.92087624
    outer loop
      vertex -0.00226274 -0.00464730 -0.02635616
      vertex -0.00226274 -0.00000000 -0.02676274
      vertex 0.00000000 -0.00000000 -0.02770000
    endloop
  endfacet
  facet normal -0.38143943 -0.08056623 -0.92087624
    outer loop
      vertex -0.00226274 -0.00464730 -0.02635616
      vertex 0.00000000 -0.00000000 -0.02770000
      vertex 0.00000000 -0.00481005 -0.02727917
    endloop
  endfacet
  facet normal 0.38143943 0.08056623 -0.92087624
    outer loop
      vertex 0.00000000 -0.00000000 -0.02770000
      vertex 0.00000000 0.00481005 -0.02727917
      vertex 0.00226274 0.00464730 -0.02635616
    endloop
  endfacet
  facet normal 0.38143943 0.08056623 -0.92087624
    outer loop
      vertex 0.00000000 -0.00000000 -0.02770000
      vertex 0.00226274 0.00464730 -0.02635616
      vertex 0.00226274 -0.00000000 -0.02676274
    endloop
  endfacet
  facet normal 0.92336216 0.03346171 -0.38246913
    outer loop
      vertex 0.00226274 -0.00000000 -0.02676274
      vertex 0.00226274 0.00464730 -0.02635616
      vertex 0.00320000 0.00425438 -0.02412779
    endloop
  endfacet
  facet normal 0.92336216 0.03346171 -0.38246913
    outer loop
      vertex 0.00226274 -0.00000000 -0.02676274
      vertex 0.00320000 0.00425438 -0.02412779
      vertex 0.00320000 -0.00000000 -0.02450000
    endloop
  endfacet
  facet normal 0.92336216 -0.03346171 0.38246913
    outer loop
      vertex 0.00320000 -0.00000000 -0.02450000
      vertex 0.00320000 0.00425438 -0.02412779
      vertex 0.00226274 0.00386146 -0.02189942
    endloop
  endfacet
  facet normal 0.92336216 -0.03346171 0.38246913
    outer loop
      vertex 0.00320000 -0.00000000 -0.02450000
      vertex 0.00226274 0.00386146 -0.02189942
      vertex 0.00226274 -0.00000000 -0.02223726
    endloop
  endfacet
  facet normal 0.38143943 -0.08056623 0.92087624
    outer loop
      vertex 0.00226274 -0.00000000 -0.02223726
      vertex 0.00226274 0.00386146 -0.02189942
      vertex 0.00000000 0.00369871 -0.02097641
    endloop
  endfacet
  facet normal 0.38143943 -0.08056623 0.92087624
    outer loop
      vertex 0.00226274 -0.00000000 -0.02223726
      vertex 0.00000000 0.00369871 -0.02097641
      vertex 0.00000000 -0.00000000 -0.02130000
    endloop
  endfacet
  facet normal -0.38143943 -0.08056623 0.92087624
    outer loop
      vertex 0.00000000 -0.00000000 -0.02130000
      vertex 0.00000000 0.00369871 -0.02097641
      vertex -0.00226274 0.00386146 -0.02189942
    endloop
  endfacet
  facet normal -0.38143943 -0.08056623 0.92087624
    outer loop
      vertex 0.00000000 -0.00000000 -0.02130000
      vertex -0.00226274 0.00386146 -0.02189942
      vertex -0.00226274 -0.00000000 -0.02223726
    endloop
  endfacet
  facet normal -0.92336216 -0.03346171 0.38246913
    outer loop
      vertex -0.00226274 -0.00000000 -0.02223726
      vertex -0.00226274 0.00386146 -0.02189942
      vertex -0.00320000 0.00425438 -0.02412779
    endloop
  endfacet
  facet normal -0.92336216 -0.03346171 0.38246913
    outer loop
      vertex -0.00226274 -0.00000000 -0.02223726
      vertex -0.00320000 0.00425438 -0.02412779
      vertex -0.00320000 -0.00000000 -0.02450000
    endloop
  endfacet
  facet normal -0.92336216 0.03346171 -0.38246913
    outer loop
      vertex -0.00320000 -0.00000000 -0.02450000
      vertex -0.00320000 0.00425438 -0.02412779
      vertex -0.00226274 0.00464730 -0.02635616
    endloop
  endfacet
  facet normal -0.92336216 0.03346171 -0.38246913
    outer loop
      vertex -0.00320000 -0.00000000 -0.02450000
      vertex -0.00226274 0.00464730 -0.02635616
      vertex -0.00226274 -0.00000000 -0.02676274
    endloop
  endfacet
  facet normal -0.38143943 0.08056623 -0.92087624
    outer loop
      vertex -0.00226274 -0.00000000 -0.02676274
      vertex -0.00226274 0.00464730 -0.02635616
      vertex 0.00000000 0.00481005 -0.02727917
    endloop
  endfacet
  facet normal -0.38143943 0.08056623 -0.92087624
    outer loop
      vertex -0.00226274 -0.00000000 -0.02676274
      vertex 0.00000000 0.00481005 -0.02727917
      vertex 0.00000000 -0.00000000 -0.02770000
    endloop
  endfacet
  facet normal 0.38143943 0.23925073 -0.89289588
    outer loop
      vertex 0.00000000 0.00481005 -0.02727917
      vertex 0.00000000 0.00947396 -0.02602949
      vertex 0.00226274 0.00915340 -0.02514875
    endloop
  endfacet
  facet normal 0.38143943 0.23925073 -0.89289588
    outer loop
      vertex 0.00000000 0.00481005 -0.02727917
      vertex 0.00226274 0.00915340 -0.02514875
      vertex 0.00226274 0.00464730 -0.02635616
    endloop
  endfacet
  facet normal 0.92336216 0.09936842 -0.37084800
    outer loop
      vertex 0.00226274 0.00464730 -0.02635616
      vertex 0.00226274 0.00915340 -0.02514875
      vertex 0.00320000 0.00837949 -0.02302247
    endloop
  endfacet
  facet normal 0.92336216 0.09936842 -0.37084800
    outer loop
      vertex 0.00226274 0.00464730 -0.02635616
      vertex 0.00320000 0.00837949 -0.02302247
      vertex 0.00320000 0.00425438 -0.02412779
    endloop
  endfacet
  facet normal 0.92336216 -0.09936842 0.37084800
    outer loop
      vertex 0.00320000 0.00425438 -0.02412779
      vertex 0.00320000 0.00837949 -0.02302247
      vertex 0.00226274 0.00760559 -0.02089619
    endloop
  endfacet
  facet normal 0.92336216 -0.09936842 0.37084800
    outer loop
      vertex 0.00320000 0.00425438 -0.02412779
      vertex 0.00226274 0.00760559 -0.02089619
      vertex 0.00226274 0.00386146 -0.02189942
    endloop
  endfacet
  facet normal 0.38143943 -0.23925073 0.89289588
    outer loop
      vertex 0.00226274 0.00386146 -0.02189942
      vertex 0.00226274 0.00760559 -0.02089619
      vertex 0.00000000 0.00728503 -0.02001545
    endloop
  endfacet
  facet normal 0.38143943 -0.23925073 0.89289588
    outer loop
      vertex 0.00226274 0.00386146 -0.02189942
      vertex 0.00000000 0.00728503 -0.02001545
      vertex 0.00000000 0.00369871 -0.02097641
    endloop
  endfacet
  facet normal -0.38143943 -0.23925073 0.89289588
    outer loop
      vertex 0.00000000 0.00369871 -0.02097641
      vertex 0.00000000 0.00728503 -0.02001545
      vertex -0.00226274 0.00760559 -0.02089619
    endloop
  endfacet
  facet normal -0.38143943 -0.23925073 0.89289588
    outer loop
      vertex 0.00000000 0.00369871 -0.02097641
      vertex -0.00226274 0.00760559 -0.02089619
      vertex -0.00226274 0.00386146 -0.02189942
    endloop
  endfacet
  facet normal -0.92336216 -0.09936842 0.37084800
    outer loop
      vertex -0.00226274 0.00386146 -0.02189942
      vertex -0.00226274 0.00760559 -0.02089619
      vertex -0.00320000 0.00837949 -0.02302247
    endloop
  endfacet
  facet normal -0.92336216 -0.09936842 0.37084800
    outer loop
      vertex -0.00226274 0.00386146 -0.02189942
      vertex -0.00320000 0.00837949 -0.02302247
      vertex -0.00320000 0.00425438 -0.02412779
    endloop
  endfacet
  facet normal -0.92336216 0.09936842 -0.37084800
    outer loop
      vertex -0.00320000 0.00425438 -0.02412779
      vertex -0.00320000 0.00837949 -0.02302247
      vertex -0.00226274 0.00915340 -0.02514875
    endloop
  endfacet
  facet normal -0.92336216 0.09936842 -0.37084800
    outer loop
      vertex -0.00320000 0.00425438 -0.02412779
      vertex -0.00226274 0.00915340 -0.02514875
      vertex -0.00226274 0.00464730 -0.02635616
    endloop
  endfacet
  facet normal -0.38143943 0.23925073 -0.89289588
    outer loop
      vertex -0.00226274 0.00464730 -0.02635616
      vertex -0.00226274 0.00915340 -0.02514875
      vertex 0.00000000 0.00947396 -0.02602949
    endloop
  endfacet
  facet normal -0.38143943 0.23925073 -0.89289588
    outer loop
      vertex -0.00226274 0.00464730 -0.02635616
      vertex 0.00000000 0.00947396 -0.02602949
      vertex 0.00000000 0.00481005 -0.02727917
    endloop
  endfacet
  facet normal 0.38143943 0.39066572 -0.83778533
    outer loop
      vertex 0.00000000 0.00947396 -0.02602949
      vertex 0.00000000 0.01385000 -0.02398890
      vertex 0.00226274 0.01338137 -0.02317721
    endloop
  endfacet
  facet normal 0.38143943 0.39066572 -0.83778533
    outer loop
      vertex 0.00000000 0.00947396 -0.02602949
      vertex 0.00226274 0.01338137 -0.02317721
      vertex 0.00226274 0.00915340 -0.02514875
    endloop
  endfacet
  facet normal 0.92336216 0.16225587 -0.34795884
    outer loop
      vertex 0.00226274 0.00915340 -0.02514875
      vertex 0.00226274 0.01338137 -0.02317721
      vertex 0.00320000 0.01225000 -0.02121762
    endloop
  endfacet
  facet normal 0.92336216 0.16225587 -0.34795884
    outer loop
      vertex 0.00226274 0.00915340 -0.02514875
      vertex 0.00320000 0.01225000 -0.02121762
      vertex 0.00320000 0.00837949 -0.02302247
    endloop
  endfacet
  facet normal 0.92336216 -0.16225587 0.34795884
    outer loop
      vertex 0.00320000 0.00837949 -0.02302247
      vertex 0.00320000 0.01225000 -0.02121762
      vertex 0.00226274 0.01111863 -0.01925803
    endloop
  endfacet
  facet normal 0.92336216 -0.16225587 0.34795884
    outer loop
      vertex 0.00320000 0.00837949 -0.02302247
      vertex 0.00226274 0.01111863 -0.01925803
      vertex 0.00226274 0.00760559 -0.02089619
    endloop
  endfacet
  facet normal 0.38143943 -0.39066572 0.83778533
    outer loop
      vertex 0.00226274 0.00760559 -0.02089619
      vertex 0.00226274 0.01111863 -0.01925803
      vertex 0.00000000 0.01065000 -0.01844634
    endloop
  endfacet
  facet normal 0.38143943 -0.39066572 0.83778533
    outer loop
      vertex 0.00226274 0.00760559 -0.02089619
      vertex 0.00000000 0.01065000 -0.01844634
      vertex 0.00000000 0.00728503 -0.02001545
    endloop
  endfacet
  facet normal -0.38143943 -0.39066572 0.83778533
    outer loop
      vertex 0.00000000 0.00728503 -0.02001545
      vertex 0.00000000 0.01065000 -0.01844634
      vertex -0.00226274 0.01111863 -0.01925803
    endloop
  endfacet
  facet normal -0.38143943 -0.39066572 0.83778533
    outer loop
      vertex 0.00000000 0.00728503 -0.02001545
      vertex -0.00226274 0.01111863 -0.01925803
      vertex -0.00226274 0.00760559 -0.02089619
    endloop
  endfacet
  facet normal -0.92336216 -0.16225587 0.34795884
    outer loop
      vertex -0.00226274 0.00760559 -0.02089619
      vertex -0.00226274 0.01111863 -0.01925803
      vertex -0.00320000 0.01225000 -0.02121762
    endloop
  endfacet
  facet normal -0.92336216 -0.16225587 0.34795884
    outer loop
      vertex -0.00226274 0.00760559 -0.02089619
      vertex -0.00320000 0.01225000 -0.02121762
      vertex -0.00320000 0.00837949 -0.02302247
    endloop
  endfacet
  facet normal -0.92336216 0.16225587 -0.34795884
    outer loop
      vertex -0.00320000 0.00837949 -0.02302247
      vertex -0.00320000 0.01225000 -0.02121762
      vertex -0.00226274 0.01338137 -0.02317721
    endloop
  endfacet
  facet normal -0.92336216 0.16225587 -0.34795884
    outer loop
      vertex -0.00320000 0.00837949 -0.02302247
      vertex -0.00226274 0.01338137 -0.02317721
      vertex -0.00226274 0.00915340 -0.02514875
    endloop
  endfacet
  facet normal -0.38143943 0.39066572 -0.83778533
    outer loop
      vertex -0.00226274 0.00915340 -0.02514875
      vertex -0.00226274 0.01338137 -0.02317721
      vertex 0.00000000 0.01385000 -0.02398890
    endloop
  endfacet
  facet normal -0.38143943 0.39066572 -0.83778533
    outer loop
      vertex -0.00226274 0.00915340 -0.02514875
      vertex 0.00000000 0.01385000 -0.02398890
      vertex 0.00000000 0.00947396 -0.02602949
    endloop
  endfacet
  facet normal 0.38143943 0.53021052 -0.75721910
    outer loop
      vertex 0.00000000 0.01385000 -0.02398890
      vertex 0.00000000 0.01780522 -0.02121943
      vertex 0.00226274 0.01720276 -0.02050145
    endloop
  endfacet
  facet normal 0.38143943 0.53021052 -0.75721910
    outer loop
      vertex 0.00000000 0.01385000 -0.02398890
      vertex 0.00226274 0.01720276 -0.02050145
      vertex 0.00226274 0.01338137 -0.02317721
    endloop
  endfacet
  facet normal 0.92336216 0.22021326 -0.31449713
    outer loop
      vertex 0.00226274 0.01338137 -0.02317721
      vertex 0.00226274 0.01720276 -0.02050145
      vertex 0.00320000 0.01574830 -0.01876809
    endloop
  endfacet
  facet normal 0.92336216 0.22021326 -0.31449713
    outer loop
      vertex 0.00226274 0.01338137 -0.02317721
      vertex 0.00320000 0.01574830 -0.01876809
      vertex 0.00320000 0.01225000 -0.02121762
    endloop
  endfacet
  facet normal 0.92336216 -0.22021326 0.31449713
    outer loop
      vertex 0.00320000 0.01225000 -0.02121762
      vertex 0.00320000 0.01574830 -0.01876809
      vertex 0.00226274 0.01429383 -0.01703473
    endloop
  endfacet
  facet normal 0.92336216 -0.22021326 0.31449713
    outer loop
      vertex 0.00320000 0.01225000 -0.02121762
      vertex 0.00226274 0.01429383 -0.01703473
      vertex 0.00226274 0.01111863 -0.01925803
    endloop
  endfacet
  facet normal 0.38143943 -0.53021052 0.75721910
    outer loop
      vertex 0.00226274 0.01111863 -0.01925803
      vertex 0.00226274 0.01429383 -0.01703473
      vertex 0.00000000 0.01369138 -0.01631675
    endloop
  endfacet
  facet normal 0.38143943 -0.53021052 0.75721910
    outer loop
      vertex 0.00226274 0.01111863 -0.01925803
      vertex 0.00000000 0.01369138 -0.01631675
      vertex 0.00000000 0.01065000 -0.01844634
    endloop
  endfacet
  facet normal -0.38143943 -0.53021052 0.75721910
    outer loop
      vertex 0.00000000 0.01065000 -0.01844634
      vertex 0.00000000 0.01369138 -0.01631675
      vertex -0.00226274 0.01429383 -0.01703473
    endloop
  endfacet
  facet normal -0.38143943 -0.53021052 0.75721910
    outer loop
      vertex 0.00000000 0.01065000 -0.01844634
      vertex -0.00226274 0.01429383 -0.01703473
      vertex -0.00226274 0.01111863 -0.01925803
    endloop
  endfacet
  facet normal -0.92336216 -0.22021326 0.31449713
    outer loop
      vertex -0.00226274 0.01111863 -0.01925803
      vertex -0.00226274 0.01429383 -0.01703473
      vertex -0.00320000 0.01574830 -0.01876809
    endloop
  endfacet
  facet normal -0.92336216 -0.22021326 0.31449713
    outer loop
      vertex -0.00226274 0.01111863 -0.01925803
      vertex -0.00320000 0.01574830 -0.01876809
      vertex -0.00320000 0.01225000 -0.02121762
    endloop
  endfacet
  facet normal -0.92336216 0.22021326 -0.31449713
    outer loop
      vertex -0.00320000 0.01225000 -0.02121762
      vertex -0.00320000 0.01574830 -0.01876809
      vertex -0.00226274 0.01720276 -0.02050145
    endloop
  endfacet
  facet normal -0.92336216 0.22021326 -0.31449713
    outer loop
      vertex -0.00320000 0.01225000 -0.02121762
      vertex -0.00226274 0.01720276 -0.02050145
      vertex -0.00226274 0.01338137 -0.02317721
    endloop
  endfacet
  facet normal -0.38143943 0.53021052 -0.75721910
    outer loop
      vertex -0.00226274 0.01338137 -0.02317721
      vertex -0.00226274 0.01720276 -0.02050145
      vertex 0.00000000 0.01780522 -0.02121943
    endloop
  endfacet
  facet normal -0.38143943 0.53021052 -0.75721910
    outer loop
      vertex -0.00226274 0.01338137 -0.02317721
      vertex 0.00000000 0.01780522 -0.02121943
      vertex 0.00000000 0.01385000 -0.02398890
    endloop
  endfacet
  facet normal 0.38143943 0.65364515 -0.65364515
    outer loop
      vertex 0.00000000 0.01780522 -0.02121943
      vertex 0.00000000 0.02121943 -0.01780522
      vertex 0.00226274 0.02050145 -0.01720276
    endloop
  endfacet
  facet normal 0.38143943 0.65364515 -0.65364515
    outer loop
      vertex 0.00000000 0.01780522 -0.02121943
      vertex 0.00226274 0.02050145 -0.01720276
      vertex 0.00226274 0.01720276 -0.02050145
    endloop
  endfacet
  facet normal 0.92336216 0.27147958 -0.27147958
    outer loop
      vertex 0.00226274 0.01720276 -0.02050145
      vertex 0.00226274 0.02050145 -0.01720276
      vertex 0.00320000 0.01876809 -0.01574830
    endloop
  endfacet
  facet normal 0.92336216 0.27147958 -0.27147958
    outer loop
      vertex 0.00226274 0.01720276 -0.02050145
      vertex 0.00320000 0.01876809 -0.01574830
      vertex 0.00320000 0.01574830 -0.01876809
    endloop
  endfacet
  facet normal 0.92336216 -0.27147958 0.27147958
    outer loop
      vertex 0.00320000 0.01574830 -0.01876809
      vertex 0.00320000 0.01876809 -0.01574830
      vertex 0.00226274 0.01703473 -0.01429383
    endloop
  endfacet
  facet normal 0.92336216 -0.27147958 0.27147958
    outer loop
      vertex 0.00320000 0.01574830 -0.01876809
      vertex 0.00226274 0.01703473 -0.01429383
      vertex 0.00226274 0.01429383 -0.01703473
    endloop
  endfacet
  facet normal 0.38143943 -0.65364515 0.65364515
    outer loop
      vertex 0.00226274 0.01429383 -0.01703473
      vertex 0.00226274 0.01703473 -0.01429383
      vertex 0.00000000 0.01631675 -0.01369138
    endloop
  endfacet
  facet normal 0.38143943 -0.65364515 0.65364515
    outer loop
      vertex 0.00226274 0.01429383 -0.01703473
      vertex 0.00000000 0.01631675 -0.01369138
      vertex 0.00000000 0.01369138 -0.01631675
    endloop
  endfacet
  facet normal -0.38143943 -0.65364515 0.65364515
    outer loop
      vertex 0.00000000 0.01369138 -0.01631675
      vertex 0.00000000 0.01631675 -0.01369138
      vertex -0.00226274 0.01703473 -0.01429383
    endloop
  endfacet
  facet normal -0.38143943 -0.65364515 0.65364515
    outer loop
      vertex 0.00000000 0.01369138 -0.01631675
      vertex -0.00226274 0.01703473 -0.01429383
      vertex -0.00226274 0.01429383 -0.01703473
    endloop
  endfacet
  facet normal -0.92336216 -0.27147958 0.27147958
    outer loop
      vertex -0.00226274 0.01429383 -0.01703473
      vertex -0.00226274 0.01703473 -0.01429383
      vertex -0.00320000 0.01876809 -0.01574830
    endloop
  endfacet
  facet normal -0.92336216 -0.27147958 0.27147958
    outer loop
      vertex -0.00226274 0.01429383 -0.01703473
      vertex -0.00320000 0.01876809 -0.01574830
      vertex -0.00320000 0.01574830 -0.01876809
    endloop
  endfacet
  facet normal -0.92336216 0.27147958 -0.27147958
    outer loop
      vertex -0.00320000 0.01574830 -0.01876809
      vertex -0.00320000 0.01876809 -0.01574830
      vertex -0.00226274 0.02050145 -0.01720276
    endloop
  endfacet
  facet normal -0.92336216 0.27147958 -0.27147958
    outer loop
      vertex -0.00320000 0.01574830 -0.01876809
      vertex -0.00226274 0.02050145 -0.01720276
      vertex -0.00226274 0.01720276 -0.02050145
    endloop
  endfacet
  facet normal -0.38143943 0.65364515 -0.65364515
    outer loop
      vertex -0.00226274 0.01720276 -0.02050145
      vertex -0.00226274 0.02050145 -0.01720276
      vertex 0.00000000 0.02121943 -0.01780522
    endloop
  endfacet
  facet normal -0.38143943 0.65364515 -0.65364515
    outer loop
      vertex -0.00226274 0.01720276 -0.02050145
      vertex 0.00000000 0.02121943 -0.01780522
      vertex 0.00000000 0.01780522 -0.02121943
    endloop
  endfacet
  facet normal 0.38143943 0.75721910 -0.53021052
    outer loop
      vertex 0.00000000 0.02121943 -0.01780522
      vertex 0.00000000 0.02398890 -0.01385000
      vertex 0.00226274 0.02317721 -0.01338137
    endloop
  endfacet
  facet normal 0.38143943 0.75721910 -0.53021052
    outer loop
      vertex 0.00000000 0.02121943 -0.01780522
      vertex 0.00226274 0.02317721 -0.01338137
      vertex 0.00226274 0.02050145 -0.01720276
    endloop
  endfacet
  facet normal 0.92336216 0.31449713 -0.22021326
    outer loop
      vertex 0.00226274 0.02050145 -0.01720276
      vertex 0.00226274 0.02317721 -0.01338137
      vertex 0.00320000 0.02121762 -0.01225000
    endloop
  endfacet
  facet normal 0.92336216 0.31449713 -0.22021326
    outer loop
      vertex 0.00226274 0.02050145 -0.01720276
      vertex 0.00320000 0.02121762 -0.01225000
      vertex 0.00320000 0.01876809 -0.01574830
    endloop
  endfacet
  facet normal 0.92336216 -0.31449713 0.22021326
    outer loop
      vertex 0.00320000 0.01876809 -0.01574830
      vertex 0.00320000 0.02121762 -0.01225000
      vertex 0.00226274 0.01925803 -0.01111863
    endloop
  endfacet
  facet normal 0.92336216 -0.31449713 0.22021326
    outer loop
      vertex 0.00320000 0.01876809 -0.01574830
      vertex 0.00226274 0.01925803 -0.01111863
      vertex 0.00226274 0.01703473 -0.01429383
    endloop
  endfacet
  facet normal 0.38143943 -0.75721910 0.53021052
    outer loop
      vertex 0.00226274 0.01703473 -0.01429383
      vertex 0.00226274 0.01925803 -0.01111863
      vertex 0.00000000 0.01844634 -0.01065000
    endloop
  endfacet
  facet normal 0.38143943 -0.75721910 0.53021052
    outer loop
      vertex 0.00226274 0.01703473 -0.01429383
      vertex 0.00000000 0.01844634 -0.01065000
      vertex 0.00000000 0.01631675 -0.01369138
    endloop
  endfacet
  facet normal -0.38143943 -0.75721910 0.53021052
    outer loop
      vertex 0.00000000 0.01631675 -0.01369138
      vertex 0.00000000 0.01844634 -0.01065000
      vertex -0.00226274 0.01925803 -0.01111863
    endloop
  endfacet
  facet normal -0.38143943 -0.75721910 0.53021052
    outer loop
      vertex 0.00000000 0.01631675 -0.01369138
      vertex -0.00226274 0.01925803 -0.01111863
      vertex -0.00226274 0.01703473 -0.01429383
    endloop
  endfacet
  facet normal -0.92336216 -0.31449713 0.22021326
    outer loop
      vertex -0.00226274 0.01703473 -0.01429383
      vertex -0.00226274 0.01925803 -0.01111863
      vertex -0.00320000 0.02121762 -0.01225000
    endloop
  endfacet
  facet normal -0.92336216 -0.31449713 0.22021326
    outer loop
      vertex -0.00226274 0.01703473 -0.01429383
      vertex -0.00320000 0.02121762 -0.01225000
      vertex -0.00320000 0.01876809 -0.01574830
    endloop
  endfacet
  facet normal -0.92336216 0.31449713 -0.22021326
    outer loop
      vertex -0.00320000 0.01876809 -0.01574830
      vertex -0.00320000 0.02121762 -0.01225000
      vertex -0.00226274 0.02317721 -0.01338137
    endloop
  endfacet
  facet normal -0.92336216 0.31449713 -0.22021326
    outer loop
      vertex -0.00320000 0.01876809 -0.01574830
      vertex -0.00226274 0.02317721 -0.01338137
      vertex -0.00226274 0.02050145 -0.01720276
    endloop
  endfacet
  facet normal -0.38143943 0.75721910 -0.53021052
    outer loop
      vertex -0.00226274 0.02050145 -0.01720276
      vertex -0.00226274 0.02317721 -0.01338137
      vertex 0.00000000 0.02398890 -0.01385000
    endloop
  endfacet
  facet normal -0.38143943 0.75721910 -0.53021052
    outer loop
      vertex -0.00226274 0.02050145 -0.01720276
      vertex 0.00000000 0.02398890 -0.01385000
      vertex 0.00000000 0.02121943 -0.01780522
    endloop
  endfacet
  facet normal 0.38143943 0.83778533 -0.39066572
    outer loop
      vertex 0.00000000 0.02398890 -0.01385000
      vertex 0.00000000 0.02602949 -0.00947396
      vertex 0.00226274 0.02514875 -0.00915340
    endloop
  endfacet
  facet normal 0.38143943 0.83778533 -0.39066572
    outer loop
      vertex 0.00000000 0.02398890 -0.01385000
      vertex 0.00226274 0.02514875 -0.00915340
      vertex 0.00226274 0.02317721 -0.01338137
    endloop
  endfacet
  facet normal 0.92336216 0.34795884 -0.16225587
    outer loop
      vertex 0.00226274 0.02317721 -0.01338137
      vertex 0.00226274 0.02514875 -0.00915340
      vertex 0.00320000 0.02302247 -0.00837949
    endloop
  endfacet
  facet normal 0.92336216 0.34795884 -0.16225587
    outer loop
      vertex 0.00226274 0.02317721 -0.01338137
      vertex 0.00320000 0.02302247 -0.00837949
      vertex 0.00320000 0.02121762 -0.01225000
    endloop
  endfacet
  facet normal 0.92336216 -0.34795884 0.16225587
    outer loop
      vertex 0.00320000 0.02121762 -0.01225000
      vertex 0.00320000 0.02302247 -0.00837949
      vertex 0.00226274 0.02089619 -0.00760559
    endloop
  endfacet
  facet normal 0.92336216 -0.34795884 0.16225587
    outer loop
      vertex 0.00320000 0.02121762 -0.01225000
      vertex 0.00226274 0.02089619 -0.00760559
      vertex 0.00226274 0.01925803 -0.01111863
    endloop
  endfacet
  facet normal 0.38143943 -0.83778533 0.39066572
    outer loop
      vertex 0.00226274 0.01925803 -0.01111863
      vertex 0.00226274 0.02089619 -0.00760559
      vertex 0.00000000 0.02001545 -0.00728503
    endloop
  endfacet
  facet normal 0.38143943 -0.83778533 0.39066572
    outer loop
      vertex 0.00226274 0.01925803 -0.01111863
      vertex 0.00000000 0.02001545 -0.00728503
      vertex 0.00000000 0.01844634 -0.01065000
    endloop
  endfacet
  facet normal -0.38143943 -0.83778533 0.39066572
    outer loop
      vertex 0.00000000 0.01844634 -0.01065000
      vertex 0.00000000 0.02001545 -0.00728503
      vertex -0.00226274 0.02089619 -0.00760559
    endloop
  endfacet
  facet normal -0.38143943 -0.83778533 0.39066572
    outer loop
      vertex 0.00000000 0.01844634 -0.01065000
      vertex -0.00226274 0.02089619 -0.00760559
      vertex -0.00226274 0.01925803 -0.01111863
    endloop
  endfacet
  facet normal -0.92336216 -0.34795884 0.16225587
    outer loop
      vertex -0.00226274 0.01925803 -0.01111863
      vertex -0.00226274 0.02089619 -0.00760559
      vertex -0.00320000 0.02302247 -0.00837949
    endloop
  endfacet
  facet normal -0.92336216 -0.34795884 0.16225587
    outer loop
      vertex -0.00226274 0.01925803 -0.01111863
      vertex -0.00320000 0.02302247 -0.00837949
      vertex -0.00320000 0.02121762 -0.01225000
    endloop
  endfacet
  facet normal -0.92336216 0.34795884 -0.16225587
    outer loop
      vertex -0.00320000 0.02121762 -0.01225000
      vertex -0.00320000 0.02302247 -0.00837949
      vertex -0.00226274 0.02514875 -0.00915340
    endloop
  endfacet
  facet normal -0.92336216 0.34795884 -0.16225587
    outer loop
      vertex -0.00320000 0.02121762 -0.01225000
      vertex -0.00226274 0.02514875 -0.00915340
      vertex -0.00226274 0.02317721 -0.01338137
    endloop
  endfacet
  facet normal -0.38143943 0.83778533 -0.39066572
    outer loop
      vertex -0.00226274 0.02317721 -0.01338137
      vertex -0.00226274 0.02514875 -0.00915340
      vertex 0.00000000 0.02602949 -0.00947396
    endloop
  endfacet
  facet normal -0.38143943 0.83778533 -0.39066572
    outer loop
      vertex -0.00226274 0.02317721 -0.01338137
      vertex 0.00000000 0.02602949 -0.00947396
      vertex 0.00000000 0.02398890 -0.01385000
    endloop
  endfacet
  facet normal 0.38143943 0.89289588 -0.23925073
    outer loop
      vertex 0.00000000 0.02602949 -0.00947396
      vertex 0.00000000 0.02727917 -0.00481005
      vertex 0.00226274 0.02635616 -0.00464730
    endloop
  endfacet
  facet normal 0.38143943 0.89289588 -0.23925073
    outer loop
      vertex 0.00000000 0.02602949 -0.00947396
      vertex 0.00226274 0.02635616 -0.00464730
      vertex 0.00226274 0.02514875 -0.00915340
    endloop
  endfacet
  facet normal 0.92336216 0.37084800 -0.09936842
    outer loop
      vertex 0.00226274 0.02514875 -0.00915340
      vertex 0.00226274 0.02635616 -0.00464730
      vertex 0.00320000 0.02412779 -0.00425438
    endloop
  endfacet
  facet normal 0.92336216 0.37084800 -0.09936842
    outer loop
      vertex 0.00226274 0.02514875 -0.00915340
      vertex 0.00320000 0.02412779 -0.00425438
      vertex 0.00320000 0.02302247 -0.00837949
    endloop
  endfacet
  facet normal 0.92336216 -0.37084800 0.09936842
    outer loop
      vertex 0.00320000 0.02302247 -0.00837949
      vertex 0.00320000 0.02412779 -0.00425438
      vertex 0.00226274 0.02189942 -0.00386146
    endloop
  endfacet
  facet normal 0.92336216 -0.37084800 0.09936842
    outer loop
      vertex 0.00320000 0.02302247 -0.00837949
      vertex 0.00226274 0.02189942 -0.00386146
      vertex 0.00226274 0.02089619 -0.00760559
    endloop
  endfacet
  facet normal 0.38143943 -0.89289588 0.23925073
    outer loop
      vertex 0.00226274 0.02089619 -0.00760559
      vertex 0.00226274 0.02189942 -0.00386146
      vertex 0.00000000 0.02097641 -0.00369871
    endloop
  endfacet
  facet normal 0.38143943 -0.89289588 0.23925073
    outer loop
      vertex 0.00226274 0.02089619 -0.00760559
      vertex 0.00000000 0.02097641 -0.00369871
      vertex 0.00000000 0.02001545 -0.00728503
    endloop
  endfacet
  facet normal -0.38143943 -0.89289588 0.23925073
    outer loop
      vertex 0.00000000 0.02001545 -0.00728503
      vertex 0.00000000 0.02097641 -0.00369871
      vertex -0.00226274 0.02189942 -0.00386146
    endloop
  endfacet
  facet normal -0.38143943 -0.89289588 0.23925073
    outer loop
      vertex 0.00000000 0.02001545 -0.00728503
      vertex -0.00226274 0.02189942 -0.00386146
      vertex -0.00226274 0.02089619 -0.00760559
    endloop
  endfacet
  facet normal -0.92336216 -0.37084800 0.09936842
    outer loop
      vertex -0.00226274 0.02089619 -0.00760559
      vertex -0.00226274 0.02189942 -0.00386146
      vertex -0.00320000 0.02412779 -0.00425438
    endloop
  endfacet
  facet normal -0.92336216 -0.37084800 0.09936842
    outer loop
      vertex -0.00226274 0.02089619 -0.00760559
      vertex -0.00320000 0.02412779 -0.00425438
      vertex -0.00320000 0.02302247 -0.00837949
    endloop
  endfacet
  facet normal -0.92336216 0.37084800 -0.09936842
    outer loop
      vertex -0.00320000 0.02302247 -0.00837949
      vertex -0.00320000 0.02412779 -0.00425438
      vertex -0.00226274 0.02635616 -0.00464730
    endloop
  endfacet
  facet normal -0.92336216 0.37084800 -0.09936842
    outer loop
      vertex -0.00320000 0.02302247 -0.00837949
      vertex -0.00226274 0.02635616 -0.00464730
      vertex -0.00226274 0.02514875 -0.00915340
    endloop
  endfacet
  facet normal -0.38143943 0.89289588 -0.23925073
    outer loop
      vertex -0.00226274 0.02514875 -0.00915340
      vertex -0.00226274 0.02635616 -0.00464730
      vertex 0.00000000 0.02727917 -0.00481005
    endloop
  endfacet
  facet normal -0.38143943 0.89289588 -0.23925073
    outer loop
      vertex -0.00226274 0.02514875 -0.00915340
      vertex 0.00000000 0.02727917 -0.00481005
      vertex 0.00000000 0.02602949 -0.00947396
    endloop
  endfacet
  facet normal 0.38143943 0.92087624 -0.08056623
    outer loop
      vertex 0.00000000 0.02727917 -0.00481005
      vertex 0.00000000 0.02770000 0.00000000
      vertex 0.00226274 0.02676274 0.00000000
    endloop
  endfacet
  facet normal 0.38143943 0.92087624 -0.08056623
    outer loop
      vertex 0.00000000 0.02727917 -0.00481005
      vertex 0.00226274 0.02676274 0.00000000
      vertex 0.00226274 0.02635616 -0.00464730
    endloop
  endfacet
  facet normal 0.92336216 0.38246913 -0.03346171
    outer loop
      vertex 0.00226274 0.02635616 -0.00464730
      vertex 0.00226274 0.02676274 0.00000000
      vertex 0.00320000 0.02450000 0.00000000
    endloop
  endfacet
  facet normal 0.92336216 0.38246913 -0.03346171
    outer loop
      vertex 0.00226274 0.02635616 -0.00464730
      vertex 0.00320000 0.02450000 0.00000000
      vertex 0.00320000 0.02412779 -0.00425438
    endloop
  endfacet
  facet normal 0.92336216 -0.38246913 0.03346171
    outer loop
      vertex 0.00320000 0.02412779 -0.00425438
      vertex 0.00320000 0.02450000 0.00000000
      vertex 0.00226274 0.02223726 0.00000000
    endloop
  endfacet
  facet normal 0.92336216 -0.38246913 0.03346171
    outer loop
      vertex 0.00320000 0.02412779 -0.00425438
      vertex 0.00226274 0.02223726 0.00000000
      vertex 0.00226274 0.02189942 -0.00386146
    endloop
  endfacet
  facet normal 0.38143943 -0.92087624 0.08056623
    outer loop
      vertex 0.00226274 0.02189942 -0.00386146
      vertex 0.00226274 0.02223726 0.00000000
      vertex 0.00000000 0.02130000 0.00000000
    endloop
  endfacet
  facet normal 0.38143943 -0.92087624 0.08056623
    outer loop
      vertex 0.00226274 0.02189942 -0.00386146
      vertex 0.00000000 0.02130000 0.00000000
      vertex 0.00000000 0.02097641 -0.00369871
    endloop
  endfacet
  facet normal -0.38143943 -0.92087624 0.08056623
    outer loop
      vertex 0.00000000 0.02097641 -0.00369871
      vertex 0.00000000 0.02130000 0.00000000
      vertex -0.00226274 0.02223726 0.00000000
    endloop
  endfacet
  facet normal -0.38143943 -0.92087624 0.08056623
    outer loop
      vertex 0.00000000 0.02097641 -0.00369871
      vertex -0.00226274 0.02223726 0.00000000
      vertex -0.00226274 0.02189942 -0.00386146
    endloop
  endfacet
  facet normal -0.92336216 -0.38246913 0.03346171
    outer loop
      vertex -0.00226274 0.02189942 -0.00386146
      vertex -0.00226274 0.02223726 0.00000000
      vertex -0.00320000 0.02450000 0.00000000
    endloop
  endfacet
  facet normal -0.92336216 -0.38246913 0.03346171
    outer loop
      vertex -0.00226274 0.02189942 -0.00386146
      vertex -0.00320000 0.02450000 0.00000000
      vertex -0.00320000 0.02412779 -0.00425438
    endloop
  endfacet
  facet normal -0.92336216 0.38246913 -0.03346171
    outer loop
      vertex -0.00320000 0.02412779 -0.00425438
      vertex -0.00320000 0.02450000 0.00000000
      vertex -0.00226274 0.02676274 0.00000000
    endloop
  endfacet
  facet normal -0.92336216 0.38246913 -0.03346171
    outer loop
      vertex -0.00320000 0.02412779 -0.00425438
      vertex -0.00226274 0.02676274 0.00000000
      vertex -0.00226274 0.02635616 -0.00464730
    endloop
  endfacet
  facet normal -0.38143943 0.92087624 -0.08056623
    outer loop
      vertex -0.00226274 0.02635616 -0.00464730
      vertex -0.00226274 0.02676274 0.00000000
      vertex 0.00000000 0.02770000 0.00000000
    endloop
  endfacet
  facet normal -0.38143943 0.92087624 -0.08056623
    outer loop
      vertex -0.00226274 0.02635616 -0.00464730
      vertex 0.00000000 0.02770000 0.00000000
      vertex 0.00000000 0.02727917 -0.00481005
    endloop
  endfacet
endsolid eye_ring
