solid head_shell
  facet normal 0.10669518 0.00838183 -0.99425645
    outer loop
      vertex 0.00000000 0.00000000 -0.07300000
      vertex 0.01281989 0.00319706 -0.07159733
      vertex 0.01307105 0.00000000 -0.07159733
    endloop
  endfacet
  facet normal 0.10261096 0.02482724 -0.99441168
    outer loop
      vertex 0.00000000 0.00000000 -0.07300000
      vertex 0.01207608 0.00627126 -0.07159733
      vertex 0.01281989 0.00319706 -0.07159733
    endloop
  endfacet
  facet normal 0.09459410 0.04032890 -0.99469872
    outer loop
      vertex 0.00000000 0.00000000 -0.07300000
      vertex 0.01086818 0.00910446 -0.07159733
      vertex 0.01207608 0.00627126 -0.07159733
    endloop
  endfacet
  facet normal 0.08294371 0.05429405 -0.99507412
    outer loop
      vertex 0.00000000 0.00000000 -0.07300000
      vertex 0.00924263 0.01158777 -0.07159733
      vertex 0.01086818 0.00910446 -0.07159733
    endloop
  endfacet
  facet normal 0.06809798 0.06618453 -0.99548093
    outer loop
      vertex 0.00000000 0.00000000 -0.07300000
      vertex 0.00726189 0.01362578 -0.07159733
      vertex 0.00924263 0.01158777 -0.07159733
    endloop
  endfacet
  facet normal 0.05062049 0.07553793 -0.99585721
    outer loop
      vertex 0.00000000 0.00000000 -0.07300000
      vertex 0.00500207 0.01514016 -0.07159733
      vertex 0.00726189 0.01362578 -0.07159733
    endloop
  endfacet
  facet normal 0.03118097 0.08198716 -0.99614550
    outer loop
      vertex 0.00000000 0.00000000 -0.07300000
      vertex 0.00255004 0.01607270 -0.07159733
      vertex 0.00500207 0.01514016 -0.07159733
    endloop
  endfacet
  facet normal 0.01053017 0.08527716 -0.99630162
    outer loop
      vertex 0.00000000 0.00000000 -0.07300000
      vertex 0.00000000 0.01638759 -0.07159733
      vertex 0.00255004 0.01607270 -0.07159733
    endloop
  endfacet
  facet normal -0.01053017 0.08527716 -0.99630162
    outer loop
      vertex 0.00000000 0.00000000 -0.07300000
      vertex -0.00255004 0.01607270 -0.07159733
      vertex 0.00000000 0.01638759 -0.07159733
    endloop
  endfacet
  facet normal -0.03118097 0.08198716 -0.99614550
    outer loop
      vertex -0.00000000 0.00000000 -0.07300000
      vertex -0.00500207 0.01514016 -0.07159733
      vertex -0.00255004 0.01607270 -0.07159733
    endloop
  endfacet
  facet normal -0.05062049 0.07553793 -0.99585721
    outer loop
      vertex -0.00000000 0.00000000 -0.07300000
      vertex -0.00726189 0.01362578 -0.07159733
      vertex -0.00500207 0.01514016 -0.07159733
    endloop
  endfacet
  facet normal -0.06809798 0.06618453 -0.99548093
    outer loop
      vertex -0.00000000 0.00000000 -0.07300000
      vertex -0.00924263 0.01158777 -0.07159733
      vertex -0.00726189 0.01362578 -0.07159733
    endloop
  endfacet
  facet normal -0.08294371 0.05429405 -0.99507412
    outer loop
      vertex -0.00000000 0.00000000 -0.07300000
      vertex -0.01086818 0.00910446 -0.07159733
      vertex -0.00924263 0.01158777 -0.07159733
    endloop
  endfacet
  facet normal -0.09459410 0.04032890 -0.99469872
    outer loop
      vertex -0.00000000 0.00000000 -0.07300000
      vertex -0.01207608 0.00627126 -0.07159733
      vertex -0.01086818 0.00910446 -0.07159733
    endloop
  endfacet
  facet normal -0.10261096 0.02482724 -0.99441168
    outer loop
      vertex -0.00000000 0.00000000 -0.07300000
      vertex -0.01281989 0.00319706 -0.07159733
      vertex -0.01207608 0.00627126 -0.07159733
    endloop
  endfacet
  facet normal -0.10669518 0.00838183 -0.99425645
    outer loop
      vertex -0.00000000 0.00000000 -0.07300000
      vertex -0.01307105 0.00000000 -0.07159733
      vertex -0.01281989 0.00319706 -0.07159733
    endloop
  endfacet
  facet normal -0.10669518 -0.00838183 -0.99425645
    outer loop
      vertex -0.00000000 0.00000000 -0.07300000
      vertex -0.01281989 -0.00319706 -0.07159733
      vertex -0.01307105 0.00000000 -0.07159733
    endloop
  endfacet
  facet normal -0.10261096 -0.02482724 -0.99441168
    outer loop
      vertex -0.00000000 -0.00000000 -0.07300000
      vertex -0.01207608 -0.00627126 -0.07159733
      vertex -0.01281989 -0.00319706 -0.07159733
    endloop
  endfacet
  facet normal -0.09459410 -0.04032890 -0.99469872
    outer loop
      vertex -0.00000000 -0.00000000 -0.07300000
      vertex -0.01086818 -0.00910446 -0.07159733
      vertex -0.01207608 -0.00627126 -0.07159733
    endloop
  endfacet
  facet normal -0.08294371 -0.05429405 -0.99507412
    outer loop
      vertex -0.00000000 -0.00000000 -0.07300000
      vertex -0.00924263 -0.01158777 -0.07159733
      vertex -0.01086818 -0.00910446 -0.07159733
    endloop
  endfacet
  facet normal -0.06809798 -0.06618453 -0.99548093
    outer loop
      vertex -0.00000000 -0.00000000 -0.07300000
      vertex -0.00726189 -0.01362578 -0.07159733
      vertex -0.00924263 -0.01158777 -0.07159733
    endloop
  endfacet
  facet normal -0.05062049 -0.07553793 -0.99585721
    outer loop
      vertex -0.00000000 -0.00000000 -0.07300000
      vertex -0.00500207 -0.01514016 -0.07159733
      vertex -0.00726189 -0.01362578 -0.07159733
    endloop
  endfacet
  facet normal -0.03118097 -0.08198716 -0.99614550
    outer loop
      vertex -0.00000000 -0.00000000 -0.07300000
      vertex -0.00255004 -0.01607270 -0.07159733
      vertex -0.00500207 -0.01514016 -0.07159733
    endloop
  endfacet
  facet normal -0.01053017 -0.08527716 -0.99630162
    outer loop
      vertex -0.00000000 -0.00000000 -0.07300000
      vertex -0.00000000 -0.01638759 -0.07159733
      vertex -0.00255004 -0.01607270 -0.07159733
    endloop
  endfacet
  facet normal 0.01053017 -0.08527716 -0.99630162
    outer loop
      vertex -0.00000000 -0.00000000 -0.07300000
      vertex 0.00255004 -0.01607270 -0.07159733
      vertex -0.00000000 -0.01638759 -0.07159733
    endloop
  endfacet
  facet normal 0.03118097 -0.08198716 -0.99614550
    outer loop
      vertex 0.00000000 -0.00000000 -0.07300000
      vertex 0.00500207 -0.01514016 -0.07159733
      vertex 0.00255004 -0.01607270 -0.07159733
    endloop
  endfacet
  facet normal 0.05062049 -0.07553793 -0.99585721
    outer loop
      vertex 0.00000000 -0.00000000 -0.07300000
      vertex 0.00726189 -0.01362578 -0.07159733
      vertex 0.00500207 -0.01514016 -0.07159733
    endloop
  endfacet
  facet normal 0.06809798 -0.06618453 -0.99548093
    outer loop
      vertex 0.00000000 -0.00000000 -0.07300000
      vertex 0.00924263 -0.01158777 -0.07159733
      vertex 0.00726189 -0.01362578 -0.07159733
    endloop
  endfacet
  facet normal 0.08294371 -0.05429405 -0.99507412
    outer loop
      vertex 0.00000000 -0.00000000 -0.07300000
      vertex 0.01086818 -0.00910446 -0.07159733
      vertex 0.00924263 -0.01158777 -0.07159733
    endloop
  endfacet
  facet normal 0.09459410 -0.04032890 -0.99469872
    outer loop
      vertex 0.00000000 -0.00000000 -0.07300000
      vertex 0.01207608 -0.00627126 -0.07159733
      vertex 0.01086818 -0.00910446 -0.07159733
    endloop
  endfacet
  facet normal 0.10261096 -0.02482724 -0.99441168
    outer loop
      vertex 0.00000000 -0.00000000 -0.07300000
      vertex 0.01281989 -0.00319706 -0.07159733
      vertex 0.01207608 -0.00627126 -0.07159733
    endloop
  endfacet
  facet normal 0.10669518 -0.00838183 -0.99425645
    outer loop
      vertex 0.00000000 -0.00000000 -0.07300000
      vertex 0.01307105 0.00000000 -0.07159733
      vertex 0.01281989 -0.00319706 -0.07159733
    endloop
  endfacet
  facet normal 0.31372055 0.02464545 -0.94919546
    outer loop
      vertex 0.01307105 0.00000000 -0.07159733
      vertex 0.01281989 0.00319706 -0.07159733
      vertex 0.02514713 0.00627126 -0.06744321
    endloop
  endfacet
  facet normal 0.31372055 0.02464545 -0.94919546
    outer loop
      vertex 0.01307105 0.00000000 -0.07159733
      vertex 0.02514713 0.00627126 -0.06744321
      vertex 0.02563979 0.00000000 -0.06744321
    endloop
  endfacet
  facet normal 0.30207238 0.07308795 -0.95047905
    outer loop
      vertex 0.01281989 0.00319706 -0.07159733
      vertex 0.01207608 0.00627126 -0.07159733
      vertex 0.02368808 0.01230152 -0.06744321
    endloop
  endfacet
  facet normal 0.30207238 0.07308795 -0.95047905
    outer loop
      vertex 0.01281989 0.00319706 -0.07159733
      vertex 0.02368808 0.01230152 -0.06744321
      vertex 0.02514713 0.00627126 -0.06744321
    endloop
  endfacet
  facet normal 0.27909021 0.11898628 -0.95286459
    outer loop
      vertex 0.01207608 0.00627126 -0.07159733
      vertex 0.01086818 0.00910446 -0.07159733
      vertex 0.02131871 0.01785903 -0.06744321
    endloop
  endfacet
  facet normal 0.27909021 0.11898628 -0.95286459
    outer loop
      vertex 0.01207608 0.00627126 -0.07159733
      vertex 0.02131871 0.01785903 -0.06744321
      vertex 0.02368808 0.01230152 -0.06744321
    endloop
  endfacet
  facet normal 0.24543178 0.16065696 -0.95600867
    outer loop
      vertex 0.01086818 0.00910446 -0.07159733
      vertex 0.00924263 0.01158777 -0.07159733
      vertex 0.01813007 0.02273024 -0.06744321
    endloop
  endfacet
  facet normal 0.24543178 0.16065696 -0.95600867
    outer loop
      vertex 0.01086818 0.00910446 -0.07159733
      vertex 0.01813007 0.02273024 -0.06744321
      vertex 0.02131871 0.01785903 -0.06744321
    endloop
  endfacet
  facet normal 0.20214511 0.19646516 -0.95944713
    outer loop
      vertex 0.00924263 0.01158777 -0.07159733
      vertex 0.00726189 0.01362578 -0.07159733
      vertex 0.01424470 0.02672793 -0.06744321
    endloop
  endfacet
  facet normal 0.20214511 0.19646516 -0.95944713
    outer loop
      vertex 0.00924263 0.01158777 -0.07159733
      vertex 0.01424470 0.02672793 -0.06744321
      vertex 0.01813007 0.02273024 -0.06744321
    endloop
  endfacet
  facet normal 0.15070990 0.22489538 -0.96265705
    outer loop
      vertex 0.00726189 0.01362578 -0.07159733
      vertex 0.00500207 0.01514016 -0.07159733
      vertex 0.00981192 0.02969848 -0.06744321
    endloop
  endfacet
  facet normal 0.15070990 0.22489538 -0.96265705
    outer loop
      vertex 0.00726189 0.01362578 -0.07159733
      vertex 0.00981192 0.02969848 -0.06744321
      vertex 0.01424470 0.02672793 -0.06744321
    endloop
  endfacet
  facet normal 0.09304566 0.24465402 -0.96513570
    outer loop
      vertex 0.00500207 0.01514016 -0.07159733
      vertex 0.00255004 0.01607270 -0.07159733
      vertex 0.00500207 0.03152774 -0.06744321
    endloop
  endfacet
  facet normal 0.09304566 0.24465402 -0.96513570
    outer loop
      vertex 0.00500207 0.01514016 -0.07159733
      vertex 0.00500207 0.03152774 -0.06744321
      vertex 0.00981192 0.02969848 -0.06744321
    endloop
  endfacet
  facet normal 0.03146160 0.25478744 -0.96648514
    outer loop
      vertex 0.00255004 0.01607270 -0.07159733
      vertex 0.00000000 0.01638759 -0.07159733
      vertex 0.00000000 0.03214541 -0.06744321
    endloop
  endfacet
  facet normal 0.03146160 0.25478744 -0.96648514
    outer loop
      vertex 0.00255004 0.01607270 -0.07159733
      vertex 0.00000000 0.03214541 -0.06744321
      vertex 0.00500207 0.03152774 -0.06744321
    endloop
  endfacet
  facet normal -0.03146160 0.25478744 -0.96648514
    outer loop
      vertex 0.00000000 0.01638759 -0.07159733
      vertex -0.00255004 0.01607270 -0.07159733
      vertex -0.00500207 0.03152774 -0.06744321
    endloop
  endfacet
  facet normal -0.03146160 0.25478744 -0.96648514
    outer loop
      vertex 0.00000000 0.01638759 -0.07159733
      vertex -0.00500207 0.03152774 -0.06744321
      vertex 0.00000000 0.03214541 -0.06744321
    endloop
  endfacet
  facet normal -0.09304566 0.24465402 -0.96513570
    outer loop
      vertex -0.00255004 0.01607270 -0.07159733
      vertex -0.00500207 0.01514016 -0.07159733
      vertex -0.00981192 0.02969848 -0.06744321
    endloop
  endfacet
  facet normal -0.09304566 0.24465402 -0.96513570
    outer loop
      vertex -0.00255004 0.01607270 -0.07159733
      vertex -0.00981192 0.02969848 -0.06744321
      vertex -0.00500207 0.03152774 -0.06744321
    endloop
  endfacet
  facet normal -0.15070990 0.22489538 -0.96265705
    outer loop
      vertex -0.00500207 0.01514016 -0.07159733
      vertex -0.00726189 0.01362578 -0.07159733
      vertex -0.01424470 0.02672793 -0.06744321
    endloop
  endfacet
  facet normal -0.15070990 0.22489538 -0.96265705
    outer loop
      vertex -0.00500207 0.01514016 -0.07159733
      vertex -0.01424470 0.02672793 -0.06744321
      vertex -0.00981192 0.02969848 -0.06744321
    endloop
  endfacet
  facet normal -0.20214511 0.19646516 -0.95944713
    outer loop
      vertex -0.00726189 0.01362578 -0.07159733
      vertex -0.00924263 0.01158777 -0.07159733
      vertex -0.01813007 0.02273024 -0.06744321
    endloop
  endfacet
  facet normal -0.20214511 0.19646516 -0.95944713
    outer loop
      vertex -0.00726189 0.01362578 -0.07159733
      vertex -0.01813007 0.02273024 -0.06744321
      vertex -0.01424470 0.02672793 -0.06744321
    endloop
  endfacet
  facet normal -0.24543178 0.16065696 -0.95600867
    outer loop
      vertex -0.00924263 0.01158777 -0.07159733
      vertex -0.01086818 0.00910446 -0.07159733
      vertex -0.02131871 0.01785903 -0.06744321
    endloop
  endfacet
  facet normal -0.24543178 0.16065696 -0.95600867
    outer loop
      vertex -0.00924263 0.01158777 -0.07159733
      vertex -0.02131871 0.01785903 -0.06744321
      vertex -0.01813007 0.02273024 -0.06744321
    endloop
  endfacet
  facet normal -0.27909021 0.11898628 -0.95286459
    outer loop
      vertex -0.01086818 0.00910446 -0.07159733
      vertex -0.01207608 0.00627126 -0.07159733
      vertex -0.02368808 0.01230152 -0.06744321
    endloop
  endfacet
  facet normal -0.27909021 0.11898628 -0.95286459
    outer loop
      vertex -0.01086818 0.00910446 -0.07159733
      vertex -0.02368808 0.01230152 -0.06744321
      vertex -0.02131871 0.01785903 -0.06744321
    endloop
  endfacet
  facet normal -0.30207238 0.07308795 -0.95047905
    outer loop
      vertex -0.01207608 0.00627126 -0.07159733
      vertex -0.01281989 0.00319706 -0.07159733
      vertex -0.02514713 0.00627126 -0.06744321
    endloop
  endfacet
  facet normal -0.30207238 0.07308795 -0.95047905
    outer loop
      vertex -0.01207608 0.00627126 -0.07159733
      vertex -0.02514713 0.00627126 -0.06744321
      vertex -0.02368808 0.01230152 -0.06744321
    endloop
  endfacet
  facet normal -0.31372055 0.02464545 -0.94919546
    outer loop
      vertex -0.01281989 0.00319706 -0.07159733
      vertex -0.01307105 0.00000000 -0.07159733
      vertex -0.02563979 0.00000000 -0.06744321
    endloop
  endfacet
  facet normal -0.31372055 0.02464545 -0.94919546
    outer loop
      vertex -0.01281989 0.00319706 -0.07159733
      vertex -0.02563979 0.00000000 -0.06744321
      vertex -0.02514713 0.00627126 -0.06744321
    endloop
  endfacet
  facet normal -0.31372055 -0.02464545 -0.94919546
    outer loop
      vertex -0.01307105 0.00000000 -0.07159733
      vertex -0.01281989 -0.00319706 -0.07159733
      vertex -0.02514713 -0.00627126 -0.06744321
    endloop
  endfacet
  facet normal -0.31372055 -0.02464545 -0.94919546
    outer loop
      vertex -0.01307105 0.00000000 -0.07159733
      vertex -0.02514713 -0.00627126 -0.06744321
      vertex -0.02563979 0.00000000 -0.06744321
    endloop
  endfacet
  facet normal -0.30207238 -0.07308795 -0.95047905
    outer loop
      vertex -0.01281989 -0.00319706 -0.07159733
      vertex -0.01207608 -0.00627126 -0.07159733
      vertex -0.02368808 -0.01230152 -0.06744321
    endloop
  endfacet
  facet normal -0.30207238 -0.07308795 -0.95047905
    outer loop
      vertex -0.01281989 -0.00319706 -0.07159733
      vertex -0.02368808 -0.01230152 -0.06744321
      vertex -0.02514713 -0.00627126 -0.06744321
    endloop
  endfacet
  facet normal -0.27909021 -0.11898628 -0.95286459
    outer loop
      vertex -0.01207608 -0.00627126 -0.07159733
      vertex -0.01086818 -0.00910446 -0.07159733
      vertex -0.02131871 -0.01785903 -0.06744321
    endloop
  endfacet
  facet normal -0.27909021 -0.11898628 -0.95286459
    outer loop
      vertex -0.01207608 -0.00627126 -0.07159733
      vertex -0.02131871 -0.01785903 -0.06744321
      vertex -0.02368808 -0.01230152 -0.06744321
    endloop
  endfacet
  facet normal -0.24543178 -0.16065696 -0.95600867
    outer loop
      vertex -0.01086818 -0.00910446 -0.07159733
      vertex -0.00924263 -0.01158777 -0.07159733
      vertex -0.01813007 -0.02273024 -0.06744321
    endloop
  endfacet
  facet normal -0.24543178 -0.16065696 -0.95600867
    outer loop
      vertex -0.01086818 -0.00910446 -0.07159733
      vertex -0.01813007 -0.02273024 -0.06744321
      vertex -0.02131871 -0.01785903 -0.06744321
    endloop
  endfacet
  facet normal -0.20214511 -0.19646516 -0.95944713
    outer loop
      vertex -0.00924263 -0.01158777 -0.07159733
      vertex -0.00726189 -0.01362578 -0.07159733
      vertex -0.01424470 -0.02672793 -0.06744321
    endloop
  endfacet
  facet normal -0.20214511 -0.19646516 -0.95944713
    outer loop
      vertex -0.00924263 -0.01158777 -0.07159733
      vertex -0.01424470 -0.02672793 -0.06744321
      vertex -0.01813007 -0.02273024 -0.06744321
    endloop
  endfacet
  facet normal -0.15070990 -0.22489538 -0.96265705
    outer loop
      vertex -0.00726189 -0.01362578 -0.07159733
      vertex -0.00500207 -0.01514016 -0.07159733
      vertex -0.00981192 -0.02969848 -0.06744321
    endloop
  endfacet
  facet normal -0.15070990 -0.22489538 -0.96265705
    outer loop
      vertex -0.00726189 -0.01362578 -0.07159733
      vertex -0.00981192 -0.02969848 -0.06744321
      vertex -0.01424470 -0.02672793 -0.06744321
    endloop
  endfacet
  facet normal -0.09304566 -0.24465402 -0.96513570
    outer loop
      vertex -0.00500207 -0.01514016 -0.07159733
      vertex -0.00255004 -0.01607270 -0.07159733
      vertex -0.00500207 -0.03152774 -0.06744321
    endloop
  endfacet
  facet normal -0.09304566 -0.24465402 -0.96513570
    outer loop
      vertex -0.00500207 -0.01514016 -0.07159733
      vertex -0.00500207 -0.03152774 -0.06744321
      vertex -0.00981192 -0.02969848 -0.06744321
    endloop
  endfacet
  facet normal -0.03146160 -0.25478744 -0.96648514
    outer loop
      vertex -0.00255004 -0.01607270 -0.07159733
      vertex -0.00000000 -0.01638759 -0.07159733
      vertex -0.00000000 -0.03214541 -0.06744321
    endloop
  endfacet
  facet normal -0.03146160 -0.25478744 -0.96648514
    outer loop
      vertex -0.00255004 -0.01607270 -0.07159733
      vertex -0.00000000 -0.03214541 -0.06744321
      vertex -0.00500207 -0.03152774 -0.06744321
    endloop
  endfacet
  facet normal 0.03146160 -0.25478744 -0.96648514
    outer loop
      vertex -0.00000000 -0.01638759 -0.07159733
      vertex 0.00255004 -0.01607270 -0.07159733
      vertex 0.00500207 -0.03152774 -0.06744321
    endloop
  endfacet
  facet normal 0.03146160 -0.25478744 -0.96648514
    outer loop
      vertex -0.00000000 -0.01638759 -0.07159733
      vertex 0.00500207 -0.03152774 -0.06744321
      vertex -0.00000000 -0.03214541 -0.06744321
    endloop
  endfacet
  facet normal 0.09304566 -0.24465402 -0.96513570
    outer loop
      vertex 0.00255004 -0.01607270 -0.07159733
      vertex 0.00500207 -0.01514016 -0.07159733
      vertex 0.00981192 -0.02969848 -0.06744321
    endloop
  endfacet
  facet normal 0.09304566 -0.24465402 -0.96513570
    outer loop
      vertex 0.00255004 -0.01607270 -0.07159733
      vertex 0.00981192 -0.02969848 -0.06744321
      vertex 0.00500207 -0.03152774 -0.06744321
    endloop
  endfacet
  facet normal 0.15070990 -0.22489538 -0.96265705
    outer loop
      vertex 0.00500207 -0.01514016 -0.07159733
      vertex 0.00726189 -0.01362578 -0.07159733
      vertex 0.01424470 -0.02672793 -0.06744321
    endloop
  endfacet
  facet normal 0.15070990 -0.22489538 -0.96265705
    outer loop
      vertex 0.00500207 -0.01514016 -0.07159733
      vertex 0.01424470 -0.02672793 -0.06744321
      vertex 0.00981192 -0.02969848 -0.06744321
    endloop
  endfacet
  facet normal 0.20214511 -0.19646516 -0.95944713
    outer loop
      vertex 0.00726189 -0.01362578 -0.07159733
      vertex 0.00924263 -0.01158777 -0.07159733
      vertex 0.01813007 -0.02273024 -0.06744321
    endloop
  endfacet
  facet normal 0.20214511 -0.19646516 -0.95944713
    outer loop
      vertex 0.00726189 -0.01362578 -0.07159733
      vertex 0.01813007 -0.02273024 -0.06744321
      vertex 0.01424470 -0.02672793 -0.06744321
    endloop
  endfacet
  facet normal 0.24543178 -0.16065696 -0.95600867
    outer loop
      vertex 0.00924263 -0.01158777 -0.07159733
      vertex 0.01086818 -0.00910446 -0.07159733
      vertex 0.02131871 -0.01785903 -0.06744321
    endloop
  endfacet
  facet normal 0.24543178 -0.16065696 -0.95600867
    outer loop
      vertex 0.00924263 -0.01158777 -0.07159733
      vertex 0.02131871 -0.01785903 -0.06744321
      vertex 0.01813007 -0.02273024 -0.06744321
    endloop
  endfacet
  facet normal 0.27909021 -0.11898628 -0.95286459
    outer loop
      vertex 0.01086818 -0.00910446 -0.07159733
      vertex 0.01207608 -0.00627126 -0.07159733
      vertex 0.02368808 -0.01230152 -0.06744321
    endloop
  endfacet
  facet normal 0.27909021 -0.11898628 -0.95286459
    outer loop
      vertex 0.01086818 -0.00910446 -0.07159733
      vertex 0.02368808 -0.01230152 -0.06744321
      vertex 0.02131871 -0.01785903 -0.06744321
    endloop
  endfacet
  facet normal 0.30207238 -0.07308795 -0.95047905
    outer loop
      vertex 0.01207608 -0.00627126 -0.07159733
      vertex 0.01281989 -0.00319706 -0.07159733
      vertex 0.02514713 -0.00627126 -0.06744321
    endloop
  endfacet
  facet normal 0.30207238 -0.07308795 -0.95047905
    outer loop
      vertex 0.01207608 -0.00627126 -0.07159733
      vertex 0.02514713 -0.00627126 -0.06744321
      vertex 0.02368808 -0.01230152 -0.06744321
    endloop
  endfacet
  facet normal 0.31372055 -0.02464545 -0.94919546
    outer loop
      vertex 0.01281989 -0.00319706 -0.07159733
      vertex 0.01307105 0.00000000 -0.07159733
      vertex 0.02563979 0.00000000 -0.06744321
    endloop
  endfacet
  facet normal 0.31372055 -0.02464545 -0.94919546
    outer loop
      vertex 0.01281989 -0.00319706 -0.07159733
      vertex 0.02563979 0.00000000 -0.06744321
      vertex 0.02514713 -0.00627126 -0.06744321
    endloop
  endfacet
  facet normal 0.50286199 0.03950414 -0.86346352
    outer loop
      vertex 0.02563979 0.00000000 -0.06744321
      vertex 0.02514713 0.00627126 -0.06744321
      vertex 0.03650797 0.00910446 -0.06069728
    endloop
  endfacet
  facet normal 0.50286199 0.03950414 -0.86346352
    outer loop
      vertex 0.02563979 0.00000000 -0.06744321
      vertex 0.03650797 0.00910446 -0.06069728
      vertex 0.03722321 0.00000000 -0.06069728
    endloop
  endfacet
  facet normal 0.48522267 0.11740210 -0.86647315
    outer loop
      vertex 0.02514713 0.00627126 -0.06744321
      vertex 0.02368808 0.01230152 -0.06744321
      vertex 0.03438976 0.01785903 -0.06069728
    endloop
  endfacet
  facet normal 0.48522267 0.11740210 -0.86647315
    outer loop
      vertex 0.02514713 0.00627126 -0.06744321
      vertex 0.03438976 0.01785903 -0.06069728
      vertex 0.03650797 0.00910446 -0.06069728
    endloop
  endfacet
  facet normal 0.45009707 0.19189270 -0.87211801
    outer loop
      vertex 0.02368808 0.01230152 -0.06744321
      vertex 0.02131871 0.01785903 -0.06744321
      vertex 0.03094996 0.02592730 -0.06069728
    endloop
  endfacet
  facet normal 0.45009707 0.19189270 -0.87211801
    outer loop
      vertex 0.02368808 0.01230152 -0.06744321
      vertex 0.03094996 0.02592730 -0.06069728
      vertex 0.03438976 0.01785903 -0.06069728
    endloop
  endfacet
  facet normal 0.39792617 0.26047811 -0.87966239
    outer loop
      vertex 0.02131871 0.01785903 -0.06744321
      vertex 0.01813007 0.02273024 -0.06744321
      vertex 0.02632078 0.03299919 -0.06069728
    endloop
  endfacet
  facet normal 0.39792617 0.26047811 -0.87966239
    outer loop
      vertex 0.02131871 0.01785903 -0.06744321
      vertex 0.02632078 0.03299919 -0.06069728
      vertex 0.03094996 0.02592730 -0.06069728
    endloop
  endfacet
  facet normal 0.32968460 0.32042100 -0.88805318
    outer loop
      vertex 0.01813007 0.02273024 -0.06744321
      vertex 0.01424470 0.02672793 -0.06744321
      vertex 0.02068011 0.03880294 -0.06069728
    endloop
  endfacet
  facet normal 0.32968460 0.32042100 -0.88805318
    outer loop
      vertex 0.01813007 0.02273024 -0.06744321
      vertex 0.02068011 0.03880294 -0.06069728
      vertex 0.02632078 0.03299919 -0.06069728
    endloop
  endfacet
  facet normal 0.24717618 0.36884625 -0.89602253
    outer loop
      vertex 0.01424470 0.02672793 -0.06744321
      vertex 0.00981192 0.02969848 -0.06744321
      vertex 0.01424470 0.04311552 -0.06069728
    endloop
  endfacet
  facet normal 0.24717618 0.36884625 -0.89602253
    outer loop
      vertex 0.01424470 0.02672793 -0.06744321
      vertex 0.01424470 0.04311552 -0.06069728
      vertex 0.02068011 0.03880294 -0.06069728
    endloop
  endfacet
  facet normal 0.15327146 0.40301162 -0.90226908
    outer loop
      vertex 0.00981192 0.02969848 -0.06744321
      vertex 0.00500207 0.03152774 -0.06744321
      vertex 0.00726189 0.04577119 -0.06069728
    endloop
  endfacet
  facet normal 0.15327146 0.40301162 -0.90226908
    outer loop
      vertex 0.00981192 0.02969848 -0.06744321
      vertex 0.00726189 0.04577119 -0.06069728
      vertex 0.01424470 0.04311552 -0.06069728
    endloop
  endfacet
  facet normal 0.05195050 0.42071396 -0.90570465
    outer loop
      vertex 0.00500207 0.03152774 -0.06744321
      vertex 0.00000000 0.03214541 -0.06744321
      vertex 0.00000000 0.04666790 -0.06069728
    endloop
  endfacet
  facet normal 0.05195050 0.42071396 -0.90570465
    outer loop
      vertex 0.00500207 0.03152774 -0.06744321
      vertex 0.00000000 0.04666790 -0.06069728
      vertex 0.00726189 0.04577119 -0.06069728
    endloop
  endfacet
  facet normal -0.05195050 0.42071396 -0.90570465
    outer loop
      vertex 0.00000000 0.03214541 -0.06744321
      vertex -0.00500207 0.03152774 -0.06744321
      vertex -0.00726189 0.04577119 -0.06069728
    endloop
  endfacet
  facet normal -0.05195050 0.42071396 -0.90570465
    outer loop
      vertex 0.00000000 0.03214541 -0.06744321
      vertex -0.00726189 0.04577119 -0.06069728
      vertex 0.00000000 0.04666790 -0.06069728
    endloop
  endfacet
  facet normal -0.15327146 0.40301162 -0.90226908
    outer loop
      vertex -0.00500207 0.03152774 -0.06744321
      vertex -0.00981192 0.02969848 -0.06744321
      vertex -0.01424470 0.04311552 -0.06069728
    endloop
  endfacet
  facet normal -0.15327146 0.40301162 -0.90226908
    outer loop
      vertex -0.00500207 0.03152774 -0.06744321
      vertex -0.01424470 0.04311552 -0.06069728
      vertex -0.00726189 0.04577119 -0.06069728
    endloop
  endfacet
  facet normal -0.24717618 0.36884625 -0.89602253
    outer loop
      vertex -0.00981192 0.02969848 -0.06744321
      vertex -0.01424470 0.02672793 -0.06744321
      vertex -0.02068011 0.03880294 -0.06069728
    endloop
  endfacet
  facet normal -0.24717618 0.36884625 -0.89602253
    outer loop
      vertex -0.00981192 0.02969848 -0.06744321
      vertex -0.02068011 0.03880294 -0.06069728
      vertex -0.01424470 0.04311552 -0.06069728
    endloop
  endfacet
  facet normal -0.32968460 0.32042100 -0.88805318
    outer loop
      vertex -0.01424470 0.02672793 -0.06744321
      vertex -0.01813007 0.02273024 -0.06744321
      vertex -0.02632078 0.03299919 -0.06069728
    endloop
  endfacet
  facet normal -0.32968460 0.32042100 -0.88805318
    outer loop
      vertex -0.01424470 0.02672793 -0.06744321
      vertex -0.02632078 0.03299919 -0.06069728
      vertex -0.02068011 0.03880294 -0.06069728
    endloop
  endfacet
  facet normal -0.39792617 0.26047811 -0.87966239
    outer loop
      vertex -0.01813007 0.02273024 -0.06744321
      vertex -0.02131871 0.01785903 -0.06744321
      vertex -0.03094996 0.02592730 -0.06069728
    endloop
  endfacet
  facet normal -0.39792617 0.26047811 -0.87966239
    outer loop
      vertex -0.01813007 0.02273024 -0.06744321
      vertex -0.03094996 0.02592730 -0.06069728
      vertex -0.02632078 0.03299919 -0.06069728
    endloop
  endfacet
  facet normal -0.45009707 0.19189270 -0.87211801
    outer loop
      vertex -0.02131871 0.01785903 -0.06744321
      vertex -0.02368808 0.01230152 -0.06744321
      vertex -0.03438976 0.01785903 -0.06069728
    endloop
  endfacet
  facet normal -0.45009707 0.19189270 -0.87211801
    outer loop
      vertex -0.02131871 0.01785903 -0.06744321
      vertex -0.03438976 0.01785903 -0.06069728
      vertex -0.03094996 0.02592730 -0.06069728
    endloop
  endfacet
  facet normal -0.48522267 0.11740210 -0.86647315
    outer loop
      vertex -0.02368808 0.01230152 -0.06744321
      vertex -0.02514713 0.00627126 -0.06744321
      vertex -0.03650797 0.00910446 -0.06069728
    endloop
  endfacet
  facet normal -0.48522267 0.11740210 -0.86647315
    outer loop
      vertex -0.02368808 0.01230152 -0.06744321
      vertex -0.03650797 0.00910446 -0.06069728
      vertex -0.03438976 0.01785903 -0.06069728
    endloop
  endfacet
  facet normal -0.50286199 0.03950414 -0.86346352
    outer loop
      vertex -0.02514713 0.00627126 -0.06744321
      vertex -0.02563979 0.00000000 -0.06744321
      vertex -0.03722321 0.00000000 -0.06069728
    endloop
  endfacet
  facet normal -0.50286199 0.03950414 -0.86346352
    outer loop
      vertex -0.02514713 0.00627126 -0.06744321
      vertex -0.03722321 0.00000000 -0.06069728
      vertex -0.03650797 0.00910446 -0.06069728
    endloop
  endfacet
  facet normal -0.50286199 -0.03950414 -0.86346352
    outer loop
      vertex -0.02563979 0.00000000 -0.06744321
      vertex -0.02514713 -0.00627126 -0.06744321
      vertex -0.03650797 -0.00910446 -0.06069728
    endloop
  endfacet
  facet normal -0.50286199 -0.03950414 -0.86346352
    outer loop
      vertex -0.02563979 0.00000000 -0.06744321
      vertex -0.03650797 -0.00910446 -0.06069728
      vertex -0.03722321 0.00000000 -0.06069728
    endloop
  endfacet
  facet normal -0.48522267 -0.11740210 -0.86647315
    outer loop
      vertex -0.02514713 -0.00627126 -0.06744321
      vertex -0.02368808 -0.01230152 -0.06744321
      vertex -0.03438976 -0.01785903 -0.06069728
    endloop
  endfacet
  facet normal -0.48522267 -0.11740210 -0.86647315
    outer loop
      vertex -0.02514713 -0.00627126 -0.06744321
      vertex -0.03438976 -0.01785903 -0.06069728
      vertex -0.03650797 -0.00910446 -0.06069728
    endloop
  endfacet
  facet normal -0.45009707 -0.19189270 -0.87211801
    outer loop
      vertex -0.02368808 -0.01230152 -0.06744321
      vertex -0.02131871 -0.01785903 -0.06744321
      vertex -0.03094996 -0.02592730 -0.06069728
    endloop
  endfacet
  facet normal -0.45009707 -0.19189270 -0.87211801
    outer loop
      vertex -0.02368808 -0.01230152 -0.06744321
      vertex -0.03094996 -0.02592730 -0.06069728
      vertex -0.03438976 -0.01785903 -0.06069728
    endloop
  endfacet
  facet normal -0.39792617 -0.26047811 -0.87966239
    outer loop
      vertex -0.02131871 -0.01785903 -0.06744321
      vertex -0.01813007 -0.02273024 -0.06744321
      vertex -0.02632078 -0.03299919 -0.06069728
    endloop
  endfacet
  facet normal -0.39792617 -0.26047811 -0.87966239
    outer loop
      vertex -0.02131871 -0.01785903 -0.06744321
      vertex -0.02632078 -0.03299919 -0.06069728
      vertex -0.03094996 -0.02592730 -0.06069728
    endloop
  endfacet
  facet normal -0.32968460 -0.32042100 -0.88805318
    outer loop
      vertex -0.01813007 -0.02273024 -0.06744321
      vertex -0.01424470 -0.02672793 -0.06744321
      vertex -0.02068011 -0.03880294 -0.06069728
    endloop
  endfacet
  facet normal -0.32968460 -0.32042100 -0.88805318
    outer loop
      vertex -0.01813007 -0.02273024 -0.06744321
      vertex -0.02068011 -0.03880294 -0.06069728
      vertex -0.02632078 -0.03299919 -0.06069728
    endloop
  endfacet
  facet normal -0.24717618 -0.36884625 -0.89602253
    outer loop
      vertex -0.01424470 -0.02672793 -0.06744321
      vertex -0.00981192 -0.02969848 -0.06744321
      vertex -0.01424470 -0.04311552 -0.06069728
    endloop
  endfacet
  facet normal -0.24717618 -0.36884625 -0.89602253
    outer loop
      vertex -0.01424470 -0.02672793 -0.06744321
      vertex -0.01424470 -0.04311552 -0.06069728
      vertex -0.02068011 -0.03880294 -0.06069728
    endloop
  endfacet
  facet normal -0.15327146 -0.40301162 -0.90226908
    outer loop
      vertex -0.00981192 -0.02969848 -0.06744321
      vertex -0.00500207 -0.03152774 -0.06744321
      vertex -0.00726189 -0.04577119 -0.06069728
    endloop
  endfacet
  facet normal -0.15327146 -0.40301162 -0.90226908
    outer loop
      vertex -0.00981192 -0.02969848 -0.06744321
      vertex -0.00726189 -0.04577119 -0.06069728
      vertex -0.01424470 -0.04311552 -0.06069728
    endloop
  endfacet
  facet normal -0.05195050 -0.42071396 -0.90570465
    outer loop
      vertex -0.00500207 -0.03152774 -0.06744321
      vertex -0.00000000 -0.03214541 -0.06744321
      vertex -0.00000000 -0.04666790 -0.06069728
    endloop
  endfacet
  facet normal -0.05195050 -0.42071396 -0.90570465
    outer loop
      vertex -0.00500207 -0.03152774 -0.06744321
      vertex -0.00000000 -0.04666790 -0.06069728
      vertex -0.00726189 -0.04577119 -0.06069728
    endloop
  endfacet
  facet normal 0.05195050 -0.42071396 -0.90570465
    outer loop
      vertex -0.00000000 -0.03214541 -0.06744321
      vertex 0.00500207 -0.03152774 -0.06744321
      vertex 0.00726189 -0.04577119 -0.06069728
    endloop
  endfacet
  facet normal 0.05195050 -0.42071396 -0.90570465
    outer loop
      vertex -0.00000000 -0.03214541 -0.06744321
      vertex 0.00726189 -0.04577119 -0.06069728
      vertex -0.00000000 -0.04666790 -0.06069728
    endloop
  endfacet
  facet normal 0.15327146 -0.40301162 -0.90226908
    outer loop
      vertex 0.00500207 -0.03152774 -0.06744321
      vertex 0.00981192 -0.02969848 -0.06744321
      vertex 0.01424470 -0.04311552 -0.06069728
    endloop
  endfacet
  facet normal 0.15327146 -0.40301162 -0.90226908
    outer loop
      vertex 0.00500207 -0.03152774 -0.06744321
      vertex 0.01424470 -0.04311552 -0.06069728
      vertex 0.00726189 -0.04577119 -0.06069728
    endloop
  endfacet
  facet normal 0.24717618 -0.36884625 -0.89602253
    outer loop
      vertex 0.00981192 -0.02969848 -0.06744321
      vertex 0.01424470 -0.02672793 -0.06744321
      vertex 0.02068011 -0.03880294 -0.06069728
    endloop
  endfacet
  facet normal 0.24717618 -0.36884625 -0.89602253
    outer loop
      vertex 0.00981192 -0.02969848 -0.06744321
      vertex 0.02068011 -0.03880294 -0.06069728
      vertex 0.01424470 -0.04311552 -0.06069728
    endloop
  endfacet
  facet normal 0.32968460 -0.32042100 -0.88805318
    outer loop
      vertex 0.01424470 -0.02672793 -0.06744321
      vertex 0.01813007 -0.02273024 -0.06744321
      vertex 0.02632078 -0.03299919 -0.06069728
    endloop
  endfacet
  facet normal 0.32968460 -0.32042100 -0.88805318
    outer loop
      vertex 0.01424470 -0.02672793 -0.06744321
      vertex 0.02632078 -0.03299919 -0.06069728
      vertex 0.02068011 -0.03880294 -0.06069728
    endloop
  endfacet
  facet normal 0.39792617 -0.26047811 -0.87966239
    outer loop
      vertex 0.01813007 -0.02273024 -0.06744321
      vertex 0.02131871 -0.01785903 -0.06744321
      vertex 0.03094996 -0.02592730 -0.06069728
    endloop
  endfacet
  facet normal 0.39792617 -0.26047811 -0.87966239
    outer loop
      vertex 0.01813007 -0.02273024 -0.06744321
      vertex 0.03094996 -0.02592730 -0.06069728
      vertex 0.02632078 -0.03299919 -0.06069728
    endloop
  endfacet
  facet normal 0.45009707 -0.19189270 -0.87211801
    outer loop
      vertex 0.02131871 -0.01785903 -0.06744321
      vertex 0.02368808 -0.01230152 -0.06744321
      vertex 0.03438976 -0.01785903 -0.06069728
    endloop
  endfacet
  facet normal 0.45009707 -0.19189270 -0.87211801
    outer loop
      vertex 0.02131871 -0.01785903 -0.06744321
      vertex 0.03438976 -0.01785903 -0.06069728
      vertex 0.03094996 -0.02592730 -0.06069728
    endloop
  endfacet
  facet normal 0.48522267 -0.11740210 -0.86647315
    outer loop
      vertex 0.02368808 -0.01230152 -0.06744321
      vertex 0.02514713 -0.00627126 -0.06744321
      vertex 0.03650797 -0.00910446 -0.06069728
    endloop
  endfacet
  facet normal 0.48522267 -0.11740210 -0.86647315
    outer loop
      vertex 0.02368808 -0.01230152 -0.06744321
      vertex 0.03650797 -0.00910446 -0.06069728
      vertex 0.03438976 -0.01785903 -0.06069728
    endloop
  endfacet
  facet normal 0.50286199 -0.03950414 -0.86346352
    outer loop
      vertex 0.02514713 -0.00627126 -0.06744321
      vertex 0.02563979 0.00000000 -0.06744321
      vertex 0.03722321 0.00000000 -0.06069728
    endloop
  endfacet
  facet normal 0.50286199 -0.03950414 -0.86346352
    outer loop
      vertex 0.02514713 -0.00627126 -0.06744321
      vertex 0.03722321 0.00000000 -0.06069728
      vertex 0.03650797 -0.00910446 -0.06069728
    endloop
  endfacet
  facet normal 0.66564917 0.05229248 -0.74443044
    outer loop
      vertex 0.03722321 0.00000000 -0.06069728
      vertex 0.03650797 0.00910446 -0.06069728
      vertex 0.04646583 0.01158777 -0.05161880
    endloop
  endfacet
  facet normal 0.66564917 0.05229248 -0.74443044
    outer loop
      vertex 0.03722321 0.00000000 -0.06069728
      vertex 0.04646583 0.01158777 -0.05161880
      vertex 0.04737615 0.00000000 -0.05161880
    endloop
  endfacet
  facet normal 0.64399331 0.15581746 -0.74899502
    outer loop
      vertex 0.03650797 0.00910446 -0.06069728
      vertex 0.03438976 0.01785903 -0.06069728
      vertex 0.04376986 0.02273024 -0.05161880
    endloop
  endfacet
  facet normal 0.64399331 0.15581746 -0.74899502
    outer loop
      vertex 0.03650797 0.00910446 -0.06069728
      vertex 0.04376986 0.02273024 -0.05161880
      vertex 0.04646583 0.01158777 -0.05161880
    endloop
  endfacet
  facet normal 0.60036976 0.25595940 -0.75765489
    outer loop
      vertex 0.03438976 0.01785903 -0.06069728
      vertex 0.03094996 0.02592730 -0.06069728
      vertex 0.03939183 0.03299919 -0.05161880
    endloop
  endfacet
  facet normal 0.60036976 0.25595940 -0.75765489
    outer loop
      vertex 0.03438976 0.01785903 -0.06069728
      vertex 0.03939183 0.03299919 -0.05161880
      vertex 0.04376986 0.02273024 -0.05161880
    endloop
  endfacet
  facet normal 0.53441087 0.34981950 -0.76943573
    outer loop
      vertex 0.03094996 0.02592730 -0.06069728
      vertex 0.02632078 0.03299919 -0.06069728
      vertex 0.03350000 0.04200000 -0.05161880
    endloop
  endfacet
  facet normal 0.53441087 0.34981950 -0.76943573
    outer loop
      vertex 0.03094996 0.02592730 -0.06069728
      vertex 0.03350000 0.04200000 -0.05161880
      vertex 0.03939183 0.03299919 -0.05161880
    endloop
  endfacet
  facet normal 0.44621321 0.43367534 -0.78282787
    outer loop
      vertex 0.02632078 0.03299919 -0.06069728
      vertex 0.02068011 0.03880294 -0.06069728
      vertex 0.02632078 0.04938678 -0.05161880
    endloop
  endfacet
  facet normal 0.44621321 0.43367534 -0.78282787
    outer loop
      vertex 0.02632078 0.03299919 -0.06069728
      vertex 0.02632078 0.04938678 -0.05161880
      vertex 0.03350000 0.04200000 -0.05161880
    endloop
  endfacet
  facet normal 0.33707889 0.50300269 -0.79584302
    outer loop
      vertex 0.02068011 0.03880294 -0.06069728
      vertex 0.01424470 0.04311552 -0.06069728
      vertex 0.01813007 0.05487564 -0.05161880
    endloop
  endfacet
  facet normal 0.33707889 0.50300269 -0.79584302
    outer loop
      vertex 0.02068011 0.03880294 -0.06069728
      vertex 0.01813007 0.05487564 -0.05161880
      vertex 0.02632078 0.04938678 -0.05161880
    endloop
  endfacet
  facet normal 0.21028781 0.55293028 -0.80625501
    outer loop
      vertex 0.01424470 0.04311552 -0.06069728
      vertex 0.00726189 0.04577119 -0.06069728
      vertex 0.00924263 0.05825567 -0.05161880
    endloop
  endfacet
  facet normal 0.21028781 0.55293028 -0.80625501
    outer loop
      vertex 0.01424470 0.04311552 -0.06069728
      vertex 0.00924263 0.05825567 -0.05161880
      vertex 0.01813007 0.05487564 -0.05161880
    endloop
  endfacet
  facet normal 0.07151702 0.57917072 -0.81206317
    outer loop
      vertex 0.00726189 0.04577119 -0.06069728
      vertex 0.00000000 0.04666790 -0.06069728
      vertex 0.00000000 0.05939697 -0.05161880
    endloop
  endfacet
  facet normal 0.07151702 0.57917072 -0.81206317
    outer loop
      vertex 0.00726189 0.04577119 -0.06069728
      vertex 0.00000000 0.05939697 -0.05161880
      vertex 0.00924263 0.05825567 -0.05161880
    endloop
  endfacet
  facet normal -0.07151702 0.57917072 -0.81206317
    outer loop
      vertex 0.00000000 0.04666790 -0.06069728
      vertex -0.00726189 0.04577119 -0.06069728
      vertex -0.00924263 0.05825567 -0.05161880
    endloop
  endfacet
  facet normal -0.07151702 0.57917072 -0.81206317
    outer loop
      vertex 0.00000000 0.04666790 -0.06069728
      vertex -0.00924263 0.05825567 -0.05161880
      vertex 0.00000000 0.05939697 -0.05161880
    endloop
  endfacet
  facet normal -0.21028781 0.55293028 -0.80625501
    outer loop
      vertex -0.00726189 0.04577119 -0.06069728
      vertex -0.01424470 0.04311552 -0.06069728
      vertex -0.01813007 0.05487564 -0.05161880
    endloop
  endfacet
  facet normal -0.21028781 0.55293028 -0.80625501
    outer loop
      vertex -0.00726189 0.04577119 -0.06069728
      vertex -0.01813007 0.05487564 -0.05161880
      vertex -0.00924263 0.05825567 -0.05161880
    endloop
  endfacet
  facet normal -0.33707889 0.50300269 -0.79584302
    outer loop
      vertex -0.01424470 0.04311552 -0.06069728
      vertex -0.02068011 0.03880294 -0.06069728
      vertex -0.02632078 0.04938678 -0.05161880
    endloop
  endfacet
  facet normal -0.33707889 0.50300269 -0.79584302
    outer loop
      vertex -0.01424470 0.04311552 -0.06069728
      vertex -0.02632078 0.04938678 -0.05161880
      vertex -0.01813007 0.05487564 -0.05161880
    endloop
  endfacet
  facet normal -0.44621321 0.43367534 -0.78282787
    outer loop
      vertex -0.02068011 0.03880294 -0.06069728
      vertex -0.02632078 0.03299919 -0.06069728
      vertex -0.03350000 0.04200000 -0.05161880
    endloop
  endfacet
  facet normal -0.44621321 0.43367534 -0.78282787
    outer loop
      vertex -0.02068011 0.03880294 -0.06069728
      vertex -0.03350000 0.04200000 -0.05161880
      vertex -0.02632078 0.04938678 -0.05161880
    endloop
  endfacet
  facet normal -0.53441087 0.34981950 -0.76943573
    outer loop
      vertex -0.02632078 0.03299919 -0.06069728
      vertex -0.03094996 0.02592730 -0.06069728
      vertex -0.03939183 0.03299919 -0.05161880
    endloop
  endfacet
  facet normal -0.53441087 0.34981950 -0.76943573
    outer loop
      vertex -0.02632078 0.03299919 -0.06069728
      vertex -0.03939183 0.03299919 -0.05161880
      vertex -0.03350000 0.04200000 -0.05161880
    endloop
  endfacet
  facet normal -0.60036976 0.25595940 -0.75765489
    outer loop
      vertex -0.03094996 0.02592730 -0.06069728
      vertex -0.03438976 0.01785903 -0.06069728
      vertex -0.04376986 0.02273024 -0.05161880
    endloop
  endfacet
  facet normal -0.60036976 0.25595940 -0.75765489
    outer loop
      vertex -0.03094996 0.02592730 -0.06069728
      vertex -0.04376986 0.02273024 -0.05161880
      vertex -0.03939183 0.03299919 -0.05161880
    endloop
  endfacet
  facet normal -0.64399331 0.15581746 -0.74899502
    outer loop
      vertex -0.03438976 0.01785903 -0.06069728
      vertex -0.03650797 0.00910446 -0.06069728
      vertex -0.04646583 0.01158777 -0.05161880
    endloop
  endfacet
  facet normal -0.64399331 0.15581746 -0.74899502
    outer loop
      vertex -0.03438976 0.01785903 -0.06069728
      vertex -0.04646583 0.01158777 -0.05161880
      vertex -0.04376986 0.02273024 -0.05161880
    endloop
  endfacet
  facet normal -0.66564917 0.05229248 -0.74443044
    outer loop
      vertex -0.03650797 0.00910446 -0.06069728
      vertex -0.03722321 0.00000000 -0.06069728
      vertex -0.04737615 0.00000000 -0.05161880
    endloop
  endfacet
  facet normal -0.66564917 0.05229248 -0.74443044
    outer loop
      vertex -0.03650797 0.00910446 -0.06069728
      vertex -0.04737615 0.00000000 -0.05161880
      vertex -0.04646583 0.01158777 -0.05161880
    endloop
  endfacet
  facet normal -0.66564917 -0.05229248 -0.74443044
    outer loop
      vertex -0.03722321 0.00000000 -0.06069728
      vertex -0.03650797 -0.00910446 -0.06069728
      vertex -0.04646583 -0.01158777 -0.05161880
    endloop
  endfacet
  facet normal -0.66564917 -0.05229248 -0.74443044
    outer loop
      vertex -0.03722321 0.00000000 -0.06069728
      vertex -0.04646583 -0.01158777 -0.05161880
      vertex -0.04737615 0.00000000 -0.05161880
    endloop
  endfacet
  facet normal -0.64399331 -0.15581746 -0.74899502
    outer loop
      vertex -0.03650797 -0.00910446 -0.06069728
      vertex -0.03438976 -0.01785903 -0.06069728
      vertex -0.04376986 -0.02273024 -0.05161880
    endloop
  endfacet
  facet normal -0.64399331 -0.15581746 -0.74899502
    outer loop
      vertex -0.03650797 -0.00910446 -0.06069728
      vertex -0.04376986 -0.02273024 -0.05161880
      vertex -0.04646583 -0.01158777 -0.05161880
    endloop
  endfacet
  facet normal -0.60036976 -0.25595940 -0.75765489
    outer loop
      vertex -0.03438976 -0.01785903 -0.06069728
      vertex -0.03094996 -0.02592730 -0.06069728
      vertex -0.03939183 -0.03299919 -0.05161880
    endloop
  endfacet
  facet normal -0.60036976 -0.25595940 -0.75765489
    outer loop
      vertex -0.03438976 -0.01785903 -0.06069728
      vertex -0.03939183 -0.03299919 -0.05161880
      vertex -0.04376986 -0.02273024 -0.05161880
    endloop
  endfacet
  facet normal -0.53441087 -0.34981950 -0.76943573
    outer loop
      vertex -0.03094996 -0.02592730 -0.06069728
      vertex -0.02632078 -0.03299919 -0.06069728
      vertex -0.03350000 -0.04200000 -0.05161880
    endloop
  endfacet
  facet normal -0.53441087 -0.34981950 -0.76943573
    outer loop
      vertex -0.03094996 -0.02592730 -0.06069728
      vertex -0.03350000 -0.04200000 -0.05161880
      vertex -0.03939183 -0.03299919 -0.05161880
    endloop
  endfacet
  facet normal -0.44621321 -0.43367534 -0.78282787
    outer loop
      vertex -0.02632078 -0.03299919 -0.06069728
      vertex -0.02068011 -0.03880294 -0.06069728
      vertex -0.02632078 -0.04938678 -0.05161880
    endloop
  endfacet
  facet normal -0.44621321 -0.43367534 -0.78282787
    outer loop
      vertex -0.02632078 -0.03299919 -0.06069728
      vertex -0.02632078 -0.04938678 -0.05161880
      vertex -0.03350000 -0.04200000 -0.05161880
    endloop
  endfacet
  facet normal -0.33707889 -0.50300269 -0.79584302
    outer loop
      vertex -0.02068011 -0.03880294 -0.06069728
      vertex -0.01424470 -0.04311552 -0.06069728
      vertex -0.01813007 -0.05487564 -0.05161880
    endloop
  endfacet
  facet normal -0.33707889 -0.50300269 -0.79584302
    outer loop
      vertex -0.02068011 -0.03880294 -0.06069728
      vertex -0.01813007 -0.05487564 -0.05161880
      vertex -0.02632078 -0.04938678 -0.05161880
    endloop
  endfacet
  facet normal -0.21028781 -0.55293028 -0.80625501
    outer loop
      vertex -0.01424470 -0.04311552 -0.06069728
      vertex -0.00726189 -0.04577119 -0.06069728
      vertex -0.00924263 -0.05825567 -0.05161880
    endloop
  endfacet
  facet normal -0.21028781 -0.55293028 -0.80625501
    outer loop
      vertex -0.01424470 -0.04311552 -0.06069728
      vertex -0.00924263 -0.05825567 -0.05161880
      vertex -0.01813007 -0.05487564 -0.05161880
    endloop
  endfacet
  facet normal -0.07151702 -0.57917072 -0.81206317
    outer loop
      vertex -0.00726189 -0.04577119 -0.06069728
      vertex -0.00000000 -0.04666790 -0.06069728
      vertex -0.00000000 -0.05939697 -0.05161880
    endloop
  endfacet
  facet normal -0.07151702 -0.57917072 -0.81206317
    outer loop
      vertex -0.00726189 -0.04577119 -0.06069728
      vertex -0.00000000 -0.05939697 -0.05161880
      vertex -0.00924263 -0.05825567 -0.05161880
    endloop
  endfacet
  facet normal 0.07151702 -0.57917072 -0.81206317
    outer loop
      vertex -0.00000000 -0.04666790 -0.06069728
      vertex 0.00726189 -0.04577119 -0.06069728
      vertex 0.00924263 -0.05825567 -0.05161880
    endloop
  endfacet
  facet normal 0.07151702 -0.57917072 -0.81206317
    outer loop
      vertex -0.00000000 -0.04666790 -0.06069728
      vertex 0.00924263 -0.05825567 -0.05161880
      vertex -0.00000000 -0.05939697 -0.05161880
    endloop
  endfacet
  facet normal 0.21028781 -0.55293028 -0.80625501
    outer loop
      vertex 0.00726189 -0.04577119 -0.06069728
      vertex 0.01424470 -0.04311552 -0.06069728
      vertex 0.01813007 -0.05487564 -0.05161880
    endloop
  endfacet
  facet normal 0.21028781 -0.55293028 -0.80625501
    outer loop
      vertex 0.00726189 -0.04577119 -0.06069728
      vertex 0.01813007 -0.05487564 -0.05161880
      vertex 0.00924263 -0.05825567 -0.05161880
    endloop
  endfacet
  facet normal 0.33707889 -0.50300269 -0.79584302
    outer loop
      vertex 0.01424470 -0.04311552 -0.06069728
      vertex 0.02068011 -0.03880294 -0.06069728
      vertex 0.02632078 -0.04938678 -0.05161880
    endloop
  endfacet
  facet normal 0.33707889 -0.50300269 -0.79584302
    outer loop
      vertex 0.01424470 -0.04311552 -0.06069728
      vertex 0.02632078 -0.04938678 -0.05161880
      vertex 0.01813007 -0.05487564 -0.05161880
    endloop
  endfacet
  facet normal 0.44621321 -0.43367534 -0.78282787
    outer loop
      vertex 0.02068011 -0.03880294 -0.06069728
      vertex 0.02632078 -0.03299919 -0.06069728
      vertex 0.03350000 -0.04200000 -0.05161880
    endloop
  endfacet
  facet normal 0.44621321 -0.43367534 -0.78282787
    outer loop
      vertex 0.02068011 -0.03880294 -0.06069728
      vertex 0.03350000 -0.04200000 -0.05161880
      vertex 0.02632078 -0.04938678 -0.05161880
    endloop
  endfacet
  facet normal 0.53441087 -0.34981950 -0.76943573
    outer loop
      vertex 0.02632078 -0.03299919 -0.06069728
      vertex 0.03094996 -0.02592730 -0.06069728
      vertex 0.03939183 -0.03299919 -0.05161880
    endloop
  endfacet
  facet normal 0.53441087 -0.34981950 -0.76943573
    outer loop
      vertex 0.02632078 -0.03299919 -0.06069728
      vertex 0.03939183 -0.03299919 -0.05161880
      vertex 0.03350000 -0.04200000 -0.05161880
    endloop
  endfacet
  facet normal 0.60036976 -0.25595940 -0.75765489
    outer loop
      vertex 0.03094996 -0.02592730 -0.06069728
      vertex 0.03438976 -0.01785903 -0.06069728
      vertex 0.04376986 -0.02273024 -0.05161880
    endloop
  endfacet
  facet normal 0.60036976 -0.25595940 -0.75765489
    outer loop
      vertex 0.03094996 -0.02592730 -0.06069728
      vertex 0.04376986 -0.02273024 -0.05161880
      vertex 0.03939183 -0.03299919 -0.05161880
    endloop
  endfacet
  facet normal 0.64399331 -0.15581746 -0.74899502
    outer loop
      vertex 0.03438976 -0.01785903 -0.06069728
      vertex 0.03650797 -0.00910446 -0.06069728
      vertex 0.04646583 -0.01158777 -0.05161880
    endloop
  endfacet
  facet normal 0.64399331 -0.15581746 -0.74899502
    outer loop
      vertex 0.03438976 -0.01785903 -0.06069728
      vertex 0.04646583 -0.01158777 -0.05161880
      vertex 0.04376986 -0.02273024 -0.05161880
    endloop
  endfacet
  facet normal 0.66564917 -0.05229248 -0.74443044
    outer loop
      vertex 0.03650797 -0.00910446 -0.06069728
      vertex 0.03722321 0.00000000 -0.06069728
      vertex 0.04737615 0.00000000 -0.05161880
    endloop
  endfacet
  facet normal 0.66564917 -0.05229248 -0.74443044
    outer loop
      vertex 0.03650797 -0.00910446 -0.06069728
      vertex 0.04737615 0.00000000 -0.05161880
      vertex 0.04646583 -0.01158777 -0.05161880
    endloop
  endfacet
  facet normal 0.79719360 0.06262643 -0.60046674
    outer loop
      vertex 0.04737615 0.00000000 -0.05161880
      vertex 0.04646583 0.01158777 -0.05161880
      vertex 0.05463804 0.01362578 -0.04055663
    endloop
  endfacet
  facet normal 0.79719360 0.06262643 -0.60046674
    outer loop
      vertex 0.04737615 0.00000000 -0.05161880
      vertex 0.05463804 0.01362578 -0.04055663
      vertex 0.05570846 0.00000000 -0.04055663
    endloop
  endfacet
  facet normal 0.77332652 0.18711029 -0.60576879
    outer loop
      vertex 0.04646583 0.01158777 -0.05161880
      vertex 0.04376986 0.02273024 -0.05161880
      vertex 0.05146791 0.02672793 -0.04055663
    endloop
  endfacet
  facet normal 0.77332652 0.18711029 -0.60576879
    outer loop
      vertex 0.04646583 0.01158777 -0.05161880
      vertex 0.05146791 0.02672793 -0.04055663
      vertex 0.05463804 0.01362578 -0.04055663
    endloop
  endfacet
  facet normal 0.72467641 0.30895583 -0.61594675
    outer loop
      vertex 0.04376986 0.02273024 -0.05161880
      vertex 0.03939183 0.03299919 -0.05161880
      vertex 0.04631989 0.03880294 -0.04055663
    endloop
  endfacet
  facet normal 0.72467641 0.30895583 -0.61594675
    outer loop
      vertex 0.04376986 0.02273024 -0.05161880
      vertex 0.04631989 0.03880294 -0.04055663
      vertex 0.05146791 0.02672793 -0.04055663
    endloop
  endfacet
  facet normal 0.64973002 0.42530615 -0.63005204
    outer loop
      vertex 0.03939183 0.03299919 -0.05161880
      vertex 0.03350000 0.04200000 -0.05161880
      vertex 0.03939183 0.04938678 -0.04055663
    endloop
  endfacet
  facet normal 0.64973002 0.42530615 -0.63005204
    outer loop
      vertex 0.03939183 0.03299919 -0.05161880
      vertex 0.03939183 0.04938678 -0.04055663
      vertex 0.04631989 0.03880294 -0.04055663
    endloop
  endfacet
  facet normal 0.54711259 0.53173962 -0.64646794
    outer loop
      vertex 0.03350000 0.04200000 -0.05161880
      vertex 0.02632078 0.04938678 -0.05161880
      vertex 0.03094996 0.05807270 -0.04055663
    endloop
  endfacet
  facet normal 0.54711259 0.53173962 -0.64646794
    outer loop
      vertex 0.03350000 0.04200000 -0.05161880
      vertex 0.03094996 0.05807270 -0.04055663
      vertex 0.03939183 0.04938678 -0.04055663
    endloop
  endfacet
  facet normal 0.41683290 0.62201484 -0.66283322
    outer loop
      vertex 0.02632078 0.04938678 -0.05161880
      vertex 0.01813007 0.05487564 -0.05161880
      vertex 0.02131871 0.06452693 -0.04055663
    endloop
  endfacet
  facet normal 0.41683290 0.62201484 -0.66283322
    outer loop
      vertex 0.02632078 0.04938678 -0.05161880
      vertex 0.02131871 0.06452693 -0.04055663
      vertex 0.03094996 0.05807270 -0.04055663
    endloop
  endfacet
  facet normal 0.26187393 0.68857069 -0.67623401
    outer loop
      vertex 0.01813007 0.05487564 -0.05161880
      vertex 0.00924263 0.05825567 -0.05161880
      vertex 0.01086818 0.06850143 -0.04055663
    endloop
  endfacet
  facet normal 0.26187393 0.68857069 -0.67623401
    outer loop
      vertex 0.01813007 0.05487564 -0.05161880
      vertex 0.01086818 0.06850143 -0.04055663
      vertex 0.02131871 0.06452693 -0.04055663
    endloop
  endfacet
  facet normal 0.08941779 0.72413766 -0.68383412
    outer loop
      vertex 0.00924263 0.05825567 -0.05161880
      vertex 0.00000000 0.05939697 -0.05161880
      vertex 0.00000000 0.06984345 -0.04055663
    endloop
  endfacet
  facet normal 0.08941779 0.72413766 -0.68383412
    outer loop
      vertex 0.00924263 0.05825567 -0.05161880
      vertex 0.00000000 0.06984345 -0.04055663
      vertex 0.01086818 0.06850143 -0.04055663
    endloop
  endfacet
  facet normal -0.08941779 0.72413766 -0.68383412
    outer loop
      vertex 0.00000000 0.05939697 -0.05161880
      vertex -0.00924263 0.05825567 -0.05161880
      vertex -0.01086818 0.06850143 -0.04055663
    endloop
  endfacet
  facet normal -0.08941779 0.72413766 -0.68383412
    outer loop
      vertex 0.00000000 0.05939697 -0.05161880
      vertex -0.01086818 0.06850143 -0.04055663
      vertex 0.00000000 0.06984345 -0.04055663
    endloop
  endfacet
  facet normal -0.26187393 0.68857069 -0.67623401
    outer loop
      vertex -0.00924263 0.05825567 -0.05161880
      vertex -0.01813007 0.05487564 -0.05161880
      vertex -0.02131871 0.06452693 -0.04055663
    endloop
  endfacet
  facet normal -0.26187393 0.68857069 -0.67623401
    outer loop
      vertex -0.00924263 0.05825567 -0.05161880
      vertex -0.02131871 0.06452693 -0.04055663
      vertex -0.01086818 0.06850143 -0.04055663
    endloop
  endfacet
  facet normal -0.41683290 0.62201484 -0.66283322
    outer loop
      vertex -0.01813007 0.05487564 -0.05161880
      vertex -0.02632078 0.04938678 -0.05161880
      vertex -0.03094996 0.05807270 -0.04055663
    endloop
  endfacet
  facet normal -0.41683290 0.62201484 -0.66283322
    outer loop
      vertex -0.01813007 0.05487564 -0.05161880
      vertex -0.03094996 0.05807270 -0.04055663
      vertex -0.02131871 0.06452693 -0.04055663
    endloop
  endfacet
  facet normal -0.54711259 0.53173962 -0.64646794
    outer loop
      vertex -0.02632078 0.04938678 -0.05161880
      vertex -0.03350000 0.04200000 -0.05161880
      vertex -0.03939183 0.04938678 -0.04055663
    endloop
  endfacet
  facet normal -0.54711259 0.53173962 -0.64646794
    outer loop
      vertex -0.02632078 0.04938678 -0.05161880
      vertex -0.03939183 0.04938678 -0.04055663
      vertex -0.03094996 0.05807270 -0.04055663
    endloop
  endfacet
  facet normal -0.64973002 0.42530615 -0.63005204
    outer loop
      vertex -0.03350000 0.04200000 -0.05161880
      vertex -0.03939183 0.03299919 -0.05161880
      vertex -0.04631989 0.03880294 -0.04055663
    endloop
  endfacet
  facet normal -0.64973002 0.42530615 -0.63005204
    outer loop
      vertex -0.03350000 0.04200000 -0.05161880
      vertex -0.04631989 0.03880294 -0.04055663
      vertex -0.03939183 0.04938678 -0.04055663
    endloop
  endfacet
  facet normal -0.72467641 0.30895583 -0.61594675
    outer loop
      vertex -0.03939183 0.03299919 -0.05161880
      vertex -0.04376986 0.02273024 -0.05161880
      vertex -0.05146791 0.02672793 -0.04055663
    endloop
  endfacet
  facet normal -0.72467641 0.30895583 -0.61594675
    outer loop
      vertex -0.03939183 0.03299919 -0.05161880
      vertex -0.05146791 0.02672793 -0.04055663
      vertex -0.04631989 0.03880294 -0.04055663
    endloop
  endfacet
  facet normal -0.77332652 0.18711029 -0.60576879
    outer loop
      vertex -0.04376986 0.02273024 -0.05161880
      vertex -0.04646583 0.01158777 -0.05161880
      vertex -0.05463804 0.01362578 -0.04055663
    endloop
  endfacet
  facet normal -0.77332652 0.18711029 -0.60576879
    outer loop
      vertex -0.04376986 0.02273024 -0.05161880
      vertex -0.05463804 0.01362578 -0.04055663
      vertex -0.05146791 0.02672793 -0.04055663
    endloop
  endfacet
  facet normal -0.79719360 0.06262643 -0.60046674
    outer loop
      vertex -0.04646583 0.01158777 -0.05161880
      vertex -0.04737615 0.00000000 -0.05161880
      vertex -0.05570846 0.00000000 -0.04055663
    endloop
  endfacet
  facet normal -0.79719360 0.06262643 -0.60046674
    outer loop
      vertex -0.04646583 0.01158777 -0.05161880
      vertex -0.05570846 0.00000000 -0.04055663
      vertex -0.05463804 0.01362578 -0.04055663
    endloop
  endfacet
  facet normal -0.79719360 -0.06262643 -0.60046674
    outer loop
      vertex -0.04737615 0.00000000 -0.05161880
      vertex -0.04646583 -0.01158777 -0.05161880
      vertex -0.05463804 -0.01362578 -0.04055663
    endloop
  endfacet
  facet normal -0.79719360 -0.06262643 -0.60046674
    outer loop
      vertex -0.04737615 0.00000000 -0.05161880
      vertex -0.05463804 -0.01362578 -0.04055663
      vertex -0.05570846 0.00000000 -0.04055663
    endloop
  endfacet
  facet normal -0.77332652 -0.18711029 -0.60576879
    outer loop
      vertex -0.04646583 -0.01158777 -0.05161880
      vertex -0.04376986 -0.02273024 -0.05161880
      vertex -0.05146791 -0.02672793 -0.04055663
    endloop
  endfacet
  facet normal -0.77332652 -0.18711029 -0.60576879
    outer loop
      vertex -0.04646583 -0.01158777 -0.05161880
      vertex -0.05146791 -0.02672793 -0.04055663
      vertex -0.05463804 -0.01362578 -0.04055663
    endloop
  endfacet
  facet normal -0.72467641 -0.30895583 -0.61594675
    outer loop
      vertex -0.04376986 -0.02273024 -0.05161880
      vertex -0.03939183 -0.03299919 -0.05161880
      vertex -0.04631989 -0.03880294 -0.04055663
    endloop
  endfacet
  facet normal -0.72467641 -0.30895583 -0.61594675
    outer loop
      vertex -0.04376986 -0.02273024 -0.05161880
      vertex -0.04631989 -0.03880294 -0.04055663
      vertex -0.05146791 -0.02672793 -0.04055663
    endloop
  endfacet
  facet normal -0.64973002 -0.42530615 -0.63005204
    outer loop
      vertex -0.03939183 -0.03299919 -0.05161880
      vertex -0.03350000 -0.04200000 -0.05161880
      vertex -0.03939183 -0.04938678 -0.04055663
    endloop
  endfacet
  facet normal -0.64973002 -0.42530615 -0.63005204
    outer loop
      vertex -0.03939183 -0.03299919 -0.05161880
      vertex -0.03939183 -0.04938678 -0.04055663
      vertex -0.04631989 -0.03880294 -0.04055663
    endloop
  endfacet
  facet normal -0.54711259 -0.53173962 -0.64646794
    outer loop
      vertex -0.03350000 -0.04200000 -0.05161880
      vertex -0.02632078 -0.04938678 -0.05161880
      vertex -0.03094996 -0.05807270 -0.04055663
    endloop
  endfacet
  facet normal -0.54711259 -0.53173962 -0.64646794
    outer loop
      vertex -0.03350000 -0.04200000 -0.05161880
      vertex -0.03094996 -0.05807270 -0.04055663
      vertex -0.03939183 -0.04938678 -0.04055663
    endloop
  endfacet
  facet normal -0.41683290 -0.62201484 -0.66283322
    outer loop
      vertex -0.02632078 -0.04938678 -0.05161880
      vertex -0.01813007 -0.05487564 -0.05161880
      vertex -0.02131871 -0.06452693 -0.04055663
    endloop
  endfacet
  facet normal -0.41683290 -0.62201484 -0.66283322
    outer loop
      vertex -0.02632078 -0.04938678 -0.05161880
      vertex -0.02131871 -0.06452693 -0.04055663
      vertex -0.03094996 -0.05807270 -0.04055663
    endloop
  endfacet
  facet normal -0.26187393 -0.68857069 -0.67623401
    outer loop
      vertex -0.01813007 -0.05487564 -0.05161880
      vertex -0.00924263 -0.05825567 -0.05161880
      vertex -0.01086818 -0.06850143 -0.04055663
    endloop
  endfacet
  facet normal -0.26187393 -0.68857069 -0.67623401
    outer loop
      vertex -0.01813007 -0.05487564 -0.05161880
      vertex -0.01086818 -0.06850143 -0.04055663
      vertex -0.02131871 -0.06452693 -0.04055663
    endloop
  endfacet
  facet normal -0.08941779 -0.72413766 -0.68383412
    outer loop
      vertex -0.00924263 -0.05825567 -0.05161880
      vertex -0.00000000 -0.05939697 -0.05161880
      vertex -0.00000000 -0.06984345 -0.04055663
    endloop
  endfacet
  facet normal -0.08941779 -0.72413766 -0.68383412
    outer loop
      vertex -0.00924263 -0.05825567 -0.05161880
      vertex -0.00000000 -0.06984345 -0.04055663
      vertex -0.01086818 -0.06850143 -0.04055663
    endloop
  endfacet
  facet normal 0.08941779 -0.72413766 -0.68383412
    outer loop
      vertex -0.00000000 -0.05939697 -0.05161880
      vertex 0.00924263 -0.05825567 -0.05161880
      vertex 0.01086818 -0.06850143 -0.04055663
    endloop
  endfacet
  facet normal 0.08941779 -0.72413766 -0.68383412
    outer loop
      vertex -0.00000000 -0.05939697 -0.05161880
      vertex 0.01086818 -0.06850143 -0.04055663
      vertex -0.00000000 -0.06984345 -0.04055663
    endloop
  endfacet
  facet normal 0.26187393 -0.68857069 -0.67623401
    outer loop
      vertex 0.00924263 -0.05825567 -0.05161880
      vertex 0.01813007 -0.05487564 -0.05161880
      vertex 0.02131871 -0.06452693 -0.04055663
    endloop
  endfacet
  facet normal 0.26187393 -0.68857069 -0.67623401
    outer loop
      vertex 0.00924263 -0.05825567 -0.05161880
      vertex 0.02131871 -0.06452693 -0.04055663
      vertex 0.01086818 -0.06850143 -0.04055663
    endloop
  endfacet
  facet normal 0.41683290 -0.62201484 -0.66283322
    outer loop
      vertex 0.01813007 -0.05487564 -0.05161880
      vertex 0.02632078 -0.04938678 -0.05161880
      vertex 0.03094996 -0.05807270 -0.04055663
    endloop
  endfacet
  facet normal 0.41683290 -0.62201484 -0.66283322
    outer loop
      vertex 0.01813007 -0.05487564 -0.05161880
      vertex 0.03094996 -0.05807270 -0.04055663
      vertex 0.02131871 -0.06452693 -0.04055663
    endloop
  endfacet
  facet normal 0.54711259 -0.53173962 -0.64646794
    outer loop
      vertex 0.02632078 -0.04938678 -0.05161880
      vertex 0.03350000 -0.04200000 -0.05161880
      vertex 0.03939183 -0.04938678 -0.04055663
    endloop
  endfacet
  facet normal 0.54711259 -0.53173962 -0.64646794
    outer loop
      vertex 0.02632078 -0.04938678 -0.05161880
      vertex 0.03939183 -0.04938678 -0.04055663
      vertex 0.03094996 -0.05807270 -0.04055663
    endloop
  endfacet
  facet normal 0.64973002 -0.42530615 -0.63005204
    outer loop
      vertex 0.03350000 -0.04200000 -0.05161880
      vertex 0.03939183 -0.03299919 -0.05161880
      vertex 0.04631989 -0.03880294 -0.04055663
    endloop
  endfacet
  facet normal 0.64973002 -0.42530615 -0.63005204
    outer loop
      vertex 0.03350000 -0.04200000 -0.05161880
      vertex 0.04631989 -0.03880294 -0.04055663
      vertex 0.03939183 -0.04938678 -0.04055663
    endloop
  endfacet
  facet normal 0.72467641 -0.30895583 -0.61594675
    outer loop
      vertex 0.03939183 -0.03299919 -0.05161880
      vertex 0.04376986 -0.02273024 -0.05161880
      vertex 0.05146791 -0.02672793 -0.04055663
    endloop
  endfacet
  facet normal 0.72467641 -0.30895583 -0.61594675
    outer loop
      vertex 0.03939183 -0.03299919 -0.05161880
      vertex 0.05146791 -0.02672793 -0.04055663
      vertex 0.04631989 -0.03880294 -0.04055663
    endloop
  endfacet
  facet normal 0.77332652 -0.18711029 -0.60576879
    outer loop
      vertex 0.04376986 -0.02273024 -0.05161880
      vertex 0.04646583 -0.01158777 -0.05161880
      vertex 0.05463804 -0.01362578 -0.04055663
    endloop
  endfacet
  facet normal 0.77332652 -0.18711029 -0.60576879
    outer loop
      vertex 0.04376986 -0.02273024 -0.05161880
      vertex 0.05463804 -0.01362578 -0.04055663
      vertex 0.05146791 -0.02672793 -0.04055663
    endloop
  endfacet
  facet normal 0.79719360 -0.06262643 -0.60046674
    outer loop
      vertex 0.04646583 -0.01158777 -0.05161880
      vertex 0.04737615 0.00000000 -0.05161880
      vertex 0.05570846 0.00000000 -0.04055663
    endloop
  endfacet
  facet normal 0.79719360 -0.06262643 -0.60046674
    outer loop
      vertex 0.04646583 -0.01158777 -0.05161880
      vertex 0.05570846 0.00000000 -0.04055663
      vertex 0.05463804 -0.01362578 -0.04055663
    endloop
  endfacet
  facet normal 0.89556028 0.07035398 -0.43934281
    outer loop
      vertex 0.05570846 0.00000000 -0.04055663
      vertex 0.05463804 0.01362578 -0.04055663
      vertex 0.06071054 0.01514016 -0.02793589
    endloop
  endfacet
  facet normal 0.89556028 0.07035398 -0.43934281
    outer loop
      vertex 0.05570846 0.00000000 -0.04055663
      vertex 0.06071054 0.01514016 -0.02793589
      vertex 0.06189993 0.00000000 -0.02793589
    endloop
  endfacet
  facet normal 0.87077400 0.21068820 -0.44425569
    outer loop
      vertex 0.05463804 0.01362578 -0.04055663
      vertex 0.05146791 0.02672793 -0.04055663
      vertex 0.05718808 0.02969848 -0.02793589
    endloop
  endfacet
  facet normal 0.87077400 0.21068820 -0.44425569
    outer loop
      vertex 0.05463804 0.01362578 -0.04055663
      vertex 0.05718808 0.02969848 -0.02793589
      vertex 0.06071054 0.01514016 -0.02793589
    endloop
  endfacet
  facet normal 0.81972266 0.34947749 -0.45378436
    outer loop
      vertex 0.05146791 0.02672793 -0.04055663
      vertex 0.04631989 0.03880294 -0.04055663
      vertex 0.05146791 0.04311552 -0.02793589
    endloop
  endfacet
  facet normal 0.81972266 0.34947749 -0.45378436
    outer loop
      vertex 0.05146791 0.02672793 -0.04055663
      vertex 0.05146791 0.04311552 -0.02793589
      vertex 0.05718808 0.02969848 -0.02793589
    endloop
  endfacet
  facet normal 0.73975148 0.48423321 -0.46721081
    outer loop
      vertex 0.04631989 0.03880294 -0.04055663
      vertex 0.03939183 0.04938678 -0.04055663
      vertex 0.04376986 0.05487564 -0.02793589
    endloop
  endfacet
  facet normal 0.73975148 0.48423321 -0.46721081
    outer loop
      vertex 0.04631989 0.03880294 -0.04055663
      vertex 0.04376986 0.05487564 -0.02793589
      vertex 0.05146791 0.04311552 -0.02793589
    endloop
  endfacet
  facet normal 0.62784570 0.61020425 -0.48317755
    outer loop
      vertex 0.03939183 0.04938678 -0.04055663
      vertex 0.03094996 0.05807270 -0.04055663
      vertex 0.03438976 0.06452693 -0.02793589
    endloop
  endfacet
  facet normal 0.62784570 0.61020425 -0.48317755
    outer loop
      vertex 0.03939183 0.04938678 -0.04055663
      vertex 0.03438976 0.06452693 -0.02793589
      vertex 0.04376986 0.05487564 -0.02793589
    endloop
  endfacet
  facet normal 0.48227561 0.71967109 -0.49948348
    outer loop
      vertex 0.03094996 0.05807270 -0.04055663
      vertex 0.02131871 0.06452693 -0.04055663
      vertex 0.02368808 0.07169848 -0.02793589
    endloop
  endfacet
  facet normal 0.48227561 0.71967109 -0.49948348
    outer loop
      vertex 0.03094996 0.05807270 -0.04055663
      vertex 0.02368808 0.07169848 -0.02793589
      vertex 0.03438976 0.06452693 -0.02793589
    endloop
  endfacet
  facet normal 0.30510551 0.80224371 -0.51314292
    outer loop
      vertex 0.02131871 0.06452693 -0.04055663
      vertex 0.01086818 0.06850143 -0.04055663
      vertex 0.01207608 0.07611471 -0.02793589
    endloop
  endfacet
  facet normal 0.30510551 0.80224371 -0.51314292
    outer loop
      vertex 0.02131871 0.06452693 -0.04055663
      vertex 0.01207608 0.07611471 -0.02793589
      vertex 0.02368808 0.07169848 -0.02793589
    endloop
  endfacet
  facet normal 0.10460278 0.84711121 -0.52101906
    outer loop
      vertex 0.01086818 0.06850143 -0.04055663
      vertex 0.00000000 0.06984345 -0.04055663
      vertex 0.00000000 0.07760588 -0.02793589
    endloop
  endfacet
  facet normal 0.10460278 0.84711121 -0.52101906
    outer loop
      vertex 0.01086818 0.06850143 -0.04055663
      vertex 0.00000000 0.07760588 -0.02793589
      vertex 0.01207608 0.07611471 -0.02793589
    endloop
  endfacet
  facet normal -0.10460278 0.84711121 -0.52101906
    outer loop
      vertex 0.00000000 0.06984345 -0.04055663
      vertex -0.01086818 0.06850143 -0.04055663
      vertex -0.01207608 0.07611471 -0.02793589
    endloop
  endfacet
  facet normal -0.10460278 0.84711121 -0.52101906
    outer loop
      vertex 0.00000000 0.06984345 -0.04055663
      vertex -0.01207608 0.07611471 -0.02793589
      vertex 0.00000000 0.07760588 -0.02793589
    endloop
  endfacet
  facet normal -0.30510551 0.80224371 -0.51314292
    outer loop
      vertex -0.01086818 0.06850143 -0.04055663
      vertex -0.02131871 0.06452693 -0.04055663
      vertex -0.02368808 0.07169848 -0.02793589
    endloop
  endfacet
  facet normal -0.30510551 0.80224371 -0.51314292
    outer loop
      vertex -0.01086818 0.06850143 -0.04055663
      vertex -0.02368808 0.07169848 -0.02793589
      vertex -0.01207608 0.07611471 -0.02793589
    endloop
  endfacet
  facet normal -0.48227561 0.71967109 -0.49948348
    outer loop
      vertex -0.02131871 0.06452693 -0.04055663
      vertex -0.03094996 0.05807270 -0.04055663
      vertex -0.03438976 0.06452693 -0.02793589
    endloop
  endfacet
  facet normal -0.48227561 0.71967109 -0.49948348
    outer loop
      vertex -0.02131871 0.06452693 -0.04055663
      vertex -0.03438976 0.06452693 -0.02793589
      vertex -0.02368808 0.07169848 -0.02793589
    endloop
  endfacet
  facet normal -0.62784570 0.61020425 -0.48317755
    outer loop
      vertex -0.03094996 0.05807270 -0.04055663
      vertex -0.03939183 0.04938678 -0.04055663
      vertex -0.04376986 0.05487564 -0.02793589
    endloop
  endfacet
  facet normal -0.62784570 0.61020425 -0.48317755
    outer loop
      vertex -0.03094996 0.05807270 -0.04055663
      vertex -0.04376986 0.05487564 -0.02793589
      vertex -0.03438976 0.06452693 -0.02793589
    endloop
  endfacet
  facet normal -0.73975148 0.48423321 -0.46721081
    outer loop
      vertex -0.03939183 0.04938678 -0.04055663
      vertex -0.04631989 0.03880294 -0.04055663
      vertex -0.05146791 0.04311552 -0.02793589
    endloop
  endfacet
  facet normal -0.73975148 0.48423321 -0.46721081
    outer loop
      vertex -0.03939183 0.04938678 -0.04055663
      vertex -0.05146791 0.04311552 -0.02793589
      vertex -0.04376986 0.05487564 -0.02793589
    endloop
  endfacet
  facet normal -0.81972266 0.34947749 -0.45378436
    outer loop
      vertex -0.04631989 0.03880294 -0.04055663
      vertex -0.05146791 0.02672793 -0.04055663
      vertex -0.05718808 0.02969848 -0.02793589
    endloop
  endfacet
  facet normal -0.81972266 0.34947749 -0.45378436
    outer loop
      vertex -0.04631989 0.03880294 -0.04055663
      vertex -0.05718808 0.02969848 -0.02793589
      vertex -0.05146791 0.04311552 -0.02793589
    endloop
  endfacet
  facet normal -0.87077400 0.21068820 -0.44425569
    outer loop
      vertex -0.05146791 0.02672793 -0.04055663
      vertex -0.05463804 0.01362578 -0.04055663
      vertex -0.06071054 0.01514016 -0.02793589
    endloop
  endfacet
  facet normal -0.87077400 0.21068820 -0.44425569
    outer loop
      vertex -0.05146791 0.02672793 -0.04055663
      vertex -0.06071054 0.01514016 -0.02793589
      vertex -0.05718808 0.02969848 -0.02793589
    endloop
  endfacet
  facet normal -0.89556028 0.07035398 -0.43934281
    outer loop
      vertex -0.05463804 0.01362578 -0.04055663
      vertex -0.05570846 0.00000000 -0.04055663
      vertex -0.06189993 0.00000000 -0.02793589
    endloop
  endfacet
  facet normal -0.89556028 0.07035398 -0.43934281
    outer loop
      vertex -0.05463804 0.01362578 -0.04055663
      vertex -0.06189993 0.00000000 -0.02793589
      vertex -0.06071054 0.01514016 -0.02793589
    endloop
  endfacet
  facet normal -0.89556028 -0.07035398 -0.43934281
    outer loop
      vertex -0.05570846 0.00000000 -0.04055663
      vertex -0.05463804 -0.01362578 -0.04055663
      vertex -0.06071054 -0.01514016 -0.02793589
    endloop
  endfacet
  facet normal -0.89556028 -0.07035398 -0.43934281
    outer loop
      vertex -0.05570846 0.00000000 -0.04055663
      vertex -0.06071054 -0.01514016 -0.02793589
      vertex -0.06189993 0.00000000 -0.02793589
    endloop
  endfacet
  facet normal -0.87077400 -0.21068820 -0.44425569
    outer loop
      vertex -0.05463804 -0.01362578 -0.04055663
      vertex -0.05146791 -0.02672793 -0.04055663
      vertex -0.05718808 -0.02969848 -0.02793589
    endloop
  endfacet
  facet normal -0.87077400 -0.21068820 -0.44425569
    outer loop
      vertex -0.05463804 -0.01362578 -0.04055663
      vertex -0.05718808 -0.02969848 -0.02793589
      vertex -0.06071054 -0.01514016 -0.02793589
    endloop
  endfacet
  facet normal -0.81972266 -0.34947749 -0.45378436
    outer loop
      vertex -0.05146791 -0.02672793 -0.04055663
      vertex -0.04631989 -0.03880294 -0.04055663
      vertex -0.05146791 -0.04311552 -0.02793589
    endloop
  endfacet
  facet normal -0.81972266 -0.34947749 -0.45378436
    outer loop
      vertex -0.05146791 -0.02672793 -0.04055663
      vertex -0.05146791 -0.04311552 -0.02793589
      vertex -0.05718808 -0.02969848 -0.02793589
    endloop
  endfacet
  facet normal -0.73975148 -0.48423321 -0.46721081
    outer loop
      vertex -0.04631989 -0.03880294 -0.04055663
      vertex -0.03939183 -0.04938678 -0.04055663
      vertex -0.04376986 -0.05487564 -0.02793589
    endloop
  endfacet
  facet normal -0.73975148 -0.48423321 -0.46721081
    outer loop
      vertex -0.04631989 -0.03880294 -0.04055663
      vertex -0.04376986 -0.05487564 -0.02793589
      vertex -0.05146791 -0.04311552 -0.02793589
    endloop
  endfacet
  facet normal -0.62784570 -0.61020425 -0.48317755
    outer loop
      vertex -0.03939183 -0.04938678 -0.04055663
      vertex -0.03094996 -0.05807270 -0.04055663
      vertex -0.03438976 -0.06452693 -0.02793589
    endloop
  endfacet
  facet normal -0.62784570 -0.61020425 -0.48317755
    outer loop
      vertex -0.03939183 -0.04938678 -0.04055663
      vertex -0.03438976 -0.06452693 -0.02793589
      vertex -0.04376986 -0.05487564 -0.02793589
    endloop
  endfacet
  facet normal -0.48227561 -0.71967109 -0.49948348
    outer loop
      vertex -0.03094996 -0.05807270 -0.04055663
      vertex -0.02131871 -0.06452693 -0.04055663
      vertex -0.02368808 -0.07169848 -0.02793589
    endloop
  endfacet
  facet normal -0.48227561 -0.71967109 -0.49948348
    outer loop
      vertex -0.03094996 -0.05807270 -0.04055663
      vertex -0.02368808 -0.07169848 -0.02793589
      vertex -0.03438976 -0.06452693 -0.02793589
    endloop
  endfacet
  facet normal -0.30510551 -0.80224371 -0.51314292
    outer loop
      vertex -0.02131871 -0.06452693 -0.04055663
      vertex -0.01086818 -0.06850143 -0.04055663
      vertex -0.01207608 -0.07611471 -0.02793589
    endloop
  endfacet
  facet normal -0.30510551 -0.80224371 -0.51314292
    outer loop
      vertex -0.02131871 -0.06452693 -0.04055663
      vertex -0.01207608 -0.07611471 -0.02793589
      vertex -0.02368808 -0.07169848 -0.02793589
    endloop
  endfacet
  facet normal -0.10460278 -0.84711121 -0.52101906
    outer loop
      vertex -0.01086818 -0.06850143 -0.04055663
      vertex -0.00000000 -0.06984345 -0.04055663
      vertex -0.00000000 -0.07760588 -0.02793589
    endloop
  endfacet
  facet normal -0.10460278 -0.84711121 -0.52101906
    outer loop
      vertex -0.01086818 -0.06850143 -0.04055663
      vertex -0.00000000 -0.07760588 -0.02793589
      vertex -0.01207608 -0.07611471 -0.02793589
    endloop
  endfacet
  facet normal 0.10460278 -0.84711121 -0.52101906
    outer loop
      vertex -0.00000000 -0.06984345 -0.04055663
      vertex 0.01086818 -0.06850143 -0.04055663
      vertex 0.01207608 -0.07611471 -0.02793589
    endloop
  endfacet
  facet normal 0.10460278 -0.84711121 -0.52101906
    outer loop
      vertex -0.00000000 -0.06984345 -0.04055663
      vertex 0.01207608 -0.07611471 -0.02793589
      vertex -0.00000000 -0.07760588 -0.02793589
    endloop
  endfacet
  facet normal 0.30510551 -0.80224371 -0.51314292
    outer loop
      vertex 0.01086818 -0.06850143 -0.04055663
      vertex 0.02131871 -0.06452693 -0.04055663
      vertex 0.02368808 -0.07169848 -0.02793589
    endloop
  endfacet
  facet normal 0.30510551 -0.80224371 -0.51314292
    outer loop
      vertex 0.01086818 -0.06850143 -0.04055663
      vertex 0.02368808 -0.07169848 -0.02793589
      vertex 0.01207608 -0.07611471 -0.02793589
    endloop
  endfacet
  facet normal 0.48227561 -0.71967109 -0.49948348
    outer loop
      vertex 0.02131871 -0.06452693 -0.04055663
      vertex 0.03094996 -0.05807270 -0.04055663
      vertex 0.03438976 -0.06452693 -0.02793589
    endloop
  endfacet
  facet normal 0.48227561 -0.71967109 -0.49948348
    outer loop
      vertex 0.02131871 -0.06452693 -0.04055663
      vertex 0.03438976 -0.06452693 -0.02793589
      vertex 0.02368808 -0.07169848 -0.02793589
    endloop
  endfacet
  facet normal 0.62784570 -0.61020425 -0.48317755
    outer loop
      vertex 0.03094996 -0.05807270 -0.04055663
      vertex 0.03939183 -0.04938678 -0.04055663
      vertex 0.04376986 -0.05487564 -0.02793589
    endloop
  endfacet
  facet normal 0.62784570 -0.61020425 -0.48317755
    outer loop
      vertex 0.03094996 -0.05807270 -0.04055663
      vertex 0.04376986 -0.05487564 -0.02793589
      vertex 0.03438976 -0.06452693 -0.02793589
    endloop
  endfacet
  facet normal 0.73975148 -0.48423321 -0.46721081
    outer loop
      vertex 0.03939183 -0.04938678 -0.04055663
      vertex 0.04631989 -0.03880294 -0.04055663
      vertex 0.05146791 -0.04311552 -0.02793589
    endloop
  endfacet
  facet normal 0.73975148 -0.48423321 -0.46721081
    outer loop
      vertex 0.03939183 -0.04938678 -0.04055663
      vertex 0.05146791 -0.04311552 -0.02793589
      vertex 0.04376986 -0.05487564 -0.02793589
    endloop
  endfacet
  facet normal 0.81972266 -0.34947749 -0.45378436
    outer loop
      vertex 0.04631989 -0.03880294 -0.04055663
      vertex 0.05146791 -0.02672793 -0.04055663
      vertex 0.05718808 -0.02969848 -0.02793589
    endloop
  endfacet
  facet normal 0.81972266 -0.34947749 -0.45378436
    outer loop
      vertex 0.04631989 -0.03880294 -0.04055663
      vertex 0.05718808 -0.02969848 -0.02793589
      vertex 0.05146791 -0.04311552 -0.02793589
    endloop
  endfacet
  facet normal 0.87077400 -0.21068820 -0.44425569
    outer loop
      vertex 0.05146791 -0.02672793 -0.04055663
      vertex 0.05463804 -0.01362578 -0.04055663
      vertex 0.06071054 -0.01514016 -0.02793589
    endloop
  endfacet
  facet normal 0.87077400 -0.21068820 -0.44425569
    outer loop
      vertex 0.05146791 -0.02672793 -0.04055663
      vertex 0.06071054 -0.01514016 -0.02793589
      vertex 0.05718808 -0.02969848 -0.02793589
    endloop
  endfacet
  facet normal 0.89556028 -0.07035398 -0.43934281
    outer loop
      vertex 0.05463804 -0.01362578 -0.04055663
      vertex 0.05570846 0.00000000 -0.04055663
      vertex 0.06189993 0.00000000 -0.02793589
    endloop
  endfacet
  facet normal 0.89556028 -0.07035398 -0.43934281
    outer loop
      vertex 0.05463804 -0.01362578 -0.04055663
      vertex 0.06189993 0.00000000 -0.02793589
      vertex 0.06071054 -0.01514016 -0.02793589
    endloop
  endfacet
  facet normal 0.96061264 0.07546440 -0.26744808
    outer loop
      vertex 0.06189993 0.00000000 -0.02793589
      vertex 0.06071054 0.01514016 -0.02793589
      vertex 0.06444996 0.01607270 -0.01424159
    endloop
  endfacet
  facet normal 0.96061264 0.07546440 -0.26744808
    outer loop
      vertex 0.06189993 0.00000000 -0.02793589
      vertex 0.06444996 0.01607270 -0.01424159
      vertex 0.06571261 0.00000000 -0.01424159
    endloop
  endfacet
  facet normal 0.93561121 0.22637590 -0.27089778
    outer loop
      vertex 0.06071054 0.01514016 -0.02793589
      vertex 0.05718808 0.02969848 -0.02793589
      vertex 0.06071054 0.03152774 -0.01424159
    endloop
  endfacet
  facet normal 0.93561121 0.22637590 -0.27089778
    outer loop
      vertex 0.06071054 0.01514016 -0.02793589
      vertex 0.06071054 0.03152774 -0.01424159
      vertex 0.06444996 0.01607270 -0.01424159
    endloop
  endfacet
  facet normal 0.88372278 0.37676307 -0.27763942
    outer loop
      vertex 0.05718808 0.02969848 -0.02793589
      vertex 0.05146791 0.04311552 -0.02793589
      vertex 0.05463804 0.04577119 -0.01424159
    endloop
  endfacet
  facet normal 0.88372278 0.37676307 -0.27763942
    outer loop
      vertex 0.05718808 0.02969848 -0.02793589
      vertex 0.05463804 0.04577119 -0.01424159
      vertex 0.06071054 0.03152774 -0.01424159
    endloop
  endfacet
  facet normal 0.80142153 0.52460174 -0.28725694
    outer loop
      vertex 0.05146791 0.04311552 -0.02793589
      vertex 0.04376986 0.05487564 -0.02793589
      vertex 0.04646583 0.05825567 -0.01424159
    endloop
  endfacet
  facet normal 0.80142153 0.52460174 -0.28725694
    outer loop
      vertex 0.05146791 0.04311552 -0.02793589
      vertex 0.04646583 0.05825567 -0.01424159
      vertex 0.05463804 0.04577119 -0.01424159
    endloop
  endfacet
  facet normal 0.68433041 0.66510184 -0.29888365
    outer loop
      vertex 0.04376986 0.05487564 -0.02793589
      vertex 0.03438976 0.06452693 -0.02793589
      vertex 0.03650797 0.06850143 -0.01424159
    endloop
  endfacet
  facet normal 0.68433041 0.66510184 -0.29888365
    outer loop
      vertex 0.04376986 0.05487564 -0.02793589
      vertex 0.03650797 0.06850143 -0.01424159
      vertex 0.04646583 0.05825567 -0.01424159
    endloop
  endfacet
  facet normal 0.52908897 0.78952787 -0.31098327
    outer loop
      vertex 0.03438976 0.06452693 -0.02793589
      vertex 0.02368808 0.07169848 -0.02793589
      vertex 0.02514713 0.07611471 -0.01424159
    endloop
  endfacet
  facet normal 0.52908897 0.78952787 -0.31098327
    outer loop
      vertex 0.03438976 0.06452693 -0.02793589
      vertex 0.02514713 0.07611471 -0.01424159
      vertex 0.03650797 0.06850143 -0.01424159
    endloop
  endfacet
  facet normal 0.33662630 0.88512439 -0.32130599
    outer loop
      vertex 0.02368808 0.07169848 -0.02793589
      vertex 0.01207608 0.07611471 -0.02793589
      vertex 0.01281989 0.08080294 -0.01424159
    endloop
  endfacet
  facet normal 0.33662630 0.88512439 -0.32130599
    outer loop
      vertex 0.02368808 0.07169848 -0.02793589
      vertex 0.01281989 0.08080294 -0.01424159
      vertex 0.02514713 0.07611471 -0.01424159
    endloop
  endfacet
  facet normal 0.11579925 0.93778424 -0.32733965
    outer loop
      vertex 0.01207608 0.07611471 -0.02793589
      vertex 0.00000000 0.07760588 -0.02793589
      vertex 0.00000000 0.08238596 -0.01424159
    endloop
  endfacet
  facet normal 0.11579925 0.93778424 -0.32733965
    outer loop
      vertex 0.01207608 0.07611471 -0.02793589
      vertex 0.00000000 0.08238596 -0.01424159
      vertex 0.01281989 0.08080294 -0.01424159
    endloop
  endfacet
  facet normal -0.11579925 0.93778424 -0.32733965
    outer loop
      vertex 0.00000000 0.07760588 -0.02793589
      vertex -0.01207608 0.07611471 -0.02793589
      vertex -0.01281989 0.08080294 -0.01424159
    endloop
  endfacet
  facet normal -0.11579925 0.93778424 -0.32733965
    outer loop
      vertex 0.00000000 0.07760588 -0.02793589
      vertex -0.01281989 0.08080294 -0.01424159
      vertex 0.00000000 0.08238596 -0.01424159
    endloop
  endfacet
  facet normal -0.33662630 0.88512439 -0.32130599
    outer loop
      vertex -0.01207608 0.07611471 -0.02793589
      vertex -0.02368808 0.07169848 -0.02793589
      vertex -0.02514713 0.07611471 -0.01424159
    endloop
  endfacet
  facet normal -0.33662630 0.88512439 -0.32130599
    outer loop
      vertex -0.01207608 0.07611471 -0.02793589
      vertex -0.02514713 0.07611471 -0.01424159
      vertex -0.01281989 0.08080294 -0.01424159
    endloop
  endfacet
  facet normal -0.52908897 0.78952787 -0.31098327
    outer loop
      vertex -0.02368808 0.07169848 -0.02793589
      vertex -0.03438976 0.06452693 -0.02793589
      vertex -0.03650797 0.06850143 -0.01424159
    endloop
  endfacet
  facet normal -0.52908897 0.78952787 -0.31098327
    outer loop
      vertex -0.02368808 0.07169848 -0.02793589
      vertex -0.03650797 0.06850143 -0.01424159
      vertex -0.02514713 0.07611471 -0.01424159
    endloop
  endfacet
  facet normal -0.68433041 0.66510184 -0.29888365
    outer loop
      vertex -0.03438976 0.06452693 -0.02793589
      vertex -0.04376986 0.05487564 -0.02793589
      vertex -0.04646583 0.05825567 -0.01424159
    endloop
  endfacet
  facet normal -0.68433041 0.66510184 -0.29888365
    outer loop
      vertex -0.03438976 0.06452693 -0.02793589
      vertex -0.04646583 0.05825567 -0.01424159
      vertex -0.03650797 0.06850143 -0.01424159
    endloop
  endfacet
  facet normal -0.80142153 0.52460174 -0.28725694
    outer loop
      vertex -0.04376986 0.05487564 -0.02793589
      vertex -0.05146791 0.04311552 -0.02793589
      vertex -0.05463804 0.04577119 -0.01424159
    endloop
  endfacet
  facet normal -0.80142153 0.52460174 -0.28725694
    outer loop
      vertex -0.04376986 0.05487564 -0.02793589
      vertex -0.05463804 0.04577119 -0.01424159
      vertex -0.04646583 0.05825567 -0.01424159
    endloop
  endfacet
  facet normal -0.88372278 0.37676307 -0.27763942
    outer loop
      vertex -0.05146791 0.04311552 -0.02793589
      vertex -0.05718808 0.02969848 -0.02793589
      vertex -0.06071054 0.03152774 -0.01424159
    endloop
  endfacet
  facet normal -0.88372278 0.37676307 -0.27763942
    outer loop
      vertex -0.05146791 0.04311552 -0.02793589
      vertex -0.06071054 0.03152774 -0.01424159
      vertex -0.05463804 0.04577119 -0.01424159
    endloop
  endfacet
  facet normal -0.93561121 0.22637590 -0.27089778
    outer loop
      vertex -0.05718808 0.02969848 -0.02793589
      vertex -0.06071054 0.01514016 -0.02793589
      vertex -0.06444996 0.01607270 -0.01424159
    endloop
  endfacet
  facet normal -0.93561121 0.22637590 -0.27089778
    outer loop
      vertex -0.05718808 0.02969848 -0.02793589
      vertex -0.06444996 0.01607270 -0.01424159
      vertex -0.06071054 0.03152774 -0.01424159
    endloop
  endfacet
  facet normal -0.96061264 0.07546440 -0.26744808
    outer loop
      vertex -0.06071054 0.01514016 -0.02793589
      vertex -0.06189993 0.00000000 -0.02793589
      vertex -0.06571261 0.00000000 -0.01424159
    endloop
  endfacet
  facet normal -0.96061264 0.07546440 -0.26744808
    outer loop
      vertex -0.06071054 0.01514016 -0.02793589
      vertex -0.06571261 0.00000000 -0.01424159
      vertex -0.06444996 0.01607270 -0.01424159
    endloop
  endfacet
  facet normal -0.96061264 -0.07546440 -0.26744808
    outer loop
      vertex -0.06189993 0.00000000 -0.02793589
      vertex -0.06071054 -0.01514016 -0.02793589
      vertex -0.06444996 -0.01607270 -0.01424159
    endloop
  endfacet
  facet normal -0.96061264 -0.07546440 -0.26744808
    outer loop
      vertex -0.06189993 0.00000000 -0.02793589
      vertex -0.06444996 -0.01607270 -0.01424159
      vertex -0.06571261 0.00000000 -0.01424159
    endloop
  endfacet
  facet normal -0.93561121 -0.22637590 -0.27089778
    outer loop
      vertex -0.06071054 -0.01514016 -0.02793589
      vertex -0.05718808 -0.02969848 -0.02793589
      vertex -0.06071054 -0.03152774 -0.01424159
    endloop
  endfacet
  facet normal -0.93561121 -0.22637590 -0.27089778
    outer loop
      vertex -0.06071054 -0.01514016 -0.02793589
      vertex -0.06071054 -0.03152774 -0.01424159
      vertex -0.06444996 -0.01607270 -0.01424159
    endloop
  endfacet
  facet normal -0.88372278 -0.37676307 -0.27763942
    outer loop
      vertex -0.05718808 -0.02969848 -0.02793589
      vertex -0.05146791 -0.04311552 -0.02793589
      vertex -0.05463804 -0.04577119 -0.01424159
    endloop
  endfacet
  facet normal -0.88372278 -0.37676307 -0.27763942
    outer loop
      vertex -0.05718808 -0.02969848 -0.02793589
      vertex -0.05463804 -0.04577119 -0.01424159
      vertex -0.06071054 -0.03152774 -0.01424159
    endloop
  endfacet
  facet normal -0.80142153 -0.52460174 -0.28725694
    outer loop
      vertex -0.05146791 -0.04311552 -0.02793589
      vertex -0.04376986 -0.05487564 -0.02793589
      vertex -0.04646583 -0.05825567 -0.01424159
    endloop
  endfacet
  facet normal -0.80142153 -0.52460174 -0.28725694
    outer loop
      vertex -0.05146791 -0.04311552 -0.02793589
      vertex -0.04646583 -0.05825567 -0.01424159
      vertex -0.05463804 -0.04577119 -0.01424159
    endloop
  endfacet
  facet normal -0.68433041 -0.66510184 -0.29888365
    outer loop
      vertex -0.04376986 -0.05487564 -0.02793589
      vertex -0.03438976 -0.06452693 -0.02793589
      vertex -0.03650797 -0.06850143 -0.01424159
    endloop
  endfacet
  facet normal -0.68433041 -0.66510184 -0.29888365
    outer loop
      vertex -0.04376986 -0.05487564 -0.02793589
      vertex -0.03650797 -0.06850143 -0.01424159
      vertex -0.04646583 -0.05825567 -0.01424159
    endloop
  endfacet
  facet normal -0.52908897 -0.78952787 -0.31098327
    outer loop
      vertex -0.03438976 -0.06452693 -0.02793589
      vertex -0.02368808 -0.07169848 -0.02793589
      vertex -0.02514713 -0.07611471 -0.01424159
    endloop
  endfacet
  facet normal -0.52908897 -0.78952787 -0.31098327
    outer loop
      vertex -0.03438976 -0.06452693 -0.02793589
      vertex -0.02514713 -0.07611471 -0.01424159
      vertex -0.03650797 -0.06850143 -0.01424159
    endloop
  endfacet
  facet normal -0.33662630 -0.88512439 -0.32130599
    outer loop
      vertex -0.02368808 -0.07169848 -0.02793589
      vertex -0.01207608 -0.07611471 -0.02793589
      vertex -0.01281989 -0.08080294 -0.01424159
    endloop
  endfacet
  facet normal -0.33662630 -0.88512439 -0.32130599
    outer loop
      vertex -0.02368808 -0.07169848 -0.02793589
      vertex -0.01281989 -0.08080294 -0.01424159
      vertex -0.02514713 -0.07611471 -0.01424159
    endloop
  endfacet
  facet normal -0.11579925 -0.93778424 -0.32733965
    outer loop
      vertex -0.01207608 -0.07611471 -0.02793589
      vertex -0.00000000 -0.07760588 -0.02793589
      vertex -0.00000000 -0.08238596 -0.01424159
    endloop
  endfacet
  facet normal -0.11579925 -0.93778424 -0.32733965
    outer loop
      vertex -0.01207608 -0.07611471 -0.02793589
      vertex -0.00000000 -0.08238596 -0.01424159
      vertex -0.01281989 -0.08080294 -0.01424159
    endloop
  endfacet
  facet normal 0.11579925 -0.93778424 -0.32733965
    outer loop
      vertex -0.00000000 -0.07760588 -0.02793589
      vertex 0.01207608 -0.07611471 -0.02793589
      vertex 0.01281989 -0.08080294 -0.01424159
    endloop
  endfacet
  facet normal 0.11579925 -0.93778424 -0.32733965
    outer loop
      vertex -0.00000000 -0.07760588 -0.02793589
      vertex 0.01281989 -0.08080294 -0.01424159
      vertex -0.00000000 -0.08238596 -0.01424159
    endloop
  endfacet
  facet normal 0.33662630 -0.88512439 -0.32130599
    outer loop
      vertex 0.01207608 -0.07611471 -0.02793589
      vertex 0.02368808 -0.07169848 -0.02793589
      vertex 0.02514713 -0.07611471 -0.01424159
    endloop
  endfacet
  facet normal 0.33662630 -0.88512439 -0.32130599
    outer loop
      vertex 0.01207608 -0.07611471 -0.02793589
      vertex 0.02514713 -0.07611471 -0.01424159
      vertex 0.01281989 -0.08080294 -0.01424159
    endloop
  endfacet
  facet normal 0.52908897 -0.78952787 -0.31098327
    outer loop
      vertex 0.02368808 -0.07169848 -0.02793589
      vertex 0.03438976 -0.06452693 -0.02793589
      vertex 0.03650797 -0.06850143 -0.01424159
    endloop
  endfacet
  facet normal 0.52908897 -0.78952787 -0.31098327
    outer loop
      vertex 0.02368808 -0.07169848 -0.02793589
      vertex 0.03650797 -0.06850143 -0.01424159
      vertex 0.02514713 -0.07611471 -0.01424159
    endloop
  endfacet
  facet normal 0.68433041 -0.66510184 -0.29888365
    outer loop
      vertex 0.03438976 -0.06452693 -0.02793589
      vertex 0.04376986 -0.05487564 -0.02793589
      vertex 0.04646583 -0.05825567 -0.01424159
    endloop
  endfacet
  facet normal 0.68433041 -0.66510184 -0.29888365
    outer loop
      vertex 0.03438976 -0.06452693 -0.02793589
      vertex 0.04646583 -0.05825567 -0.01424159
      vertex 0.03650797 -0.06850143 -0.01424159
    endloop
  endfacet
  facet normal 0.80142153 -0.52460174 -0.28725694
    outer loop
      vertex 0.04376986 -0.05487564 -0.02793589
      vertex 0.05146791 -0.04311552 -0.02793589
      vertex 0.05463804 -0.04577119 -0.01424159
    endloop
  endfacet
  facet normal 0.80142153 -0.52460174 -0.28725694
    outer loop
      vertex 0.04376986 -0.05487564 -0.02793589
      vertex 0.05463804 -0.04577119 -0.01424159
      vertex 0.04646583 -0.05825567 -0.01424159
    endloop
  endfacet
  facet normal 0.88372278 -0.37676307 -0.27763942
    outer loop
      vertex 0.05146791 -0.04311552 -0.02793589
      vertex 0.05718808 -0.02969848 -0.02793589
      vertex 0.06071054 -0.03152774 -0.01424159
    endloop
  endfacet
  facet normal 0.88372278 -0.37676307 -0.27763942
    outer loop
      vertex 0.05146791 -0.04311552 -0.02793589
      vertex 0.06071054 -0.03152774 -0.01424159
      vertex 0.05463804 -0.04577119 -0.01424159
    endloop
  endfacet
  facet normal 0.93561121 -0.22637590 -0.27089778
    outer loop
      vertex 0.05718808 -0.02969848 -0.02793589
      vertex 0.06071054 -0.01514016 -0.02793589
      vertex 0.06444996 -0.01607270 -0.01424159
    endloop
  endfacet
  facet normal 0.93561121 -0.22637590 -0.27089778
    outer loop
      vertex 0.05718808 -0.02969848 -0.02793589
      vertex 0.06444996 -0.01607270 -0.01424159
      vertex 0.06071054 -0.03152774 -0.01424159
    endloop
  endfacet
  facet normal 0.96061264 -0.07546440 -0.26744808
    outer loop
      vertex 0.06071054 -0.01514016 -0.02793589
      vertex 0.06189993 0.00000000 -0.02793589
      vertex 0.06571261 0.00000000 -0.01424159
    endloop
  endfacet
  facet normal 0.96061264 -0.07546440 -0.26744808
    outer loop
      vertex 0.06071054 -0.01514016 -0.02793589
      vertex 0.06571261 0.00000000 -0.01424159
      vertex 0.06444996 -0.01607270 -0.01424159
    endloop
  endfacet
  facet normal 0.99290477 0.07800123 -0.08975484
    outer loop
      vertex 0.06571261 0.00000000 -0.01424159
      vertex 0.06444996 0.01607270 -0.01424159
      vertex 0.06571261 0.01638759 0.00000000
    endloop
  endfacet
  facet normal 0.99290477 0.07800123 -0.08975484
    outer loop
      vertex 0.06571261 0.00000000 -0.01424159
      vertex 0.06571261 0.01638759 0.00000000
      vertex 0.06700000 0.00000000 0.00000000
    endloop
  endfacet
  facet normal 0.96792227 0.23419372 -0.09099334
    outer loop
      vertex 0.06444996 0.01607270 -0.01424159
      vertex 0.06071054 0.03152774 -0.01424159
      vertex 0.06189993 0.03214541 0.00000000
    endloop
  endfacet
  facet normal 0.96792227 0.23419372 -0.09099334
    outer loop
      vertex 0.06444996 0.01607270 -0.01424159
      vertex 0.06189993 0.03214541 0.00000000
      vertex 0.06571261 0.01638759 0.00000000
    endloop
  endfacet
  facet normal 0.91586469 0.39046633 -0.09342336
    outer loop
      vertex 0.06071054 0.03152774 -0.01424159
      vertex 0.05463804 0.04577119 -0.01424159
      vertex 0.05570846 0.04666790 0.00000000
    endloop
  endfacet
  facet normal 0.91586469 0.39046633 -0.09342336
    outer loop
      vertex 0.06071054 0.03152774 -0.01424159
      vertex 0.05570846 0.04666790 0.00000000
      vertex 0.06189993 0.03214541 0.00000000
    endloop
  endfacet
  facet normal 0.83274642 0.54510668 -0.09691285
    outer loop
      vertex 0.05463804 0.04577119 -0.01424159
      vertex 0.04646583 0.05825567 -0.01424159
      vertex 0.04737615 0.05939697 0.00000000
    endloop
  endfacet
  facet normal 0.83274642 0.54510668 -0.09691285
    outer loop
      vertex 0.05463804 0.04577119 -0.01424159
      vertex 0.04737615 0.05939697 0.00000000
      vertex 0.05570846 0.04666790 0.00000000
    endloop
  endfacet
  facet normal 0.71343051 0.69338427 -0.10116891
    outer loop
      vertex 0.04646583 0.05825567 -0.01424159
      vertex 0.03650797 0.06850143 -0.01424159
      vertex 0.03722321 0.06984345 0.00000000
    endloop
  endfacet
  facet normal 0.71343051 0.69338427 -0.10116891
    outer loop
      vertex 0.04646583 0.05825567 -0.01424159
      vertex 0.03722321 0.06984345 0.00000000
      vertex 0.04737615 0.05939697 0.00000000
    endloop
  endfacet
  facet normal 0.55357710 0.82607004 -0.10564416
    outer loop
      vertex 0.03650797 0.06850143 -0.01424159
      vertex 0.02514713 0.07611471 -0.01424159
      vertex 0.02563979 0.07760588 0.00000000
    endloop
  endfacet
  facet normal 0.55357710 0.82607004 -0.10564416
    outer loop
      vertex 0.03650797 0.06850143 -0.01424159
      vertex 0.02563979 0.07760588 0.00000000
      vertex 0.03722321 0.06984345 0.00000000
    endloop
  endfacet
  facet normal 0.35333762 0.92906510 -0.10950142
    outer loop
      vertex 0.02514713 0.07611471 -0.01424159
      vertex 0.01281989 0.08080294 -0.01424159
      vertex 0.01307105 0.08238596 0.00000000
    endloop
  endfacet
  facet normal 0.35333762 0.92906510 -0.10950142
    outer loop
      vertex 0.02514713 0.07611471 -0.01424159
      vertex 0.01307105 0.08238596 0.00000000
      vertex 0.02563979 0.07760588 0.00000000
    endloop
  endfacet
  facet normal 0.12178304 0.98624317 -0.11177348
    outer loop
      vertex 0.01281989 0.08080294 -0.01424159
      vertex 0.00000000 0.08238596 -0.01424159
      vertex 0.00000000 0.08400000 0.00000000
    endloop
  endfacet
  facet normal 0.12178304 0.98624317 -0.11177348
    outer loop
      vertex 0.01281989 0.08080294 -0.01424159
      vertex 0.00000000 0.08400000 0.00000000
      vertex 0.01307105 0.08238596 0.00000000
    endloop
  endfacet
  facet normal -0.12178304 0.98624317 -0.11177348
    outer loop
      vertex 0.00000000 0.08238596 -0.01424159
      vertex -0.01281989 0.08080294 -0.01424159
      vertex -0.01307105 0.08238596 0.00000000
    endloop
  endfacet
  facet normal -0.12178304 0.98624317 -0.11177348
    outer loop
      vertex 0.00000000 0.08238596 -0.01424159
      vertex -0.01307105 0.08238596 0.00000000
      vertex 0.00000000 0.08400000 0.00000000
    endloop
  endfacet
  facet normal -0.35333762 0.92906510 -0.10950142
    outer loop
      vertex -0.01281989 0.08080294 -0.01424159
      vertex -0.02514713 0.07611471 -0.01424159
      vertex -0.02563979 0.07760588 0.00000000
    endloop
  endfacet
  facet normal -0.35333762 0.92906510 -0.10950142
    outer loop
      vertex -0.01281989 0.08080294 -0.01424159
      vertex -0.02563979 0.07760588 0.00000000
      vertex -0.01307105 0.08238596 0.00000000
    endloop
  endfacet
  facet normal -0.55357710 0.82607004 -0.10564416
    outer loop
      vertex -0.02514713 0.07611471 -0.01424159
      vertex -0.03650797 0.06850143 -0.01424159
      vertex -0.03722321 0.06984345 0.00000000
    endloop
  endfacet
  facet normal -0.55357710 0.82607004 -0.10564416
    outer loop
      vertex -0.02514713 0.07611471 -0.01424159
      vertex -0.03722321 0.06984345 0.00000000
      vertex -0.02563979 0.07760588 0.00000000
    endloop
  endfacet
  facet normal -0.71343051 0.69338427 -0.10116891
    outer loop
      vertex -0.03650797 0.06850143 -0.01424159
      vertex -0.04646583 0.05825567 -0.01424159
      vertex -0.04737615 0.05939697 0.00000000
    endloop
  endfacet
  facet normal -0.71343051 0.69338427 -0.10116891
    outer loop
      vertex -0.03650797 0.06850143 -0.01424159
      vertex -0.04737615 0.05939697 0.00000000
      vertex -0.03722321 0.06984345 0.00000000
    endloop
  endfacet
  facet normal -0.83274642 0.54510668 -0.09691285
    outer loop
      vertex -0.04646583 0.05825567 -0.01424159
      vertex -0.05463804 0.04577119 -0.01424159
      vertex -0.05570846 0.04666790 0.00000000
    endloop
  endfacet
  facet normal -0.83274642 0.54510668 -0.09691285
    outer loop
      vertex -0.04646583 0.05825567 -0.01424159
      vertex -0.05570846 0.04666790 0.00000000
      vertex -0.04737615 0.05939697 0.00000000
    endloop
  endfacet
  facet normal -0.91586469 0.39046633 -0.09342336
    outer loop
      vertex -0.05463804 0.04577119 -0.01424159
      vertex -0.06071054 0.03152774 -0.01424159
      vertex -0.06189993 0.03214541 0.00000000
    endloop
  endfacet
  facet normal -0.91586469 0.39046633 -0.09342336
    outer loop
      vertex -0.05463804 0.04577119 -0.01424159
      vertex -0.06189993 0.03214541 0.00000000
      vertex -0.05570846 0.04666790 0.00000000
    endloop
  endfacet
  facet normal -0.96792227 0.23419372 -0.09099334
    outer loop
      vertex -0.06071054 0.03152774 -0.01424159
      vertex -0.06444996 0.01607270 -0.01424159
      vertex -0.06571261 0.01638759 0.00000000
    endloop
  endfacet
  facet normal -0.96792227 0.23419372 -0.09099334
    outer loop
      vertex -0.06071054 0.03152774 -0.01424159
      vertex -0.06571261 0.01638759 0.00000000
      vertex -0.06189993 0.03214541 0.00000000
    endloop
  endfacet
  facet normal -0.99290477 0.07800123 -0.08975484
    outer loop
      vertex -0.06444996 0.01607270 -0.01424159
      vertex -0.06571261 0.00000000 -0.01424159
      vertex -0.06700000 0.00000000 0.00000000
    endloop
  endfacet
  facet normal -0.99290477 0.07800123 -0.08975484
    outer loop
      vertex -0.06444996 0.01607270 -0.01424159
      vertex -0.06700000 0.00000000 0.00000000
      vertex -0.06571261 0.01638759 0.00000000
    endloop
  endfacet
  facet normal -0.99290477 -0.07800123 -0.08975484
    outer loop
      vertex -0.06571261 0.00000000 -0.01424159
      vertex -0.06444996 -0.01607270 -0.01424159
      vertex -0.06571261 -0.01638759 0.00000000
    endloop
  endfacet
  facet normal -0.99290477 -0.07800123 -0.08975484
    outer loop
      vertex -0.06571261 0.00000000 -0.01424159
      vertex -0.06571261 -0.01638759 0.00000000
      vertex -0.06700000 0.00000000 0.00000000
    endloop
  endfacet
  facet normal -0.96792227 -0.23419372 -0.09099334
    outer loop
      vertex -0.06444996 -0.01607270 -0.01424159
      vertex -0.06071054 -0.03152774 -0.01424159
      vertex -0.06189993 -0.03214541 0.00000000
    endloop
  endfacet
  facet normal -0.96792227 -0.23419372 -0.09099334
    outer loop
      vertex -0.06444996 -0.01607270 -0.01424159
      vertex -0.06189993 -0.03214541 0.00000000
      vertex -0.06571261 -0.01638759 0.00000000
    endloop
  endfacet
  facet normal -0.91586469 -0.39046633 -0.09342336
    outer loop
      vertex -0.06071054 -0.03152774 -0.01424159
      vertex -0.05463804 -0.04577119 -0.01424159
      vertex -0.05570846 -0.04666790 0.00000000
    endloop
  endfacet
  facet normal -0.91586469 -0.39046633 -0.09342336
    outer loop
      vertex -0.06071054 -0.03152774 -0.01424159
      vertex -0.05570846 -0.04666790 0.00000000
      vertex -0.06189993 -0.03214541 0.00000000
    endloop
  endfacet
  facet normal -0.83274642 -0.54510668 -0.09691285
    outer loop
      vertex -0.05463804 -0.04577119 -0.01424159
      vertex -0.04646583 -0.05825567 -0.01424159
      vertex -0.04737615 -0.05939697 0.00000000
    endloop
  endfacet
  facet normal -0.83274642 -0.54510668 -0.09691285
    outer loop
      vertex -0.05463804 -0.04577119 -0.01424159
      vertex -0.04737615 -0.05939697 0.00000000
      vertex -0.05570846 -0.04666790 0.00000000
    endloop
  endfacet
  facet normal -0.71343051 -0.69338427 -0.10116891
    outer loop
      vertex -0.04646583 -0.05825567 -0.01424159
      vertex -0.03650797 -0.06850143 -0.01424159
      vertex -0.03722321 -0.06984345 0.00000000
    endloop
  endfacet
  facet normal -0.71343051 -0.69338427 -0.10116891
    outer loop
      vertex -0.04646583 -0.05825567 -0.01424159
      vertex -0.03722321 -0.06984345 0.00000000
      vertex -0.04737615 -0.05939697 0.00000000
    endloop
  endfacet
  facet normal -0.55357710 -0.82607004 -0.10564416
    outer loop
      vertex -0.03650797 -0.06850143 -0.01424159
      vertex -0.02514713 -0.07611471 -0.01424159
      vertex -0.02563979 -0.07760588 0.00000000
    endloop
  endfacet
  facet normal -0.55357710 -0.82607004 -0.10564416
    outer loop
      vertex -0.03650797 -0.06850143 -0.01424159
      vertex -0.02563979 -0.07760588 0.00000000
      vertex -0.03722321 -0.06984345 0.00000000
    endloop
  endfacet
  facet normal -0.35333762 -0.92906510 -0.10950142
    outer loop
      vertex -0.02514713 -0.07611471 -0.01424159
      vertex -0.01281989 -0.08080294 -0.01424159
      vertex -0.01307105 -0.08238596 0.00000000
    endloop
  endfacet
  facet normal -0.35333762 -0.92906510 -0.10950142
    outer loop
      vertex -0.02514713 -0.07611471 -0.01424159
      vertex -0.01307105 -0.08238596 0.00000000
      vertex -0.02563979 -0.07760588 0.00000000
    endloop
  endfacet
  facet normal -0.12178304 -0.98624317 -0.11177348
    outer loop
      vertex -0.01281989 -0.08080294 -0.01424159
      vertex -0.00000000 -0.08238596 -0.01424159
      vertex -0.00000000 -0.08400000 0.00000000
    endloop
  endfacet
  facet normal -0.12178304 -0.98624317 -0.11177348
    outer loop
      vertex -0.01281989 -0.08080294 -0.01424159
      vertex -0.00000000 -0.08400000 0.00000000
      vertex -0.01307105 -0.08238596 0.00000000
    endloop
  endfacet
  facet normal 0.12178304 -0.98624317 -0.11177348
    outer loop
      vertex -0.00000000 -0.08238596 -0.01424159
      vertex 0.01281989 -0.08080294 -0.01424159
      vertex 0.01307105 -0.08238596 0.00000000
    endloop
  endfacet
  facet normal 0.12178304 -0.98624317 -0.11177348
    outer loop
      vertex -0.00000000 -0.08238596 -0.01424159
      vertex 0.01307105 -0.08238596 0.00000000
      vertex -0.00000000 -0.08400000 0.00000000
    endloop
  endfacet
  facet normal 0.35333762 -0.92906510 -0.10950142
    outer loop
      vertex 0.01281989 -0.08080294 -0.01424159
      vertex 0.02514713 -0.07611471 -0.01424159
      vertex 0.02563979 -0.07760588 0.00000000
    endloop
  endfacet
  facet normal 0.35333762 -0.92906510 -0.10950142
    outer loop
      vertex 0.01281989 -0.08080294 -0.01424159
      vertex 0.02563979 -0.07760588 0.00000000
      vertex 0.01307105 -0.08238596 0.00000000
    endloop
  endfacet
  facet normal 0.55357710 -0.82607004 -0.10564416
    outer loop
      vertex 0.02514713 -0.07611471 -0.01424159
      vertex 0.03650797 -0.06850143 -0.01424159
      vertex 0.03722321 -0.06984345 0.00000000
    endloop
  endfacet
  facet normal 0.55357710 -0.82607004 -0.10564416
    outer loop
      vertex 0.02514713 -0.07611471 -0.01424159
      vertex 0.03722321 -0.06984345 0.00000000
      vertex 0.02563979 -0.07760588 0.00000000
    endloop
  endfacet
  facet normal 0.71343051 -0.69338427 -0.10116891
    outer loop
      vertex 0.03650797 -0.06850143 -0.01424159
      vertex 0.04646583 -0.05825567 -0.01424159
      vertex 0.04737615 -0.05939697 0.00000000
    endloop
  endfacet
  facet normal 0.71343051 -0.69338427 -0.10116891
    outer loop
      vertex 0.03650797 -0.06850143 -0.01424159
      vertex 0.04737615 -0.05939697 0.00000000
      vertex 0.03722321 -0.06984345 0.00000000
    endloop
  endfacet
  facet normal 0.83274642 -0.54510668 -0.09691285
    outer loop
      vertex 0.04646583 -0.05825567 -0.01424159
      vertex 0.05463804 -0.04577119 -0.01424159
      vertex 0.05570846 -0.04666790 0.00000000
    endloop
  endfacet
  facet normal 0.83274642 -0.54510668 -0.09691285
    outer loop
      vertex 0.04646583 -0.05825567 -0.01424159
      vertex 0.05570846 -0.04666790 0.00000000
      vertex 0.04737615 -0.05939697 0.00000000
    endloop
  endfacet
  facet normal 0.91586469 -0.39046633 -0.09342336
    outer loop
      vertex 0.05463804 -0.04577119 -0.01424159
      vertex 0.06071054 -0.03152774 -0.01424159
      vertex 0.06189993 -0.03214541 0.00000000
    endloop
  endfacet
  facet normal 0.91586469 -0.39046633 -0.09342336
    outer loop
      vertex 0.05463804 -0.04577119 -0.01424159
      vertex 0.06189993 -0.03214541 0.00000000
      vertex 0.05570846 -0.04666790 0.00000000
    endloop
  endfacet
  facet normal 0.96792227 -0.23419372 -0.09099334
    outer loop
      vertex 0.06071054 -0.03152774 -0.01424159
      vertex 0.06444996 -0.01607270 -0.01424159
      vertex 0.06571261 -0.01638759 0.00000000
    endloop
  endfacet
  facet normal 0.96792227 -0.23419372 -0.09099334
    outer loop
      vertex 0.06071054 -0.03152774 -0.01424159
      vertex 0.06571261 -0.01638759 0.00000000
      vertex 0.06189993 -0.03214541 0.00000000
    endloop
  endfacet
  facet normal 0.99290477 -0.07800123 -0.08975484
    outer loop
      vertex 0.06444996 -0.01607270 -0.01424159
      vertex 0.06571261 0.00000000 -0.01424159
      vertex 0.06700000 0.00000000 0.00000000
    endloop
  endfacet
  facet normal 0.99290477 -0.07800123 -0.08975484
    outer loop
      vertex 0.06444996 -0.01607270 -0.01424159
      vertex 0.06700000 0.00000000 0.00000000
      vertex 0.06571261 -0.01638759 0.00000000
    endloop
  endfacet
  facet normal 0.99290477 0.07800123 0.08975484
    outer loop
      vertex 0.06700000 0.00000000 0.00000000
      vertex 0.06571261 0.01638759 0.00000000
      vertex 0.06444996 0.01607270 0.01424159
    endloop
  endfacet
  facet normal 0.99290477 0.07800123 0.08975484
    outer loop
      vertex 0.06700000 0.00000000 0.00000000
      vertex 0.06444996 0.01607270 0.01424159
      vertex 0.06571261 0.00000000 0.01424159
    endloop
  endfacet
  facet normal 0.96792227 0.23419372 0.09099334
    outer loop
      vertex 0.06571261 0.01638759 0.00000000
      vertex 0.06189993 0.03214541 0.00000000
      vertex 0.06071054 0.03152774 0.01424159
    endloop
  endfacet
  facet normal 0.96792227 0.23419372 0.09099334
    outer loop
      vertex 0.06571261 0.01638759 0.00000000
      vertex 0.06071054 0.03152774 0.01424159
      vertex 0.06444996 0.01607270 0.01424159
    endloop
  endfacet
  facet normal 0.91586469 0.39046633 0.09342336
    outer loop
      vertex 0.06189993 0.03214541 0.00000000
      vertex 0.05570846 0.04666790 0.00000000
      vertex 0.05463804 0.04577119 0.01424159
    endloop
  endfacet
  facet normal 0.91586469 0.39046633 0.09342336
    outer loop
      vertex 0.06189993 0.03214541 0.00000000
      vertex 0.05463804 0.04577119 0.01424159
      vertex 0.06071054 0.03152774 0.01424159
    endloop
  endfacet
  facet normal 0.83274642 0.54510668 0.09691285
    outer loop
      vertex 0.05570846 0.04666790 0.00000000
      vertex 0.04737615 0.05939697 0.00000000
      vertex 0.04646583 0.05825567 0.01424159
    endloop
  endfacet
  facet normal 0.83274642 0.54510668 0.09691285
    outer loop
      vertex 0.05570846 0.04666790 0.00000000
      vertex 0.04646583 0.05825567 0.01424159
      vertex 0.05463804 0.04577119 0.01424159
    endloop
  endfacet
  facet normal 0.71343051 0.69338427 0.10116891
    outer loop
      vertex 0.04737615 0.05939697 0.00000000
      vertex 0.03722321 0.06984345 0.00000000
      vertex 0.03650797 0.06850143 0.01424159
    endloop
  endfacet
  facet normal 0.71343051 0.69338427 0.10116891
    outer loop
      vertex 0.04737615 0.05939697 0.00000000
      vertex 0.03650797 0.06850143 0.01424159
      vertex 0.04646583 0.05825567 0.01424159
    endloop
  endfacet
  facet normal 0.55357710 0.82607004 0.10564416
    outer loop
      vertex 0.03722321 0.06984345 0.00000000
      vertex 0.02563979 0.07760588 0.00000000
      vertex 0.02514713 0.07611471 0.01424159
    endloop
  endfacet
  facet normal 0.55357710 0.82607004 0.10564416
    outer loop
      vertex 0.03722321 0.06984345 0.00000000
      vertex 0.02514713 0.07611471 0.01424159
      vertex 0.03650797 0.06850143 0.01424159
    endloop
  endfacet
  facet normal 0.35333762 0.92906510 0.10950142
    outer loop
      vertex 0.02563979 0.07760588 0.00000000
      vertex 0.01307105 0.08238596 0.00000000
      vertex 0.01281989 0.08080294 0.01424159
    endloop
  endfacet
  facet normal 0.35333762 0.92906510 0.10950142
    outer loop
      vertex 0.02563979 0.07760588 0.00000000
      vertex 0.01281989 0.08080294 0.01424159
      vertex 0.02514713 0.07611471 0.01424159
    endloop
  endfacet
  facet normal 0.12178304 0.98624317 0.11177348
    outer loop
      vertex 0.01307105 0.08238596 0.00000000
      vertex 0.00000000 0.08400000 0.00000000
      vertex 0.00000000 0.08238596 0.01424159
    endloop
  endfacet
  facet normal 0.12178304 0.98624317 0.11177348
    outer loop
      vertex 0.01307105 0.08238596 0.00000000
      vertex 0.00000000 0.08238596 0.01424159
      vertex 0.01281989 0.08080294 0.01424159
    endloop
  endfacet
  facet normal -0.12178304 0.98624317 0.11177348
    outer loop
      vertex 0.00000000 0.08400000 0.00000000
      vertex -0.01307105 0.08238596 0.00000000
      vertex -0.01281989 0.08080294 0.01424159
    endloop
  endfacet
  facet normal -0.12178304 0.98624317 0.11177348
    outer loop
      vertex 0.00000000 0.08400000 0.00000000
      vertex -0.01281989 0.08080294 0.01424159
      vertex 0.00000000 0.08238596 0.01424159
    endloop
  endfacet
  facet normal -0.35333762 0.92906510 0.10950142
    outer loop
      vertex -0.01307105 0.08238596 0.00000000
      vertex -0.02563979 0.07760588 0.00000000
      vertex -0.02514713 0.07611471 0.01424159
    endloop
  endfacet
  facet normal -0.35333762 0.92906510 0.10950142
    outer loop
      vertex -0.01307105 0.08238596 0.00000000
      vertex -0.02514713 0.07611471 0.01424159
      vertex -0.01281989 0.08080294 0.01424159
    endloop
  endfacet
  facet normal -0.55357710 0.82607004 0.10564416
    outer loop
      vertex -0.02563979 0.07760588 0.00000000
      vertex -0.03722321 0.06984345 0.00000000
      vertex -0.03650797 0.06850143 0.01424159
    endloop
  endfacet
  facet normal -0.55357710 0.82607004 0.10564416
    outer loop
      vertex -0.02563979 0.07760588 0.00000000
      vertex -0.03650797 0.06850143 0.01424159
      vertex -0.02514713 0.07611471 0.01424159
    endloop
  endfacet
  facet normal -0.71343051 0.69338427 0.10116891
    outer loop
      vertex -0.03722321 0.06984345 0.00000000
      vertex -0.04737615 0.05939697 0.00000000
      vertex -0.04646583 0.05825567 0.01424159
    endloop
  endfacet
  facet normal -0.71343051 0.69338427 0.10116891
    outer loop
      vertex -0.03722321 0.06984345 0.00000000
      vertex -0.04646583 0.05825567 0.01424159
      vertex -0.03650797 0.06850143 0.01424159
    endloop
  endfacet
  facet normal -0.83274642 0.54510668 0.09691285
    outer loop
      vertex -0.04737615 0.05939697 0.00000000
      vertex -0.05570846 0.04666790 0.00000000
      vertex -0.05463804 0.04577119 0.01424159
    endloop
  endfacet
  facet normal -0.83274642 0.54510668 0.09691285
    outer loop
      vertex -0.04737615 0.05939697 0.00000000
      vertex -0.05463804 0.04577119 0.01424159
      vertex -0.04646583 0.05825567 0.01424159
    endloop
  endfacet
  facet normal -0.91586469 0.39046633 0.09342336
    outer loop
      vertex -0.05570846 0.04666790 0.00000000
      vertex -0.06189993 0.03214541 0.00000000
      vertex -0.06071054 0.03152774 0.01424159
    endloop
  endfacet
  facet normal -0.91586469 0.39046633 0.09342336
    outer loop
      vertex -0.05570846 0.04666790 0.00000000
      vertex -0.06071054 0.03152774 0.01424159
      vertex -0.05463804 0.04577119 0.01424159
    endloop
  endfacet
  facet normal -0.96792227 0.23419372 0.09099334
    outer loop
      vertex -0.06189993 0.03214541 0.00000000
      vertex -0.06571261 0.01638759 0.00000000
      vertex -0.06444996 0.01607270 0.01424159
    endloop
  endfacet
  facet normal -0.96792227 0.23419372 0.09099334
    outer loop
      vertex -0.06189993 0.03214541 0.00000000
      vertex -0.06444996 0.01607270 0.01424159
      vertex -0.06071054 0.03152774 0.01424159
    endloop
  endfacet
  facet normal -0.99290477 0.07800123 0.08975484
    outer loop
      vertex -0.06571261 0.01638759 0.00000000
      vertex -0.06700000 0.00000000 0.00000000
      vertex -0.06571261 0.00000000 0.01424159
    endloop
  endfacet
  facet normal -0.99290477 0.07800123 0.08975484
    outer loop
      vertex -0.06571261 0.01638759 0.00000000
      vertex -0.06571261 0.00000000 0.01424159
      vertex -0.06444996 0.01607270 0.01424159
    endloop
  endfacet
  facet normal -0.99290477 -0.07800123 0.08975484
    outer loop
      vertex -0.06700000 0.00000000 0.00000000
      vertex -0.06571261 -0.01638759 0.00000000
      vertex -0.06444996 -0.01607270 0.01424159
    endloop
  endfacet
  facet normal -0.99290477 -0.07800123 0.08975484
    outer loop
      vertex -0.06700000 0.00000000 0.00000000
      vertex -0.06444996 -0.01607270 0.01424159
      vertex -0.06571261 0.00000000 0.01424159
    endloop
  endfacet
  facet normal -0.96792227 -0.23419372 0.09099334
    outer loop
      vertex -0.06571261 -0.01638759 0.00000000
      vertex -0.06189993 -0.03214541 0.00000000
      vertex -0.06071054 -0.03152774 0.01424159
    endloop
  endfacet
  facet normal -0.96792227 -0.23419372 0.09099334
    outer loop
      vertex -0.06571261 -0.01638759 0.00000000
      vertex -0.06071054 -0.03152774 0.01424159
      vertex -0.06444996 -0.01607270 0.01424159
    endloop
  endfacet
  facet normal -0.91586469 -0.39046633 0.09342336
    outer loop
      vertex -0.06189993 -0.03214541 0.00000000
      vertex -0.05570846 -0.04666790 0.00000000
      vertex -0.05463804 -0.04577119 0.01424159
    endloop
  endfacet
  facet normal -0.91586469 -0.39046633 0.09342336
    outer loop
      vertex -0.06189993 -0.03214541 0.00000000
      vertex -0.05463804 -0.04577119 0.01424159
      vertex -0.06071054 -0.03152774 0.01424159
    endloop
  endfacet
  facet normal -0.83274642 -0.54510668 0.09691285
    outer loop
      vertex -0.05570846 -0.04666790 0.00000000
      vertex -0.04737615 -0.05939697 0.00000000
      vertex -0.04646583 -0.05825567 0.01424159
    endloop
  endfacet
  facet normal -0.83274642 -0.54510668 0.09691285
    outer loop
      vertex -0.05570846 -0.04666790 0.00000000
      vertex -0.04646583 -0.05825567 0.01424159
      vertex -0.05463804 -0.04577119 0.01424159
    endloop
  endfacet
  facet normal -0.71343051 -0.69338427 0.10116891
    outer loop
      vertex -0.04737615 -0.05939697 0.00000000
      vertex -0.03722321 -0.06984345 0.00000000
      vertex -0.03650797 -0.06850143 0.01424159
    endloop
  endfacet
  facet normal -0.71343051 -0.69338427 0.10116891
    outer loop
      vertex -0.04737615 -0.05939697 0.00000000
      vertex -0.03650797 -0.06850143 0.01424159
      vertex -0.04646583 -0.05825567 0.01424159
    endloop
  endfacet
  facet normal -0.55357710 -0.82607004 0.10564416
    outer loop
      vertex -0.03722321 -0.06984345 0.00000000
      vertex -0.02563979 -0.07760588 0.00000000
      vertex -0.02514713 -0.07611471 0.01424159
    endloop
  endfacet
  facet normal -0.55357710 -0.82607004 0.10564416
    outer loop
      vertex -0.03722321 -0.06984345 0.00000000
      vertex -0.02514713 -0.07611471 0.01424159
      vertex -0.03650797 -0.06850143 0.01424159
    endloop
  endfacet
  facet normal -0.35333762 -0.92906510 0.10950142
    outer loop
      vertex -0.02563979 -0.07760588 0.00000000
      vertex -0.01307105 -0.08238596 0.00000000
      vertex -0.01281989 -0.08080294 0.01424159
    endloop
  endfacet
  facet normal -0.35333762 -0.92906510 0.10950142
    outer loop
      vertex -0.02563979 -0.07760588 0.00000000
      vertex -0.01281989 -0.08080294 0.01424159
      vertex -0.02514713 -0.07611471 0.01424159
    endloop
  endfacet
  facet normal -0.12178304 -0.98624317 0.11177348
    outer loop
      vertex -0.01307105 -0.08238596 0.00000000
      vertex -0.00000000 -0.08400000 0.00000000
      vertex -0.00000000 -0.08238596 0.01424159
    endloop
  endfacet
  facet normal -0.12178304 -0.98624317 0.11177348
    outer loop
      vertex -0.01307105 -0.08238596 0.00000000
      vertex -0.00000000 -0.08238596 0.01424159
      vertex -0.01281989 -0.08080294 0.01424159
    endloop
  endfacet
  facet normal 0.12178304 -0.98624317 0.11177348
    outer loop
      vertex -0.00000000 -0.08400000 0.00000000
      vertex 0.01307105 -0.08238596 0.00000000
      vertex 0.01281989 -0.08080294 0.01424159
    endloop
  endfacet
  facet normal 0.12178304 -0.98624317 0.11177348
    outer loop
      vertex -0.00000000 -0.08400000 0.00000000
      vertex 0.01281989 -0.08080294 0.01424159
      vertex -0.00000000 -0.08238596 0.01424159
    endloop
  endfacet
  facet normal 0.35333762 -0.92906510 0.10950142
    outer loop
      vertex 0.01307105 -0.08238596 0.00000000
      vertex 0.02563979 -0.07760588 0.00000000
      vertex 0.02514713 -0.07611471 0.01424159
    endloop
  endfacet
  facet normal 0.35333762 -0.92906510 0.10950142
    outer loop
      vertex 0.01307105 -0.08238596 0.00000000
      vertex 0.02514713 -0.07611471 0.01424159
      vertex 0.01281989 -0.08080294 0.01424159
    endloop
  endfacet
  facet normal 0.55357710 -0.82607004 0.10564416
    outer loop
      vertex 0.02563979 -0.07760588 0.00000000
      vertex 0.03722321 -0.06984345 0.00000000
      vertex 0.03650797 -0.06850143 0.01424159
    endloop
  endfacet
  facet normal 0.55357710 -0.82607004 0.10564416
    outer loop
      vertex 0.02563979 -0.07760588 0.00000000
      vertex 0.03650797 -0.06850143 0.01424159
      vertex 0.02514713 -0.07611471 0.01424159
    endloop
  endfacet
  facet normal 0.71343051 -0.69338427 0.10116891
    outer loop
      vertex 0.03722321 -0.06984345 0.00000000
      vertex 0.04737615 -0.05939697 0.00000000
      vertex 0.04646583 -0.05825567 0.01424159
    endloop
  endfacet
  facet normal 0.71343051 -0.69338427 0.10116891
    outer loop
      vertex 0.03722321 -0.06984345 0.00000000
      vertex 0.04646583 -0.05825567 0.01424159
      vertex 0.03650797 -0.06850143 0.01424159
    endloop
  endfacet
  facet normal 0.83274642 -0.54510668 0.09691285
    outer loop
      vertex 0.04737615 -0.05939697 0.00000000
      vertex 0.05570846 -0.04666790 0.00000000
      vertex 0.05463804 -0.04577119 0.01424159
    endloop
  endfacet
  facet normal 0.83274642 -0.54510668 0.09691285
    outer loop
      vertex 0.04737615 -0.05939697 0.00000000
      vertex 0.05463804 -0.04577119 0.01424159
      vertex 0.04646583 -0.05825567 0.01424159
    endloop
  endfacet
  facet normal 0.91586469 -0.39046633 0.09342336
    outer loop
      vertex 0.05570846 -0.04666790 0.00000000
      vertex 0.06189993 -0.03214541 0.00000000
      vertex 0.06071054 -0.03152774 0.01424159
    endloop
  endfacet
  facet normal 0.91586469 -0.39046633 0.09342336
    outer loop
      vertex 0.05570846 -0.04666790 0.00000000
      vertex 0.06071054 -0.03152774 0.01424159
      vertex 0.05463804 -0.04577119 0.01424159
    endloop
  endfacet
  facet normal 0.96792227 -0.23419372 0.09099334
    outer loop
      vertex 0.06189993 -0.03214541 0.00000000
      vertex 0.06571261 -0.01638759 0.00000000
      vertex 0.06444996 -0.01607270 0.01424159
    endloop
  endfacet
  facet normal 0.96792227 -0.23419372 0.09099334
    outer loop
      vertex 0.06189993 -0.03214541 0.00000000
      vertex 0.06444996 -0.01607270 0.01424159
      vertex 0.06071054 -0.03152774 0.01424159
    endloop
  endfacet
  facet normal 0.99290477 -0.07800123 0.08975484
    outer loop
      vertex 0.06571261 -0.01638759 0.00000000
      vertex 0.06700000 0.00000000 0.00000000
      vertex 0.06571261 0.00000000 0.01424159
    endloop
  endfacet
  facet normal 0.99290477 -0.07800123 0.08975484
    outer loop
      vertex 0.06571261 -0.01638759 0.00000000
      vertex 0.06571261 0.00000000 0.01424159
      vertex 0.06444996 -0.01607270 0.01424159
    endloop
  endfacet
  facet normal 0.96061264 0.07546440 0.26744808
    outer loop
      vertex 0.06571261 0.00000000 0.01424159
      vertex 0.06444996 0.01607270 0.01424159
      vertex 0.06071054 0.01514016 0.02793589
    endloop
  endfacet
  facet normal 0.96061264 0.07546440 0.26744808
    outer loop
      vertex 0.06571261 0.00000000 0.01424159
      vertex 0.06071054 0.01514016 0.02793589
      vertex 0.06189993 0.00000000 0.02793589
    endloop
  endfacet
  facet normal 0.93561121 0.22637590 0.27089778
    outer loop
      vertex 0.06444996 0.01607270 0.01424159
      vertex 0.06071054 0.03152774 0.01424159
      vertex 0.05718808 0.02969848 0.02793589
    endloop
  endfacet
  facet normal 0.93561121 0.22637590 0.27089778
    outer loop
      vertex 0.06444996 0.01607270 0.01424159
      vertex 0.05718808 0.02969848 0.02793589
      vertex 0.06071054 0.01514016 0.02793589
    endloop
  endfacet
  facet normal 0.88372278 0.37676307 0.27763942
    outer loop
      vertex 0.06071054 0.03152774 0.01424159
      vertex 0.05463804 0.04577119 0.01424159
      vertex 0.05146791 0.04311552 0.02793589
    endloop
  endfacet
  facet normal 0.88372278 0.37676307 0.27763942
    outer loop
      vertex 0.06071054 0.03152774 0.01424159
      vertex 0.05146791 0.04311552 0.02793589
      vertex 0.05718808 0.02969848 0.02793589
    endloop
  endfacet
  facet normal 0.80142153 0.52460174 0.28725694
    outer loop
      vertex 0.05463804 0.04577119 0.01424159
      vertex 0.04646583 0.05825567 0.01424159
      vertex 0.04376986 0.05487564 0.02793589
    endloop
  endfacet
  facet normal 0.80142153 0.52460174 0.28725694
    outer loop
      vertex 0.05463804 0.04577119 0.01424159
      vertex 0.04376986 0.05487564 0.02793589
      vertex 0.05146791 0.04311552 0.02793589
    endloop
  endfacet
  facet normal 0.68433041 0.66510184 0.29888365
    outer loop
      vertex 0.04646583 0.05825567 0.01424159
      vertex 0.03650797 0.06850143 0.01424159
      vertex 0.03438976 0.06452693 0.02793589
    endloop
  endfacet
  facet normal 0.68433041 0.66510184 0.29888365
    outer loop
      vertex 0.04646583 0.05825567 0.01424159
      vertex 0.03438976 0.06452693 0.02793589
      vertex 0.04376986 0.05487564 0.02793589
    endloop
  endfacet
  facet normal 0.52908897 0.78952787 0.31098327
    outer loop
      vertex 0.03650797 0.06850143 0.01424159
      vertex 0.02514713 0.07611471 0.01424159
      vertex 0.02368808 0.07169848 0.02793589
    endloop
  endfacet
  facet normal 0.52908897 0.78952787 0.31098327
    outer loop
      vertex 0.03650797 0.06850143 0.01424159
      vertex 0.02368808 0.07169848 0.02793589
      vertex 0.03438976 0.06452693 0.02793589
    endloop
  endfacet
  facet normal 0.33662630 0.88512439 0.32130599
    outer loop
      vertex 0.02514713 0.07611471 0.01424159
      vertex 0.01281989 0.08080294 0.01424159
      vertex 0.01207608 0.07611471 0.02793589
    endloop
  endfacet
  facet normal 0.33662630 0.88512439 0.32130599
    outer loop
      vertex 0.02514713 0.07611471 0.01424159
      vertex 0.01207608 0.07611471 0.02793589
      vertex 0.02368808 0.07169848 0.02793589
    endloop
  endfacet
  facet normal 0.11579925 0.93778424 0.32733965
    outer loop
      vertex 0.01281989 0.08080294 0.01424159
      vertex 0.00000000 0.08238596 0.01424159
      vertex 0.00000000 0.07760588 0.02793589
    endloop
  endfacet
  facet normal 0.11579925 0.93778424 0.32733965
    outer loop
      vertex 0.01281989 0.08080294 0.01424159
      vertex 0.00000000 0.07760588 0.02793589
      vertex 0.01207608 0.07611471 0.02793589
    endloop
  endfacet
  facet normal -0.11579925 0.93778424 0.32733965
    outer loop
      vertex 0.00000000 0.08238596 0.01424159
      vertex -0.01281989 0.08080294 0.01424159
      vertex -0.01207608 0.07611471 0.02793589
    endloop
  endfacet
  facet normal -0.11579925 0.93778424 0.32733965
    outer loop
      vertex 0.00000000 0.08238596 0.01424159
      vertex -0.01207608 0.07611471 0.02793589
      vertex 0.00000000 0.07760588 0.02793589
    endloop
  endfacet
  facet normal -0.33662630 0.88512439 0.32130599
    outer loop
      vertex -0.01281989 0.08080294 0.01424159
      vertex -0.02514713 0.07611471 0.01424159
      vertex -0.02368808 0.07169848 0.02793589
    endloop
  endfacet
  facet normal -0.33662630 0.88512439 0.32130599
    outer loop
      vertex -0.01281989 0.08080294 0.01424159
      vertex -0.02368808 0.07169848 0.02793589
      vertex -0.01207608 0.07611471 0.02793589
    endloop
  endfacet
  facet normal -0.52908897 0.78952787 0.31098327
    outer loop
      vertex -0.02514713 0.07611471 0.01424159
      vertex -0.03650797 0.06850143 0.01424159
      vertex -0.03438976 0.06452693 0.02793589
    endloop
  endfacet
  facet normal -0.52908897 0.78952787 0.31098327
    outer loop
      vertex -0.02514713 0.07611471 0.01424159
      vertex -0.03438976 0.06452693 0.02793589
      vertex -0.02368808 0.07169848 0.02793589
    endloop
  endfacet
  facet normal -0.68433041 0.66510184 0.29888365
    outer loop
      vertex -0.03650797 0.06850143 0.01424159
      vertex -0.04646583 0.05825567 0.01424159
      vertex -0.04376986 0.05487564 0.02793589
    endloop
  endfacet
  facet normal -0.68433041 0.66510184 0.29888365
    outer loop
      vertex -0.03650797 0.06850143 0.01424159
      vertex -0.04376986 0.05487564 0.02793589
      vertex -0.03438976 0.06452693 0.02793589
    endloop
  endfacet
  facet normal -0.80142153 0.52460174 0.28725694
    outer loop
      vertex -0.04646583 0.05825567 0.01424159
      vertex -0.05463804 0.04577119 0.01424159
      vertex -0.05146791 0.04311552 0.02793589
    endloop
  endfacet
  facet normal -0.80142153 0.52460174 0.28725694
    outer loop
      vertex -0.04646583 0.05825567 0.01424159
      vertex -0.05146791 0.04311552 0.02793589
      vertex -0.04376986 0.05487564 0.02793589
    endloop
  endfacet
  facet normal -0.88372278 0.37676307 0.27763942
    outer loop
      vertex -0.05463804 0.04577119 0.01424159
      vertex -0.06071054 0.03152774 0.01424159
      vertex -0.05718808 0.02969848 0.02793589
    endloop
  endfacet
  facet normal -0.88372278 0.37676307 0.27763942
    outer loop
      vertex -0.05463804 0.04577119 0.01424159
      vertex -0.05718808 0.02969848 0.02793589
      vertex -0.05146791 0.04311552 0.02793589
    endloop
  endfacet
  facet normal -0.93561121 0.22637590 0.27089778
    outer loop
      vertex -0.06071054 0.03152774 0.01424159
      vertex -0.06444996 0.01607270 0.01424159
      vertex -0.06071054 0.01514016 0.02793589
    endloop
  endfacet
  facet normal -0.93561121 0.22637590 0.27089778
    outer loop
      vertex -0.06071054 0.03152774 0.01424159
      vertex -0.06071054 0.01514016 0.02793589
      vertex -0.05718808 0.02969848 0.02793589
    endloop
  endfacet
  facet normal -0.96061264 0.07546440 0.26744808
    outer loop
      vertex -0.06444996 0.01607270 0.01424159
      vertex -0.06571261 0.00000000 0.01424159
      vertex -0.06189993 0.00000000 0.02793589
    endloop
  endfacet
  facet normal -0.96061264 0.07546440 0.26744808
    outer loop
      vertex -0.06444996 0.01607270 0.01424159
      vertex -0.06189993 0.00000000 0.02793589
      vertex -0.06071054 0.01514016 0.02793589
    endloop
  endfacet
  facet normal -0.96061264 -0.07546440 0.26744808
    outer loop
      vertex -0.06571261 0.00000000 0.01424159
      vertex -0.06444996 -0.01607270 0.01424159
      vertex -0.06071054 -0.01514016 0.02793589
    endloop
  endfacet
  facet normal -0.96061264 -0.07546440 0.26744808
    outer loop
      vertex -0.06571261 0.00000000 0.01424159
      vertex -0.06071054 -0.01514016 0.02793589
      vertex -0.06189993 0.00000000 0.02793589
    endloop
  endfacet
  facet normal -0.93561121 -0.22637590 0.27089778
    outer loop
      vertex -0.06444996 -0.01607270 0.01424159
      vertex -0.06071054 -0.03152774 0.01424159
      vertex -0.05718808 -0.02969848 0.02793589
    endloop
  endfacet
  facet normal -0.93561121 -0.22637590 0.27089778
    outer loop
      vertex -0.06444996 -0.01607270 0.01424159
      vertex -0.05718808 -0.02969848 0.02793589
      vertex -0.06071054 -0.01514016 0.02793589
    endloop
  endfacet
  facet normal -0.88372278 -0.37676307 0.27763942
    outer loop
      vertex -0.06071054 -0.03152774 0.01424159
      vertex -0.05463804 -0.04577119 0.01424159
      vertex -0.05146791 -0.04311552 0.02793589
    endloop
  endfacet
  facet normal -0.88372278 -0.37676307 0.27763942
    outer loop
      vertex -0.06071054 -0.03152774 0.01424159
      vertex -0.05146791 -0.04311552 0.02793589
      vertex -0.05718808 -0.02969848 0.02793589
    endloop
  endfacet
  facet normal -0.80142153 -0.52460174 0.28725694
    outer loop
      vertex -0.05463804 -0.04577119 0.01424159
      vertex -0.04646583 -0.05825567 0.01424159
      vertex -0.04376986 -0.05487564 0.02793589
    endloop
  endfacet
  facet normal -0.80142153 -0.52460174 0.28725694
    outer loop
      vertex -0.05463804 -0.04577119 0.01424159
      vertex -0.04376986 -0.05487564 0.02793589
      vertex -0.05146791 -0.04311552 0.02793589
    endloop
  endfacet
  facet normal -0.68433041 -0.66510184 0.29888365
    outer loop
      vertex -0.04646583 -0.05825567 0.01424159
      vertex -0.03650797 -0.06850143 0.01424159
      vertex -0.03438976 -0.06452693 0.02793589
    endloop
  endfacet
  facet normal -0.68433041 -0.66510184 0.29888365
    outer loop
      vertex -0.04646583 -0.05825567 0.01424159
      vertex -0.03438976 -0.06452693 0.02793589
      vertex -0.04376986 -0.05487564 0.02793589
    endloop
  endfacet
  facet normal -0.52908897 -0.78952787 0.31098327
    outer loop
      vertex -0.03650797 -0.06850143 0.01424159
      vertex -0.02514713 -0.07611471 0.01424159
      vertex -0.02368808 -0.07169848 0.02793589
    endloop
  endfacet
  facet normal -0.52908897 -0.78952787 0.31098327
    outer loop
      vertex -0.03650797 -0.06850143 0.01424159
      vertex -0.02368808 -0.07169848 0.02793589
      vertex -0.03438976 -0.06452693 0.02793589
    endloop
  endfacet
  facet normal -0.33662630 -0.88512439 0.32130599
    outer loop
      vertex -0.02514713 -0.07611471 0.01424159
      vertex -0.01281989 -0.08080294 0.01424159
      vertex -0.01207608 -0.07611471 0.02793589
    endloop
  endfacet
  facet normal -0.33662630 -0.88512439 0.32130599
    outer loop
      vertex -0.02514713 -0.07611471 0.01424159
      vertex -0.01207608 -0.07611471 0.02793589
      vertex -0.02368808 -0.07169848 0.02793589
    endloop
  endfacet
  facet normal -0.11579925 -0.93778424 0.32733965
    outer loop
      vertex -0.01281989 -0.08080294 0.01424159
      vertex -0.00000000 -0.08238596 0.01424159
      vertex -0.00000000 -0.07760588 0.02793589
    endloop
  endfacet
  facet normal -0.11579925 -0.93778424 0.32733965
    outer loop
      vertex -0.01281989 -0.08080294 0.01424159
      vertex -0.00000000 -0.07760588 0.02793589
      vertex -0.01207608 -0.07611471 0.02793589
    endloop
  endfacet
  facet normal 0.11579925 -0.93778424 0.32733965
    outer loop
      vertex -0.00000000 -0.08238596 0.01424159
      vertex 0.01281989 -0.08080294 0.01424159
      vertex 0.01207608 -0.07611471 0.02793589
    endloop
  endfacet
  facet normal 0.11579925 -0.93778424 0.32733965
    outer loop
      vertex -0.00000000 -0.08238596 0.01424159
      vertex 0.01207608 -0.07611471 0.02793589
      vertex -0.00000000 -0.07760588 0.02793589
    endloop
  endfacet
  facet normal 0.33662630 -0.88512439 0.32130599
    outer loop
      vertex 0.01281989 -0.08080294 0.01424159
      vertex 0.02514713 -0.07611471 0.01424159
      vertex 0.02368808 -0.07169848 0.02793589
    endloop
  endfacet
  facet normal 0.33662630 -0.88512439 0.32130599
    outer loop
      vertex 0.01281989 -0.08080294 0.01424159
      vertex 0.02368808 -0.07169848 0.02793589
      vertex 0.01207608 -0.07611471 0.02793589
    endloop
  endfacet
  facet normal 0.52908897 -0.78952787 0.31098327
    outer loop
      vertex 0.02514713 -0.07611471 0.01424159
      vertex 0.03650797 -0.06850143 0.01424159
      vertex 0.03438976 -0.06452693 0.02793589
    endloop
  endfacet
  facet normal 0.52908897 -0.78952787 0.31098327
    outer loop
      vertex 0.02514713 -0.07611471 0.01424159
      vertex 0.03438976 -0.06452693 0.02793589
      vertex 0.02368808 -0.07169848 0.02793589
    endloop
  endfacet
  facet normal 0.68433041 -0.66510184 0.29888365
    outer loop
      vertex 0.03650797 -0.06850143 0.01424159
      vertex 0.04646583 -0.05825567 0.01424159
      vertex 0.04376986 -0.05487564 0.02793589
    endloop
  endfacet
  facet normal 0.68433041 -0.66510184 0.29888365
    outer loop
      vertex 0.03650797 -0.06850143 0.01424159
      vertex 0.04376986 -0.05487564 0.02793589
      vertex 0.03438976 -0.06452693 0.02793589
    endloop
  endfacet
  facet normal 0.80142153 -0.52460174 0.28725694
    outer loop
      vertex 0.04646583 -0.05825567 0.01424159
      vertex 0.05463804 -0.04577119 0.01424159
      vertex 0.05146791 -0.04311552 0.02793589
    endloop
  endfacet
  facet normal 0.80142153 -0.52460174 0.28725694
    outer loop
      vertex 0.04646583 -0.05825567 0.01424159
      vertex 0.05146791 -0.04311552 0.02793589
      vertex 0.04376986 -0.05487564 0.02793589
    endloop
  endfacet
  facet normal 0.88372278 -0.37676307 0.27763942
    outer loop
      vertex 0.05463804 -0.04577119 0.01424159
      vertex 0.06071054 -0.03152774 0.01424159
      vertex 0.05718808 -0.02969848 0.02793589
    endloop
  endfacet
  facet normal 0.88372278 -0.37676307 0.27763942
    outer loop
      vertex 0.05463804 -0.04577119 0.01424159
      vertex 0.05718808 -0.02969848 0.02793589
      vertex 0.05146791 -0.04311552 0.02793589
    endloop
  endfacet
  facet normal 0.93561121 -0.22637590 0.27089778
    outer loop
      vertex 0.06071054 -0.03152774 0.01424159
      vertex 0.06444996 -0.01607270 0.01424159
      vertex 0.06071054 -0.01514016 0.02793589
    endloop
  endfacet
  facet normal 0.93561121 -0.22637590 0.27089778
    outer loop
      vertex 0.06071054 -0.03152774 0.01424159
      vertex 0.06071054 -0.01514016 0.02793589
      vertex 0.05718808 -0.02969848 0.02793589
    endloop
  endfacet
  facet normal 0.96061264 -0.07546440 0.26744808
    outer loop
      vertex 0.06444996 -0.01607270 0.01424159
      vertex 0.06571261 0.00000000 0.01424159
      vertex 0.06189993 0.00000000 0.02793589
    endloop
  endfacet
  facet normal 0.96061264 -0.07546440 0.26744808
    outer loop
      vertex 0.06444996 -0.01607270 0.01424159
      vertex 0.06189993 0.00000000 0.02793589
      vertex 0.06071054 -0.01514016 0.02793589
    endloop
  endfacet
  facet normal 0.89556028 0.07035398 0.43934281
    outer loop
      vertex 0.06189993 0.00000000 0.02793589
      vertex 0.06071054 0.01514016 0.02793589
      vertex 0.05463804 0.01362578 0.04055663
    endloop
  endfacet
  facet normal 0.89556028 0.07035398 0.43934281
    outer loop
      vertex 0.06189993 0.00000000 0.02793589
      vertex 0.05463804 0.01362578 0.04055663
      vertex 0.05570846 0.00000000 0.04055663
    endloop
  endfacet
  facet normal 0.87077400 0.21068820 0.44425569
    outer loop
      vertex 0.06071054 0.01514016 0.02793589
      vertex 0.05718808 0.02969848 0.02793589
      vertex 0.05146791 0.02672793 0.04055663
    endloop
  endfacet
  facet normal 0.87077400 0.21068820 0.44425569
    outer loop
      vertex 0.06071054 0.01514016 0.02793589
      vertex 0.05146791 0.02672793 0.04055663
      vertex 0.05463804 0.01362578 0.04055663
    endloop
  endfacet
  facet normal 0.81972266 0.34947749 0.45378436
    outer loop
      vertex 0.05718808 0.02969848 0.02793589
      vertex 0.05146791 0.04311552 0.02793589
      vertex 0.04631989 0.03880294 0.04055663
    endloop
  endfacet
  facet normal 0.81972266 0.34947749 0.45378436
    outer loop
      vertex 0.05718808 0.02969848 0.02793589
      vertex 0.04631989 0.03880294 0.04055663
      vertex 0.05146791 0.02672793 0.04055663
    endloop
  endfacet
  facet normal 0.73975148 0.48423321 0.46721081
    outer loop
      vertex 0.05146791 0.04311552 0.02793589
      vertex 0.04376986 0.05487564 0.02793589
      vertex 0.03939183 0.04938678 0.04055663
    endloop
  endfacet
  facet normal 0.73975148 0.48423321 0.46721081
    outer loop
      vertex 0.05146791 0.04311552 0.02793589
      vertex 0.03939183 0.04938678 0.04055663
      vertex 0.04631989 0.03880294 0.04055663
    endloop
  endfacet
  facet normal 0.62784570 0.61020425 0.48317755
    outer loop
      vertex 0.04376986 0.05487564 0.02793589
      vertex 0.03438976 0.06452693 0.02793589
      vertex 0.03094996 0.05807270 0.04055663
    endloop
  endfacet
  facet normal 0.62784570 0.61020425 0.48317755
    outer loop
      vertex 0.04376986 0.05487564 0.02793589
      vertex 0.03094996 0.05807270 0.04055663
      vertex 0.03939183 0.04938678 0.04055663
    endloop
  endfacet
  facet normal 0.48227561 0.71967109 0.49948348
    outer loop
      vertex 0.03438976 0.06452693 0.02793589
      vertex 0.02368808 0.07169848 0.02793589
      vertex 0.02131871 0.06452693 0.04055663
    endloop
  endfacet
  facet normal 0.48227561 0.71967109 0.49948348
    outer loop
      vertex 0.03438976 0.06452693 0.02793589
      vertex 0.02131871 0.06452693 0.04055663
      vertex 0.03094996 0.05807270 0.04055663
    endloop
  endfacet
  facet normal 0.30510551 0.80224371 0.51314292
    outer loop
      vertex 0.02368808 0.07169848 0.02793589
      vertex 0.01207608 0.07611471 0.02793589
      vertex 0.01086818 0.06850143 0.04055663
    endloop
  endfacet
  facet normal 0.30510551 0.80224371 0.51314292
    outer loop
      vertex 0.02368808 0.07169848 0.02793589
      vertex 0.01086818 0.06850143 0.04055663
      vertex 0.02131871 0.06452693 0.04055663
    endloop
  endfacet
  facet normal 0.10460278 0.84711121 0.52101906
    outer loop
      vertex 0.01207608 0.07611471 0.02793589
      vertex 0.00000000 0.07760588 0.02793589
      vertex 0.00000000 0.06984345 0.04055663
    endloop
  endfacet
  facet normal 0.10460278 0.84711121 0.52101906
    outer loop
      vertex 0.01207608 0.07611471 0.02793589
      vertex 0.00000000 0.06984345 0.04055663
      vertex 0.01086818 0.06850143 0.04055663
    endloop
  endfacet
  facet normal -0.10460278 0.84711121 0.52101906
    outer loop
      vertex 0.00000000 0.07760588 0.02793589
      vertex -0.01207608 0.07611471 0.02793589
      vertex -0.01086818 0.06850143 0.04055663
    endloop
  endfacet
  facet normal -0.10460278 0.84711121 0.52101906
    outer loop
      vertex 0.00000000 0.07760588 0.02793589
      vertex -0.01086818 0.06850143 0.04055663
      vertex 0.00000000 0.06984345 0.04055663
    endloop
  endfacet
  facet normal -0.30510551 0.80224371 0.51314292
    outer loop
      vertex -0.01207608 0.07611471 0.02793589
      vertex -0.02368808 0.07169848 0.02793589
      vertex -0.02131871 0.06452693 0.04055663
    endloop
  endfacet
  facet normal -0.30510551 0.80224371 0.51314292
    outer loop
      vertex -0.01207608 0.07611471 0.02793589
      vertex -0.02131871 0.06452693 0.04055663
      vertex -0.01086818 0.06850143 0.04055663
    endloop
  endfacet
  facet normal -0.48227561 0.71967109 0.49948348
    outer loop
      vertex -0.02368808 0.07169848 0.02793589
      vertex -0.03438976 0.06452693 0.02793589
      vertex -0.03094996 0.05807270 0.04055663
    endloop
  endfacet
  facet normal -0.48227561 0.71967109 0.49948348
    outer loop
      vertex -0.02368808 0.07169848 0.02793589
      vertex -0.03094996 0.05807270 0.04055663
      vertex -0.02131871 0.06452693 0.04055663
    endloop
  endfacet
  facet normal -0.62784570 0.61020425 0.48317755
    outer loop
      vertex -0.03438976 0.06452693 0.02793589
      vertex -0.04376986 0.05487564 0.02793589
      vertex -0.03939183 0.04938678 0.04055663
    endloop
  endfacet
  facet normal -0.62784570 0.61020425 0.48317755
    outer loop
      vertex -0.03438976 0.06452693 0.02793589
      vertex -0.03939183 0.04938678 0.04055663
      vertex -0.03094996 0.05807270 0.04055663
    endloop
  endfacet
  facet normal -0.73975148 0.48423321 0.46721081
    outer loop
      vertex -0.04376986 0.05487564 0.02793589
      vertex -0.05146791 0.04311552 0.02793589
      vertex -0.04631989 0.03880294 0.04055663
    endloop
  endfacet
  facet normal -0.73975148 0.48423321 0.46721081
    outer loop
      vertex -0.04376986 0.05487564 0.02793589
      vertex -0.04631989 0.03880294 0.04055663
      vertex -0.03939183 0.04938678 0.04055663
    endloop
  endfacet
  facet normal -0.81972266 0.34947749 0.45378436
    outer loop
      vertex -0.05146791 0.04311552 0.02793589
      vertex -0.05718808 0.02969848 0.02793589
      vertex -0.05146791 0.02672793 0.04055663
    endloop
  endfacet
  facet normal -0.81972266 0.34947749 0.45378436
    outer loop
      vertex -0.05146791 0.04311552 0.02793589
      vertex -0.05146791 0.02672793 0.04055663
      vertex -0.04631989 0.03880294 0.04055663
    endloop
  endfacet
  facet normal -0.87077400 0.21068820 0.44425569
    outer loop
      vertex -0.05718808 0.02969848 0.02793589
      vertex -0.06071054 0.01514016 0.02793589
      vertex -0.05463804 0.01362578 0.04055663
    endloop
  endfacet
  facet normal -0.87077400 0.21068820 0.44425569
    outer loop
      vertex -0.05718808 0.02969848 0.02793589
      vertex -0.05463804 0.01362578 0.04055663
      vertex -0.05146791 0.02672793 0.04055663
    endloop
  endfacet
  facet normal -0.89556028 0.07035398 0.43934281
    outer loop
      vertex -0.06071054 0.01514016 0.02793589
      vertex -0.06189993 0.00000000 0.02793589
      vertex -0.05570846 0.00000000 0.04055663
    endloop
  endfacet
  facet normal -0.89556028 0.07035398 0.43934281
    outer loop
      vertex -0.06071054 0.01514016 0.02793589
      vertex -0.05570846 0.00000000 0.04055663
      vertex -0.05463804 0.01362578 0.04055663
    endloop
  endfacet
  facet normal -0.89556028 -0.07035398 0.43934281
    outer loop
      vertex -0.06189993 0.00000000 0.02793589
      vertex -0.06071054 -0.01514016 0.02793589
      vertex -0.05463804 -0.01362578 0.04055663
    endloop
  endfacet
  facet normal -0.89556028 -0.07035398 0.43934281
    outer loop
      vertex -0.06189993 0.00000000 0.02793589
      vertex -0.05463804 -0.01362578 0.04055663
      vertex -0.05570846 0.00000000 0.04055663
    endloop
  endfacet
  facet normal -0.87077400 -0.21068820 0.44425569
    outer loop
      vertex -0.06071054 -0.01514016 0.02793589
      vertex -0.05718808 -0.02969848 0.02793589
      vertex -0.05146791 -0.02672793 0.04055663
    endloop
  endfacet
  facet normal -0.87077400 -0.21068820 0.44425569
    outer loop
      vertex -0.06071054 -0.01514016 0.02793589
      vertex -0.05146791 -0.02672793 0.04055663
      vertex -0.05463804 -0.01362578 0.04055663
    endloop
  endfacet
  facet normal -0.81972266 -0.34947749 0.45378436
    outer loop
      vertex -0.05718808 -0.02969848 0.02793589
      vertex -0.05146791 -0.04311552 0.02793589
      vertex -0.04631989 -0.03880294 0.04055663
    endloop
  endfacet
  facet normal -0.81972266 -0.34947749 0.45378436
    outer loop
      vertex -0.05718808 -0.02969848 0.02793589
      vertex -0.04631989 -0.03880294 0.04055663
      vertex -0.05146791 -0.02672793 0.04055663
    endloop
  endfacet
  facet normal -0.73975148 -0.48423321 0.46721081
    outer loop
      vertex -0.05146791 -0.04311552 0.02793589
      vertex -0.04376986 -0.05487564 0.02793589
      vertex -0.03939183 -0.04938678 0.04055663
    endloop
  endfacet
  facet normal -0.73975148 -0.48423321 0.46721081
    outer loop
      vertex -0.05146791 -0.04311552 0.02793589
      vertex -0.03939183 -0.04938678 0.04055663
      vertex -0.04631989 -0.03880294 0.04055663
    endloop
  endfacet
  facet normal -0.62784570 -0.61020425 0.48317755
    outer loop
      vertex -0.04376986 -0.05487564 0.02793589
      vertex -0.03438976 -0.06452693 0.02793589
      vertex -0.03094996 -0.05807270 0.04055663
    endloop
  endfacet
  facet normal -0.62784570 -0.61020425 0.48317755
    outer loop
      vertex -0.04376986 -0.05487564 0.02793589
      vertex -0.03094996 -0.05807270 0.04055663
      vertex -0.03939183 -0.04938678 0.04055663
    endloop
  endfacet
  facet normal -0.48227561 -0.71967109 0.49948348
    outer loop
      vertex -0.03438976 -0.06452693 0.02793589
      vertex -0.02368808 -0.07169848 0.02793589
      vertex -0.02131871 -0.06452693 0.04055663
    endloop
  endfacet
  facet normal -0.48227561 -0.71967109 0.49948348
    outer loop
      vertex -0.03438976 -0.06452693 0.02793589
      vertex -0.02131871 -0.06452693 0.04055663
      vertex -0.03094996 -0.05807270 0.04055663
    endloop
  endfacet
  facet normal -0.30510551 -0.80224371 0.51314292
    outer loop
      vertex -0.02368808 -0.07169848 0.02793589
      vertex -0.01207608 -0.07611471 0.02793589
      vertex -0.01086818 -0.06850143 0.04055663
    endloop
  endfacet
  facet normal -0.30510551 -0.80224371 0.51314292
    outer loop
      vertex -0.02368808 -0.07169848 0.02793589
      vertex -0.01086818 -0.06850143 0.04055663
      vertex -0.02131871 -0.06452693 0.04055663
    endloop
  endfacet
  facet normal -0.10460278 -0.84711121 0.52101906
    outer loop
      vertex -0.01207608 -0.07611471 0.02793589
      vertex -0.00000000 -0.07760588 0.02793589
      vertex -0.00000000 -0.06984345 0.04055663
    endloop
  endfacet
  facet normal -0.10460278 -0.84711121 0.52101906
    outer loop
      vertex -0.01207608 -0.07611471 0.02793589
      vertex -0.00000000 -0.06984345 0.04055663
      vertex -0.01086818 -0.06850143 0.04055663
    endloop
  endfacet
  facet normal 0.10460278 -0.84711121 0.52101906
    outer loop
      vertex -0.00000000 -0.07760588 0.02793589
      vertex 0.01207608 -0.07611471 0.02793589
      vertex 0.01086818 -0.06850143 0.04055663
    endloop
  endfacet
  facet normal 0.10460278 -0.84711121 0.52101906
    outer loop
      vertex -0.00000000 -0.07760588 0.02793589
      vertex 0.01086818 -0.06850143 0.04055663
      vertex -0.00000000 -0.06984345 0.04055663
    endloop
  endfacet
  facet normal 0.30510551 -0.80224371 0.51314292
    outer loop
      vertex 0.01207608 -0.07611471 0.02793589
      vertex 0.02368808 -0.07169848 0.02793589
      vertex 0.02131871 -0.06452693 0.04055663
    endloop
  endfacet
  facet normal 0.30510551 -0.80224371 0.51314292
    outer loop
      vertex 0.01207608 -0.07611471 0.02793589
      vertex 0.02131871 -0.06452693 0.04055663
      vertex 0.01086818 -0.06850143 0.04055663
    endloop
  endfacet
  facet normal 0.48227561 -0.71967109 0.49948348
    outer loop
      vertex 0.02368808 -0.07169848 0.02793589
      vertex 0.03438976 -0.06452693 0.02793589
      vertex 0.03094996 -0.05807270 0.04055663
    endloop
  endfacet
  facet normal 0.48227561 -0.71967109 0.49948348
    outer loop
      vertex 0.02368808 -0.07169848 0.02793589
      vertex 0.03094996 -0.05807270 0.04055663
      vertex 0.02131871 -0.06452693 0.04055663
    endloop
  endfacet
  facet normal 0.62784570 -0.61020425 0.48317755
    outer loop
      vertex 0.03438976 -0.06452693 0.02793589
      vertex 0.04376986 -0.05487564 0.02793589
      vertex 0.03939183 -0.04938678 0.04055663
    endloop
  endfacet
  facet normal 0.62784570 -0.61020425 0.48317755
    outer loop
      vertex 0.03438976 -0.06452693 0.02793589
      vertex 0.03939183 -0.04938678 0.04055663
      vertex 0.03094996 -0.05807270 0.04055663
    endloop
  endfacet
  facet normal 0.73975148 -0.48423321 0.46721081
    outer loop
      vertex 0.04376986 -0.05487564 0.02793589
      vertex 0.05146791 -0.04311552 0.02793589
      vertex 0.04631989 -0.03880294 0.04055663
    endloop
  endfacet
  facet normal 0.73975148 -0.48423321 0.46721081
    outer loop
      vertex 0.04376986 -0.05487564 0.02793589
      vertex 0.04631989 -0.03880294 0.04055663
      vertex 0.03939183 -0.04938678 0.04055663
    endloop
  endfacet
  facet normal 0.81972266 -0.34947749 0.45378436
    outer loop
      vertex 0.05146791 -0.04311552 0.02793589
      vertex 0.05718808 -0.02969848 0.02793589
      vertex 0.05146791 -0.02672793 0.04055663
    endloop
  endfacet
  facet normal 0.81972266 -0.34947749 0.45378436
    outer loop
      vertex 0.05146791 -0.04311552 0.02793589
      vertex 0.05146791 -0.02672793 0.04055663
      vertex 0.04631989 -0.03880294 0.04055663
    endloop
  endfacet
  facet normal 0.87077400 -0.21068820 0.44425569
    outer loop
      vertex 0.05718808 -0.02969848 0.02793589
      vertex 0.06071054 -0.01514016 0.02793589
      vertex 0.05463804 -0.01362578 0.04055663
    endloop
  endfacet
  facet normal 0.87077400 -0.21068820 0.44425569
    outer loop
      vertex 0.05718808 -0.02969848 0.02793589
      vertex 0.05463804 -0.01362578 0.04055663
      vertex 0.05146791 -0.02672793 0.04055663
    endloop
  endfacet
  facet normal 0.89556028 -0.07035398 0.43934281
    outer loop
      vertex 0.06071054 -0.01514016 0.02793589
      vertex 0.06189993 0.00000000 0.02793589
      vertex 0.05570846 0.00000000 0.04055663
    endloop
  endfacet
  facet normal 0.89556028 -0.07035398 0.43934281
    outer loop
      vertex 0.06071054 -0.01514016 0.02793589
      vertex 0.05570846 0.00000000 0.04055663
      vertex 0.05463804 -0.01362578 0.04055663
    endloop
  endfacet
  facet normal 0.79719360 0.06262643 0.60046674
    outer loop
      vertex 0.05570846 0.00000000 0.04055663
      vertex 0.05463804 0.01362578 0.04055663
      vertex 0.04646583 0.01158777 0.05161880
    endloop
  endfacet
  facet normal 0.79719360 0.06262643 0.60046674
    outer loop
      vertex 0.05570846 0.00000000 0.04055663
      vertex 0.04646583 0.01158777 0.05161880
      vertex 0.04737615 0.00000000 0.05161880
    endloop
  endfacet
  facet normal 0.77332652 0.18711029 0.60576879
    outer loop
      vertex 0.05463804 0.01362578 0.04055663
      vertex 0.05146791 0.02672793 0.04055663
      vertex 0.04376986 0.02273024 0.05161880
    endloop
  endfacet
  facet normal 0.77332652 0.18711029 0.60576879
    outer loop
      vertex 0.05463804 0.01362578 0.04055663
      vertex 0.04376986 0.02273024 0.05161880
      vertex 0.04646583 0.01158777 0.05161880
    endloop
  endfacet
  facet normal 0.72467641 0.30895583 0.61594675
    outer loop
      vertex 0.05146791 0.02672793 0.04055663
      vertex 0.04631989 0.03880294 0.04055663
      vertex 0.03939183 0.03299919 0.05161880
    endloop
  endfacet
  facet normal 0.72467641 0.30895583 0.61594675
    outer loop
      vertex 0.05146791 0.02672793 0.04055663
      vertex 0.03939183 0.03299919 0.05161880
      vertex 0.04376986 0.02273024 0.05161880
    endloop
  endfacet
  facet normal 0.64973002 0.42530615 0.63005204
    outer loop
      vertex 0.04631989 0.03880294 0.04055663
      vertex 0.03939183 0.04938678 0.04055663
      vertex 0.03350000 0.04200000 0.05161880
    endloop
  endfacet
  facet normal 0.64973002 0.42530615 0.63005204
    outer loop
      vertex 0.04631989 0.03880294 0.04055663
      vertex 0.03350000 0.04200000 0.05161880
      vertex 0.03939183 0.03299919 0.05161880
    endloop
  endfacet
  facet normal 0.54711259 0.53173962 0.64646794
    outer loop
      vertex 0.03939183 0.04938678 0.04055663
      vertex 0.03094996 0.05807270 0.04055663
      vertex 0.02632078 0.04938678 0.05161880
    endloop
  endfacet
  facet normal 0.54711259 0.53173962 0.64646794
    outer loop
      vertex 0.03939183 0.04938678 0.04055663
      vertex 0.02632078 0.04938678 0.05161880
      vertex 0.03350000 0.04200000 0.05161880
    endloop
  endfacet
  facet normal 0.41683290 0.62201484 0.66283322
    outer loop
      vertex 0.03094996 0.05807270 0.04055663
      vertex 0.02131871 0.06452693 0.04055663
      vertex 0.01813007 0.05487564 0.05161880
    endloop
  endfacet
  facet normal 0.41683290 0.62201484 0.66283322
    outer loop
      vertex 0.03094996 0.05807270 0.04055663
      vertex 0.01813007 0.05487564 0.05161880
      vertex 0.02632078 0.04938678 0.05161880
    endloop
  endfacet
  facet normal 0.26187393 0.68857069 0.67623401
    outer loop
      vertex 0.02131871 0.06452693 0.04055663
      vertex 0.01086818 0.06850143 0.04055663
      vertex 0.00924263 0.05825567 0.05161880
    endloop
  endfacet
  facet normal 0.26187393 0.68857069 0.67623401
    outer loop
      vertex 0.02131871 0.06452693 0.04055663
      vertex 0.00924263 0.05825567 0.05161880
      vertex 0.01813007 0.05487564 0.05161880
    endloop
  endfacet
  facet normal 0.08941779 0.72413766 0.68383412
    outer loop
      vertex 0.01086818 0.06850143 0.04055663
      vertex 0.00000000 0.06984345 0.04055663
      vertex 0.00000000 0.05939697 0.05161880
    endloop
  endfacet
  facet normal 0.08941779 0.72413766 0.68383412
    outer loop
      vertex 0.01086818 0.06850143 0.04055663
      vertex 0.00000000 0.05939697 0.05161880
      vertex 0.00924263 0.05825567 0.05161880
    endloop
  endfacet
  facet normal -0.08941779 0.72413766 0.68383412
    outer loop
      vertex 0.00000000 0.06984345 0.04055663
      vertex -0.01086818 0.06850143 0.04055663
      vertex -0.00924263 0.05825567 0.05161880
    endloop
  endfacet
  facet normal -0.08941779 0.72413766 0.68383412
    outer loop
      vertex 0.00000000 0.06984345 0.04055663
      vertex -0.00924263 0.05825567 0.05161880
      vertex 0.00000000 0.05939697 0.05161880
    endloop
  endfacet
  facet normal -0.26187393 0.68857069 0.67623401
    outer loop
      vertex -0.01086818 0.06850143 0.04055663
      vertex -0.02131871 0.06452693 0.04055663
      vertex -0.01813007 0.05487564 0.05161880
    endloop
  endfacet
  facet normal -0.26187393 0.68857069 0.67623401
    outer loop
      vertex -0.01086818 0.06850143 0.04055663
      vertex -0.01813007 0.05487564 0.05161880
      vertex -0.00924263 0.05825567 0.05161880
    endloop
  endfacet
  facet normal -0.41683290 0.62201484 0.66283322
    outer loop
      vertex -0.02131871 0.06452693 0.04055663
      vertex -0.03094996 0.05807270 0.04055663
      vertex -0.02632078 0.04938678 0.05161880
    endloop
  endfacet
  facet normal -0.41683290 0.62201484 0.66283322
    outer loop
      vertex -0.02131871 0.06452693 0.04055663
      vertex -0.02632078 0.04938678 0.05161880
      vertex -0.01813007 0.05487564 0.05161880
    endloop
  endfacet
  facet normal -0.54711259 0.53173962 0.64646794
    outer loop
      vertex -0.03094996 0.05807270 0.04055663
      vertex -0.03939183 0.04938678 0.04055663
      vertex -0.03350000 0.04200000 0.05161880
    endloop
  endfacet
  facet normal -0.54711259 0.53173962 0.64646794
    outer loop
      vertex -0.03094996 0.05807270 0.04055663
      vertex -0.03350000 0.04200000 0.05161880
      vertex -0.02632078 0.04938678 0.05161880
    endloop
  endfacet
  facet normal -0.64973002 0.42530615 0.63005204
    outer loop
      vertex -0.03939183 0.04938678 0.04055663
      vertex -0.04631989 0.03880294 0.04055663
      vertex -0.03939183 0.03299919 0.05161880
    endloop
  endfacet
  facet normal -0.64973002 0.42530615 0.63005204
    outer loop
      vertex -0.03939183 0.04938678 0.04055663
      vertex -0.03939183 0.03299919 0.05161880
      vertex -0.03350000 0.04200000 0.05161880
    endloop
  endfacet
  facet normal -0.72467641 0.30895583 0.61594675
    outer loop
      vertex -0.04631989 0.03880294 0.04055663
      vertex -0.05146791 0.02672793 0.04055663
      vertex -0.04376986 0.02273024 0.05161880
    endloop
  endfacet
  facet normal -0.72467641 0.30895583 0.61594675
    outer loop
      vertex -0.04631989 0.03880294 0.04055663
      vertex -0.04376986 0.02273024 0.05161880
      vertex -0.03939183 0.03299919 0.05161880
    endloop
  endfacet
  facet normal -0.77332652 0.18711029 0.60576879
    outer loop
      vertex -0.05146791 0.02672793 0.04055663
      vertex -0.05463804 0.01362578 0.04055663
      vertex -0.04646583 0.01158777 0.05161880
    endloop
  endfacet
  facet normal -0.77332652 0.18711029 0.60576879
    outer loop
      vertex -0.05146791 0.02672793 0.04055663
      vertex -0.04646583 0.01158777 0.05161880
      vertex -0.04376986 0.02273024 0.05161880
    endloop
  endfacet
  facet normal -0.79719360 0.06262643 0.60046674
    outer loop
      vertex -0.05463804 0.01362578 0.04055663
      vertex -0.05570846 0.00000000 0.04055663
      vertex -0.04737615 0.00000000 0.05161880
    endloop
  endfacet
  facet normal -0.79719360 0.06262643 0.60046674
    outer loop
      vertex -0.05463804 0.01362578 0.04055663
      vertex -0.04737615 0.00000000 0.05161880
      vertex -0.04646583 0.01158777 0.05161880
    endloop
  endfacet
  facet normal -0.79719360 -0.06262643 0.60046674
    outer loop
      vertex -0.05570846 0.00000000 0.04055663
      vertex -0.05463804 -0.01362578 0.04055663
      vertex -0.04646583 -0.01158777 0.05161880
    endloop
  endfacet
  facet normal -0.79719360 -0.06262643 0.60046674
    outer loop
      vertex -0.05570846 0.00000000 0.04055663
      vertex -0.04646583 -0.01158777 0.05161880
      vertex -0.04737615 0.00000000 0.05161880
    endloop
  endfacet
  facet normal -0.77332652 -0.18711029 0.60576879
    outer loop
      vertex -0.05463804 -0.01362578 0.04055663
      vertex -0.05146791 -0.02672793 0.04055663
      vertex -0.04376986 -0.02273024 0.05161880
    endloop
  endfacet
  facet normal -0.77332652 -0.18711029 0.60576879
    outer loop
      vertex -0.05463804 -0.01362578 0.04055663
      vertex -0.04376986 -0.02273024 0.05161880
      vertex -0.04646583 -0.01158777 0.05161880
    endloop
  endfacet
  facet normal -0.72467641 -0.30895583 0.61594675
    outer loop
      vertex -0.05146791 -0.02672793 0.04055663
      vertex -0.04631989 -0.03880294 0.04055663
      vertex -0.03939183 -0.03299919 0.05161880
    endloop
  endfacet
  facet normal -0.72467641 -0.30895583 0.61594675
    outer loop
      vertex -0.05146791 -0.02672793 0.04055663
      vertex -0.03939183 -0.03299919 0.05161880
      vertex -0.04376986 -0.02273024 0.05161880
    endloop
  endfacet
  facet normal -0.64973002 -0.42530615 0.63005204
    outer loop
      vertex -0.04631989 -0.03880294 0.04055663
      vertex -0.03939183 -0.04938678 0.04055663
      vertex -0.03350000 -0.04200000 0.05161880
    endloop
  endfacet
  facet normal -0.64973002 -0.42530615 0.63005204
    outer loop
      vertex -0.04631989 -0.03880294 0.04055663
      vertex -0.03350000 -0.04200000 0.05161880
      vertex -0.03939183 -0.03299919 0.05161880
    endloop
  endfacet
  facet normal -0.54711259 -0.53173962 0.64646794
    outer loop
      vertex -0.03939183 -0.04938678 0.04055663
      vertex -0.03094996 -0.05807270 0.04055663
      vertex -0.02632078 -0.04938678 0.05161880
    endloop
  endfacet
  facet normal -0.54711259 -0.53173962 0.64646794
    outer loop
      vertex -0.03939183 -0.04938678 0.04055663
      vertex -0.02632078 -0.04938678 0.05161880
      vertex -0.03350000 -0.04200000 0.05161880
    endloop
  endfacet
  facet normal -0.41683290 -0.62201484 0.66283322
    outer loop
      vertex -0.03094996 -0.05807270 0.04055663
      vertex -0.02131871 -0.06452693 0.04055663
      vertex -0.01813007 -0.05487564 0.05161880
    endloop
  endfacet
  facet normal -0.41683290 -0.62201484 0.66283322
    outer loop
      vertex -0.03094996 -0.05807270 0.04055663
      vertex -0.01813007 -0.05487564 0.05161880
      vertex -0.02632078 -0.04938678 0.05161880
    endloop
  endfacet
  facet normal -0.26187393 -0.68857069 0.67623401
    outer loop
      vertex -0.02131871 -0.06452693 0.04055663
      vertex -0.01086818 -0.06850143 0.04055663
      vertex -0.00924263 -0.05825567 0.05161880
    endloop
  endfacet
  facet normal -0.26187393 -0.68857069 0.67623401
    outer loop
      vertex -0.02131871 -0.06452693 0.04055663
      vertex -0.00924263 -0.05825567 0.05161880
      vertex -0.01813007 -0.05487564 0.05161880
    endloop
  endfacet
  facet normal -0.08941779 -0.72413766 0.68383412
    outer loop
      vertex -0.01086818 -0.06850143 0.04055663
      vertex -0.00000000 -0.06984345 0.04055663
      vertex -0.00000000 -0.05939697 0.05161880
    endloop
  endfacet
  facet normal -0.08941779 -0.72413766 0.68383412
    outer loop
      vertex -0.01086818 -0.06850143 0.04055663
      vertex -0.00000000 -0.05939697 0.05161880
      vertex -0.00924263 -0.05825567 0.05161880
    endloop
  endfacet
  facet normal 0.08941779 -0.72413766 0.68383412
    outer loop
      vertex -0.00000000 -0.06984345 0.04055663
      vertex 0.01086818 -0.06850143 0.04055663
      vertex 0.00924263 -0.05825567 0.05161880
    endloop
  endfacet
  facet normal 0.08941779 -0.72413766 0.68383412
    outer loop
      vertex -0.00000000 -0.06984345 0.04055663
      vertex 0.00924263 -0.05825567 0.05161880
      vertex -0.00000000 -0.05939697 0.05161880
    endloop
  endfacet
  facet normal 0.26187393 -0.68857069 0.67623401
    outer loop
      vertex 0.01086818 -0.06850143 0.04055663
      vertex 0.02131871 -0.06452693 0.04055663
      vertex 0.01813007 -0.05487564 0.05161880
    endloop
  endfacet
  facet normal 0.26187393 -0.68857069 0.67623401
    outer loop
      vertex 0.01086818 -0.06850143 0.04055663
      vertex 0.01813007 -0.05487564 0.05161880
      vertex 0.00924263 -0.05825567 0.05161880
    endloop
  endfacet
  facet normal 0.41683290 -0.62201484 0.66283322
    outer loop
      vertex 0.02131871 -0.06452693 0.04055663
      vertex 0.03094996 -0.05807270 0.04055663
      vertex 0.02632078 -0.04938678 0.05161880
    endloop
  endfacet
  facet normal 0.41683290 -0.62201484 0.66283322
    outer loop
      vertex 0.02131871 -0.06452693 0.04055663
      vertex 0.02632078 -0.04938678 0.05161880
      vertex 0.01813007 -0.05487564 0.05161880
    endloop
  endfacet
  facet normal 0.54711259 -0.53173962 0.64646794
    outer loop
      vertex 0.03094996 -0.05807270 0.04055663
      vertex 0.03939183 -0.04938678 0.04055663
      vertex 0.03350000 -0.04200000 0.05161880
    endloop
  endfacet
  facet normal 0.54711259 -0.53173962 0.64646794
    outer loop
      vertex 0.03094996 -0.05807270 0.04055663
      vertex 0.03350000 -0.04200000 0.05161880
      vertex 0.02632078 -0.04938678 0.05161880
    endloop
  endfacet
  facet normal 0.64973002 -0.42530615 0.63005204
    outer loop
      vertex 0.03939183 -0.04938678 0.04055663
      vertex 0.04631989 -0.03880294 0.04055663
      vertex 0.03939183 -0.03299919 0.05161880
    endloop
  endfacet
  facet normal 0.64973002 -0.42530615 0.63005204
    outer loop
      vertex 0.03939183 -0.04938678 0.04055663
      vertex 0.03939183 -0.03299919 0.05161880
      vertex 0.03350000 -0.04200000 0.05161880
    endloop
  endfacet
  facet normal 0.72467641 -0.30895583 0.61594675
    outer loop
      vertex 0.04631989 -0.03880294 0.04055663
      vertex 0.05146791 -0.02672793 0.04055663
      vertex 0.04376986 -0.02273024 0.05161880
    endloop
  endfacet
  facet normal 0.72467641 -0.30895583 0.61594675
    outer loop
      vertex 0.04631989 -0.03880294 0.04055663
      vertex 0.04376986 -0.02273024 0.05161880
      vertex 0.03939183 -0.03299919 0.05161880
    endloop
  endfacet
  facet normal 0.77332652 -0.18711029 0.60576879
    outer loop
      vertex 0.05146791 -0.02672793 0.04055663
      vertex 0.05463804 -0.01362578 0.04055663
      vertex 0.04646583 -0.01158777 0.05161880
    endloop
  endfacet
  facet normal 0.77332652 -0.18711029 0.60576879
    outer loop
      vertex 0.05146791 -0.02672793 0.04055663
      vertex 0.04646583 -0.01158777 0.05161880
      vertex 0.04376986 -0.02273024 0.05161880
    endloop
  endfacet
  facet normal 0.79719360 -0.06262643 0.60046674
    outer loop
      vertex 0.05463804 -0.01362578 0.04055663
      vertex 0.05570846 0.00000000 0.04055663
      vertex 0.04737615 0.00000000 0.05161880
    endloop
  endfacet
  facet normal 0.79719360 -0.06262643 0.60046674
    outer loop
      vertex 0.05463804 -0.01362578 0.04055663
      vertex 0.04737615 0.00000000 0.05161880
      vertex 0.04646583 -0.01158777 0.05161880
    endloop
  endfacet
  facet normal 0.66564917 0.05229248 0.74443044
    outer loop
      vertex 0.04737615 0.00000000 0.05161880
      vertex 0.04646583 0.01158777 0.05161880
      vertex 0.03650797 0.00910446 0.06069728
    endloop
  endfacet
  facet normal 0.66564917 0.05229248 0.74443044
    outer loop
      vertex 0.04737615 0.00000000 0.05161880
      vertex 0.03650797 0.00910446 0.06069728
      vertex 0.03722321 0.00000000 0.06069728
    endloop
  endfacet
  facet normal 0.64399331 0.15581746 0.74899502
    outer loop
      vertex 0.04646583 0.01158777 0.05161880
      vertex 0.04376986 0.02273024 0.05161880
      vertex 0.03438976 0.01785903 0.06069728
    endloop
  endfacet
  facet normal 0.64399331 0.15581746 0.74899502
    outer loop
      vertex 0.04646583 0.01158777 0.05161880
      vertex 0.03438976 0.01785903 0.06069728
      vertex 0.03650797 0.00910446 0.06069728
    endloop
  endfacet
  facet normal 0.60036976 0.25595940 0.75765489
    outer loop
      vertex 0.04376986 0.02273024 0.05161880
      vertex 0.03939183 0.03299919 0.05161880
      vertex 0.03094996 0.02592730 0.06069728
    endloop
  endfacet
  facet normal 0.60036976 0.25595940 0.75765489
    outer loop
      vertex 0.04376986 0.02273024 0.05161880
      vertex 0.03094996 0.02592730 0.06069728
      vertex 0.03438976 0.01785903 0.06069728
    endloop
  endfacet
  facet normal 0.53441087 0.34981950 0.76943573
    outer loop
      vertex 0.03939183 0.03299919 0.05161880
      vertex 0.03350000 0.04200000 0.05161880
      vertex 0.02632078 0.03299919 0.06069728
    endloop
  endfacet
  facet normal 0.53441087 0.34981950 0.76943573
    outer loop
      vertex 0.03939183 0.03299919 0.05161880
      vertex 0.02632078 0.03299919 0.06069728
      vertex 0.03094996 0.02592730 0.06069728
    endloop
  endfacet
  facet normal 0.44621321 0.43367534 0.78282787
    outer loop
      vertex 0.03350000 0.04200000 0.05161880
      vertex 0.02632078 0.04938678 0.05161880
      vertex 0.02068011 0.03880294 0.06069728
    endloop
  endfacet
  facet normal 0.44621321 0.43367534 0.78282787
    outer loop
      vertex 0.03350000 0.04200000 0.05161880
      vertex 0.02068011 0.03880294 0.06069728
      vertex 0.02632078 0.03299919 0.06069728
    endloop
  endfacet
  facet normal 0.33707889 0.50300269 0.79584302
    outer loop
      vertex 0.02632078 0.04938678 0.05161880
      vertex 0.01813007 0.05487564 0.05161880
      vertex 0.01424470 0.04311552 0.06069728
    endloop
  endfacet
  facet normal 0.33707889 0.50300269 0.79584302
    outer loop
      vertex 0.02632078 0.04938678 0.05161880
      vertex 0.01424470 0.04311552 0.06069728
      vertex 0.02068011 0.03880294 0.06069728
    endloop
  endfacet
  facet normal 0.21028781 0.55293028 0.80625501
    outer loop
      vertex 0.01813007 0.05487564 0.05161880
      vertex 0.00924263 0.05825567 0.05161880
      vertex 0.00726189 0.04577119 0.06069728
    endloop
  endfacet
  facet normal 0.21028781 0.55293028 0.80625501
    outer loop
      vertex 0.01813007 0.05487564 0.05161880
      vertex 0.00726189 0.04577119 0.06069728
      vertex 0.01424470 0.04311552 0.06069728
    endloop
  endfacet
  facet normal 0.07151702 0.57917072 0.81206317
    outer loop
      vertex 0.00924263 0.05825567 0.05161880
      vertex 0.00000000 0.05939697 0.05161880
      vertex 0.00000000 0.04666790 0.06069728
    endloop
  endfacet
  facet normal 0.07151702 0.57917072 0.81206317
    outer loop
      vertex 0.00924263 0.05825567 0.05161880
      vertex 0.00000000 0.04666790 0.06069728
      vertex 0.00726189 0.04577119 0.06069728
    endloop
  endfacet
  facet normal -0.07151702 0.57917072 0.81206317
    outer loop
      vertex 0.00000000 0.05939697 0.05161880
      vertex -0.00924263 0.05825567 0.05161880
      vertex -0.00726189 0.04577119 0.06069728
    endloop
  endfacet
  facet normal -0.07151702 0.57917072 0.81206317
    outer loop
      vertex 0.00000000 0.05939697 0.05161880
      vertex -0.00726189 0.04577119 0.06069728
      vertex 0.00000000 0.04666790 0.06069728
    endloop
  endfacet
  facet normal -0.21028781 0.55293028 0.80625501
    outer loop
      vertex -0.00924263 0.05825567 0.05161880
      vertex -0.01813007 0.05487564 0.05161880
      vertex -0.01424470 0.04311552 0.06069728
    endloop
  endfacet
  facet normal -0.21028781 0.55293028 0.80625501
    outer loop
      vertex -0.00924263 0.05825567 0.05161880
      vertex -0.01424470 0.04311552 0.06069728
      vertex -0.00726189 0.04577119 0.06069728
    endloop
  endfacet
  facet normal -0.33707889 0.50300269 0.79584302
    outer loop
      vertex -0.01813007 0.05487564 0.05161880
      vertex -0.02632078 0.04938678 0.05161880
      vertex -0.02068011 0.03880294 0.06069728
    endloop
  endfacet
  facet normal -0.33707889 0.50300269 0.79584302
    outer loop
      vertex -0.01813007 0.05487564 0.05161880
      vertex -0.02068011 0.03880294 0.06069728
      vertex -0.01424470 0.04311552 0.06069728
    endloop
  endfacet
  facet normal -0.44621321 0.43367534 0.78282787
    outer loop
      vertex -0.02632078 0.04938678 0.05161880
      vertex -0.03350000 0.04200000 0.05161880
      vertex -0.02632078 0.03299919 0.06069728
    endloop
  endfacet
  facet normal -0.44621321 0.43367534 0.78282787
    outer loop
      vertex -0.02632078 0.04938678 0.05161880
      vertex -0.02632078 0.03299919 0.06069728
      vertex -0.02068011 0.03880294 0.06069728
    endloop
  endfacet
  facet normal -0.53441087 0.34981950 0.76943573
    outer loop
      vertex -0.03350000 0.04200000 0.05161880
      vertex -0.03939183 0.03299919 0.05161880
      vertex -0.03094996 0.02592730 0.06069728
    endloop
  endfacet
  facet normal -0.53441087 0.34981950 0.76943573
    outer loop
      vertex -0.03350000 0.04200000 0.05161880
      vertex -0.03094996 0.02592730 0.06069728
      vertex -0.02632078 0.03299919 0.06069728
    endloop
  endfacet
  facet normal -0.60036976 0.25595940 0.75765489
    outer loop
      vertex -0.03939183 0.03299919 0.05161880
      vertex -0.04376986 0.02273024 0.05161880
      vertex -0.03438976 0.01785903 0.06069728
    endloop
  endfacet
  facet normal -0.60036976 0.25595940 0.75765489
    outer loop
      vertex -0.03939183 0.03299919 0.05161880
      vertex -0.03438976 0.01785903 0.06069728
      vertex -0.03094996 0.02592730 0.06069728
    endloop
  endfacet
  facet normal -0.64399331 0.15581746 0.74899502
    outer loop
      vertex -0.04376986 0.02273024 0.05161880
      vertex -0.04646583 0.01158777 0.05161880
      vertex -0.03650797 0.00910446 0.06069728
    endloop
  endfacet
  facet normal -0.64399331 0.15581746 0.74899502
    outer loop
      vertex -0.04376986 0.02273024 0.05161880
      vertex -0.03650797 0.00910446 0.06069728
      vertex -0.03438976 0.01785903 0.06069728
    endloop
  endfacet
  facet normal -0.66564917 0.05229248 0.74443044
    outer loop
      vertex -0.04646583 0.01158777 0.05161880
      vertex -0.04737615 0.00000000 0.05161880
      vertex -0.03722321 0.00000000 0.06069728
    endloop
  endfacet
  facet normal -0.66564917 0.05229248 0.74443044
    outer loop
      vertex -0.04646583 0.01158777 0.05161880
      vertex -0.03722321 0.00000000 0.06069728
      vertex -0.03650797 0.00910446 0.06069728
    endloop
  endfacet
  facet normal -0.66564917 -0.05229248 0.74443044
    outer loop
      vertex -0.04737615 0.00000000 0.05161880
      vertex -0.04646583 -0.01158777 0.05161880
      vertex -0.03650797 -0.00910446 0.06069728
    endloop
  endfacet
  facet normal -0.66564917 -0.05229248 0.74443044
    outer loop
      vertex -0.04737615 0.00000000 0.05161880
      vertex -0.03650797 -0.00910446 0.06069728
      vertex -0.03722321 0.00000000 0.06069728
    endloop
  endfacet
  facet normal -0.64399331 -0.15581746 0.74899502
    outer loop
      vertex -0.04646583 -0.01158777 0.05161880
      vertex -0.04376986 -0.02273024 0.05161880
      vertex -0.03438976 -0.01785903 0.06069728
    endloop
  endfacet
  facet normal -0.64399331 -0.15581746 0.74899502
    outer loop
      vertex -0.04646583 -0.01158777 0.05161880
      vertex -0.03438976 -0.01785903 0.06069728
      vertex -0.03650797 -0.00910446 0.06069728
    endloop
  endfacet
  facet normal -0.60036976 -0.25595940 0.75765489
    outer loop
      vertex -0.04376986 -0.02273024 0.05161880
      vertex -0.03939183 -0.03299919 0.05161880
      vertex -0.03094996 -0.02592730 0.06069728
    endloop
  endfacet
  facet normal -0.60036976 -0.25595940 0.75765489
    outer loop
      vertex -0.04376986 -0.02273024 0.05161880
      vertex -0.03094996 -0.02592730 0.06069728
      vertex -0.03438976 -0.01785903 0.06069728
    endloop
  endfacet
  facet normal -0.53441087 -0.34981950 0.76943573
    outer loop
      vertex -0.03939183 -0.03299919 0.05161880
      vertex -0.03350000 -0.04200000 0.05161880
      vertex -0.02632078 -0.03299919 0.06069728
    endloop
  endfacet
  facet normal -0.53441087 -0.34981950 0.76943573
    outer loop
      vertex -0.03939183 -0.03299919 0.05161880
      vertex -0.02632078 -0.03299919 0.06069728
      vertex -0.03094996 -0.02592730 0.06069728
    endloop
  endfacet
  facet normal -0.44621321 -0.43367534 0.78282787
    outer loop
      vertex -0.03350000 -0.04200000 0.05161880
      vertex -0.02632078 -0.04938678 0.05161880
      vertex -0.02068011 -0.03880294 0.06069728
    endloop
  endfacet
  facet normal -0.44621321 -0.43367534 0.78282787
    outer loop
      vertex -0.03350000 -0.04200000 0.05161880
      vertex -0.02068011 -0.03880294 0.06069728
      vertex -0.02632078 -0.03299919 0.06069728
    endloop
  endfacet
  facet normal -0.33707889 -0.50300269 0.79584302
    outer loop
      vertex -0.02632078 -0.04938678 0.05161880
      vertex -0.01813007 -0.05487564 0.05161880
      vertex -0.01424470 -0.04311552 0.06069728
    endloop
  endfacet
  facet normal -0.33707889 -0.50300269 0.79584302
    outer loop
      vertex -0.02632078 -0.04938678 0.05161880
      vertex -0.01424470 -0.04311552 0.06069728
      vertex -0.02068011 -0.03880294 0.06069728
    endloop
  endfacet
  facet normal -0.21028781 -0.55293028 0.80625501
    outer loop
      vertex -0.01813007 -0.05487564 0.05161880
      vertex -0.00924263 -0.05825567 0.05161880
      vertex -0.00726189 -0.04577119 0.06069728
    endloop
  endfacet
  facet normal -0.21028781 -0.55293028 0.80625501
    outer loop
      vertex -0.01813007 -0.05487564 0.05161880
      vertex -0.00726189 -0.04577119 0.06069728
      vertex -0.01424470 -0.04311552 0.06069728
    endloop
  endfacet
  facet normal -0.07151702 -0.57917072 0.81206317
    outer loop
      vertex -0.00924263 -0.05825567 0.05161880
      vertex -0.00000000 -0.05939697 0.05161880
      vertex -0.00000000 -0.04666790 0.06069728
    endloop
  endfacet
  facet normal -0.07151702 -0.57917072 0.81206317
    outer loop
      vertex -0.00924263 -0.05825567 0.05161880
      vertex -0.00000000 -0.04666790 0.06069728
      vertex -0.00726189 -0.04577119 0.06069728
    endloop
  endfacet
  facet normal 0.07151702 -0.57917072 0.81206317
    outer loop
      vertex -0.00000000 -0.05939697 0.05161880
      vertex 0.00924263 -0.05825567 0.05161880
      vertex 0.00726189 -0.04577119 0.06069728
    endloop
  endfacet
  facet normal 0.07151702 -0.57917072 0.81206317
    outer loop
      vertex -0.00000000 -0.05939697 0.05161880
      vertex 0.00726189 -0.04577119 0.06069728
      vertex -0.00000000 -0.04666790 0.06069728
    endloop
  endfacet
  facet normal 0.21028781 -0.55293028 0.80625501
    outer loop
      vertex 0.00924263 -0.05825567 0.05161880
      vertex 0.01813007 -0.05487564 0.05161880
      vertex 0.01424470 -0.04311552 0.06069728
    endloop
  endfacet
  facet normal 0.21028781 -0.55293028 0.80625501
    outer loop
      vertex 0.00924263 -0.05825567 0.05161880
      vertex 0.01424470 -0.04311552 0.06069728
      vertex 0.00726189 -0.04577119 0.06069728
    endloop
  endfacet
  facet normal 0.33707889 -0.50300269 0.79584302
    outer loop
      vertex 0.01813007 -0.05487564 0.05161880
      vertex 0.02632078 -0.04938678 0.05161880
      vertex 0.02068011 -0.03880294 0.06069728
    endloop
  endfacet
  facet normal 0.33707889 -0.50300269 0.79584302
    outer loop
      vertex 0.01813007 -0.05487564 0.05161880
      vertex 0.02068011 -0.03880294 0.06069728
      vertex 0.01424470 -0.04311552 0.06069728
    endloop
  endfacet
  facet normal 0.44621321 -0.43367534 0.78282787
    outer loop
      vertex 0.02632078 -0.04938678 0.05161880
      vertex 0.03350000 -0.04200000 0.05161880
      vertex 0.02632078 -0.03299919 0.06069728
    endloop
  endfacet
  facet normal 0.44621321 -0.43367534 0.78282787
    outer loop
      vertex 0.02632078 -0.04938678 0.05161880
      vertex 0.02632078 -0.03299919 0.06069728
      vertex 0.02068011 -0.03880294 0.06069728
    endloop
  endfacet
  facet normal 0.53441087 -0.34981950 0.76943573
    outer loop
      vertex 0.03350000 -0.04200000 0.05161880
      vertex 0.03939183 -0.03299919 0.05161880
      vertex 0.03094996 -0.02592730 0.06069728
    endloop
  endfacet
  facet normal 0.53441087 -0.34981950 0.76943573
    outer loop
      vertex 0.03350000 -0.04200000 0.05161880
      vertex 0.03094996 -0.02592730 0.06069728
      vertex 0.02632078 -0.03299919 0.06069728
    endloop
  endfacet
  facet normal 0.60036976 -0.25595940 0.75765489
    outer loop
      vertex 0.03939183 -0.03299919 0.05161880
      vertex 0.04376986 -0.02273024 0.05161880
      vertex 0.03438976 -0.01785903 0.06069728
    endloop
  endfacet
  facet normal 0.60036976 -0.25595940 0.75765489
    outer loop
      vertex 0.03939183 -0.03299919 0.05161880
      vertex 0.03438976 -0.01785903 0.06069728
      vertex 0.03094996 -0.02592730 0.06069728
    endloop
  endfacet
  facet normal 0.64399331 -0.15581746 0.74899502
    outer loop
      vertex 0.04376986 -0.02273024 0.05161880
      vertex 0.04646583 -0.01158777 0.05161880
      vertex 0.03650797 -0.00910446 0.06069728
    endloop
  endfacet
  facet normal 0.64399331 -0.15581746 0.74899502
    outer loop
      vertex 0.04376986 -0.02273024 0.05161880
      vertex 0.03650797 -0.00910446 0.06069728
      vertex 0.03438976 -0.01785903 0.06069728
    endloop
  endfacet
  facet normal 0.66564917 -0.05229248 0.74443044
    outer loop
      vertex 0.04646583 -0.01158777 0.05161880
      vertex 0.04737615 0.00000000 0.05161880
      vertex 0.03722321 0.00000000 0.06069728
    endloop
  endfacet
  facet normal 0.66564917 -0.05229248 0.74443044
    outer loop
      vertex 0.04646583 -0.01158777 0.05161880
      vertex 0.03722321 0.00000000 0.06069728
      vertex 0.03650797 -0.00910446 0.06069728
    endloop
  endfacet
  facet normal 0.50286199 0.03950414 0.86346352
    outer loop
      vertex 0.03722321 0.00000000 0.06069728
      vertex 0.03650797 0.00910446 0.06069728
      vertex 0.02514713 0.00627126 0.06744321
    endloop
  endfacet
  facet normal 0.50286199 0.03950414 0.86346352
    outer loop
      vertex 0.03722321 0.00000000 0.06069728
      vertex 0.02514713 0.00627126 0.06744321
      vertex 0.02563979 0.00000000 0.06744321
    endloop
  endfacet
  facet normal 0.48522267 0.11740210 0.86647315
    outer loop
      vertex 0.03650797 0.00910446 0.06069728
      vertex 0.03438976 0.01785903 0.06069728
      vertex 0.02368808 0.01230152 0.06744321
    endloop
  endfacet
  facet normal 0.48522267 0.11740210 0.86647315
    outer loop
      vertex 0.03650797 0.00910446 0.06069728
      vertex 0.02368808 0.01230152 0.06744321
      vertex 0.02514713 0.00627126 0.06744321
    endloop
  endfacet
  facet normal 0.45009707 0.19189270 0.87211801
    outer loop
      vertex 0.03438976 0.01785903 0.06069728
      vertex 0.03094996 0.02592730 0.06069728
      vertex 0.02131871 0.01785903 0.06744321
    endloop
  endfacet
  facet normal 0.45009707 0.19189270 0.87211801
    outer loop
      vertex 0.03438976 0.01785903 0.06069728
      vertex 0.02131871 0.01785903 0.06744321
      vertex 0.02368808 0.01230152 0.06744321
    endloop
  endfacet
  facet normal 0.39792617 0.26047811 0.87966239
    outer loop
      vertex 0.03094996 0.02592730 0.06069728
      vertex 0.02632078 0.03299919 0.06069728
      vertex 0.01813007 0.02273024 0.06744321
    endloop
  endfacet
  facet normal 0.39792617 0.26047811 0.87966239
    outer loop
      vertex 0.03094996 0.02592730 0.06069728
      vertex 0.01813007 0.02273024 0.06744321
      vertex 0.02131871 0.01785903 0.06744321
    endloop
  endfacet
  facet normal 0.32968460 0.32042100 0.88805318
    outer loop
      vertex 0.02632078 0.03299919 0.06069728
      vertex 0.02068011 0.03880294 0.06069728
      vertex 0.01424470 0.02672793 0.06744321
    endloop
  endfacet
  facet normal 0.32968460 0.32042100 0.88805318
    outer loop
      vertex 0.02632078 0.03299919 0.06069728
      vertex 0.01424470 0.02672793 0.06744321
      vertex 0.01813007 0.02273024 0.06744321
    endloop
  endfacet
  facet normal 0.24717618 0.36884625 0.89602253
    outer loop
      vertex 0.02068011 0.03880294 0.06069728
      vertex 0.01424470 0.04311552 0.06069728
      vertex 0.00981192 0.02969848 0.06744321
    endloop
  endfacet
  facet normal 0.24717618 0.36884625 0.89602253
    outer loop
      vertex 0.02068011 0.03880294 0.06069728
      vertex 0.00981192 0.02969848 0.06744321
      vertex 0.01424470 0.02672793 0.06744321
    endloop
  endfacet
  facet normal 0.15327146 0.40301162 0.90226908
    outer loop
      vertex 0.01424470 0.04311552 0.06069728
      vertex 0.00726189 0.04577119 0.06069728
      vertex 0.00500207 0.03152774 0.06744321
    endloop
  endfacet
  facet normal 0.15327146 0.40301162 0.90226908
    outer loop
      vertex 0.01424470 0.04311552 0.06069728
      vertex 0.00500207 0.03152774 0.06744321
      vertex 0.00981192 0.02969848 0.06744321
    endloop
  endfacet
  facet normal 0.05195050 0.42071396 0.90570465
    outer loop
      vertex 0.00726189 0.04577119 0.06069728
      vertex 0.00000000 0.04666790 0.06069728
      vertex 0.00000000 0.03214541 0.06744321
    endloop
  endfacet
  facet normal 0.05195050 0.42071396 0.90570465
    outer loop
      vertex 0.00726189 0.04577119 0.06069728
      vertex 0.00000000 0.03214541 0.06744321
      vertex 0.00500207 0.03152774 0.06744321
    endloop
  endfacet
  facet normal -0.05195050 0.42071396 0.90570465
    outer loop
      vertex 0.00000000 0.04666790 0.06069728
      vertex -0.00726189 0.04577119 0.06069728
      vertex -0.00500207 0.03152774 0.06744321
    endloop
  endfacet
  facet normal -0.05195050 0.42071396 0.90570465
    outer loop
      vertex 0.00000000 0.04666790 0.06069728
      vertex -0.00500207 0.03152774 0.06744321
      vertex 0.00000000 0.03214541 0.06744321
    endloop
  endfacet
  facet normal -0.15327146 0.40301162 0.90226908
    outer loop
      vertex -0.00726189 0.04577119 0.06069728
      vertex -0.01424470 0.04311552 0.06069728
      vertex -0.00981192 0.02969848 0.06744321
    endloop
  endfacet
  facet normal -0.15327146 0.40301162 0.90226908
    outer loop
      vertex -0.00726189 0.04577119 0.06069728
      vertex -0.00981192 0.02969848 0.06744321
      vertex -0.00500207 0.03152774 0.06744321
    endloop
  endfacet
  facet normal -0.24717618 0.36884625 0.89602253
    outer loop
      vertex -0.01424470 0.04311552 0.06069728
      vertex -0.02068011 0.03880294 0.06069728
      vertex -0.01424470 0.02672793 0.06744321
    endloop
  endfacet
  facet normal -0.24717618 0.36884625 0.89602253
    outer loop
      vertex -0.01424470 0.04311552 0.06069728
      vertex -0.01424470 0.02672793 0.06744321
      vertex -0.00981192 0.02969848 0.06744321
    endloop
  endfacet
  facet normal -0.32968460 0.32042100 0.88805318
    outer loop
      vertex -0.02068011 0.03880294 0.06069728
      vertex -0.02632078 0.03299919 0.06069728
      vertex -0.01813007 0.02273024 0.06744321
    endloop
  endfacet
  facet normal -0.32968460 0.32042100 0.88805318
    outer loop
      vertex -0.02068011 0.03880294 0.06069728
      vertex -0.01813007 0.02273024 0.06744321
      vertex -0.01424470 0.02672793 0.06744321
    endloop
  endfacet
  facet normal -0.39792617 0.26047811 0.87966239
    outer loop
      vertex -0.02632078 0.03299919 0.06069728
      vertex -0.03094996 0.02592730 0.06069728
      vertex -0.02131871 0.01785903 0.06744321
    endloop
  endfacet
  facet normal -0.39792617 0.26047811 0.87966239
    outer loop
      vertex -0.02632078 0.03299919 0.06069728
      vertex -0.02131871 0.01785903 0.06744321
      vertex -0.01813007 0.02273024 0.06744321
    endloop
  endfacet
  facet normal -0.45009707 0.19189270 0.87211801
    outer loop
      vertex -0.03094996 0.02592730 0.06069728
      vertex -0.03438976 0.01785903 0.06069728
      vertex -0.02368808 0.01230152 0.06744321
    endloop
  endfacet
  facet normal -0.45009707 0.19189270 0.87211801
    outer loop
      vertex -0.03094996 0.02592730 0.06069728
      vertex -0.02368808 0.01230152 0.06744321
      vertex -0.02131871 0.01785903 0.06744321
    endloop
  endfacet
  facet normal -0.48522267 0.11740210 0.86647315
    outer loop
      vertex -0.03438976 0.01785903 0.06069728
      vertex -0.03650797 0.00910446 0.06069728
      vertex -0.02514713 0.00627126 0.06744321
    endloop
  endfacet
  facet normal -0.48522267 0.11740210 0.86647315
    outer loop
      vertex -0.03438976 0.01785903 0.06069728
      vertex -0.02514713 0.00627126 0.06744321
      vertex -0.02368808 0.01230152 0.06744321
    endloop
  endfacet
  facet normal -0.50286199 0.03950414 0.86346352
    outer loop
      vertex -0.03650797 0.00910446 0.06069728
      vertex -0.03722321 0.00000000 0.06069728
      vertex -0.02563979 0.00000000 0.06744321
    endloop
  endfacet
  facet normal -0.50286199 0.03950414 0.86346352
    outer loop
      vertex -0.03650797 0.00910446 0.06069728
      vertex -0.02563979 0.00000000 0.06744321
      vertex -0.02514713 0.00627126 0.06744321
    endloop
  endfacet
  facet normal -0.50286199 -0.03950414 0.86346352
    outer loop
      vertex -0.03722321 0.00000000 0.06069728
      vertex -0.03650797 -0.00910446 0.06069728
      vertex -0.02514713 -0.00627126 0.06744321
    endloop
  endfacet
  facet normal -0.50286199 -0.03950414 0.86346352
    outer loop
      vertex -0.03722321 0.00000000 0.06069728
      vertex -0.02514713 -0.00627126 0.06744321
      vertex -0.02563979 0.00000000 0.06744321
    endloop
  endfacet
  facet normal -0.48522267 -0.11740210 0.86647315
    outer loop
      vertex -0.03650797 -0.00910446 0.06069728
      vertex -0.03438976 -0.01785903 0.06069728
      vertex -0.02368808 -0.01230152 0.06744321
    endloop
  endfacet
  facet normal -0.48522267 -0.11740210 0.86647315
    outer loop
      vertex -0.03650797 -0.00910446 0.06069728
      vertex -0.02368808 -0.01230152 0.06744321
      vertex -0.02514713 -0.00627126 0.06744321
    endloop
  endfacet
  facet normal -0.45009707 -0.19189270 0.87211801
    outer loop
      vertex -0.03438976 -0.01785903 0.06069728
      vertex -0.03094996 -0.02592730 0.06069728
      vertex -0.02131871 -0.01785903 0.06744321
    endloop
  endfacet
  facet normal -0.45009707 -0.19189270 0.87211801
    outer loop
      vertex -0.03438976 -0.01785903 0.06069728
      vertex -0.02131871 -0.01785903 0.06744321
      vertex -0.02368808 -0.01230152 0.06744321
    endloop
  endfacet
  facet normal -0.39792617 -0.26047811 0.87966239
    outer loop
      vertex -0.03094996 -0.02592730 0.06069728
      vertex -0.02632078 -0.03299919 0.06069728
      vertex -0.01813007 -0.02273024 0.06744321
    endloop
  endfacet
  facet normal -0.39792617 -0.26047811 0.87966239
    outer loop
      vertex -0.03094996 -0.02592730 0.06069728
      vertex -0.01813007 -0.02273024 0.06744321
      vertex -0.02131871 -0.01785903 0.06744321
    endloop
  endfacet
  facet normal -0.32968460 -0.32042100 0.88805318
    outer loop
      vertex -0.02632078 -0.03299919 0.06069728
      vertex -0.02068011 -0.03880294 0.06069728
      vertex -0.01424470 -0.02672793 0.06744321
    endloop
  endfacet
  facet normal -0.32968460 -0.32042100 0.88805318
    outer loop
      vertex -0.02632078 -0.03299919 0.06069728
      vertex -0.01424470 -0.02672793 0.06744321
      vertex -0.01813007 -0.02273024 0.06744321
    endloop
  endfacet
  facet normal -0.24717618 -0.36884625 0.89602253
    outer loop
      vertex -0.02068011 -0.03880294 0.06069728
      vertex -0.01424470 -0.04311552 0.06069728
      vertex -0.00981192 -0.02969848 0.06744321
    endloop
  endfacet
  facet normal -0.24717618 -0.36884625 0.89602253
    outer loop
      vertex -0.02068011 -0.03880294 0.06069728
      vertex -0.00981192 -0.02969848 0.06744321
      vertex -0.01424470 -0.02672793 0.06744321
    endloop
  endfacet
  facet normal -0.15327146 -0.40301162 0.90226908
    outer loop
      vertex -0.01424470 -0.04311552 0.06069728
      vertex -0.00726189 -0.04577119 0.06069728
      vertex -0.00500207 -0.03152774 0.06744321
    endloop
  endfacet
  facet normal -0.15327146 -0.40301162 0.90226908
    outer loop
      vertex -0.01424470 -0.04311552 0.06069728
      vertex -0.00500207 -0.03152774 0.06744321
      vertex -0.00981192 -0.02969848 0.06744321
    endloop
  endfacet
  facet normal -0.05195050 -0.42071396 0.90570465
    outer loop
      vertex -0.00726189 -0.04577119 0.06069728
      vertex -0.00000000 -0.04666790 0.06069728
      vertex -0.00000000 -0.03214541 0.06744321
    endloop
  endfacet
  facet normal -0.05195050 -0.42071396 0.90570465
    outer loop
      vertex -0.00726189 -0.04577119 0.06069728
      vertex -0.00000000 -0.03214541 0.06744321
      vertex -0.00500207 -0.03152774 0.06744321
    endloop
  endfacet
  facet normal 0.05195050 -0.42071396 0.90570465
    outer loop
      vertex -0.00000000 -0.04666790 0.06069728
      vertex 0.00726189 -0.04577119 0.06069728
      vertex 0.00500207 -0.03152774 0.06744321
    endloop
  endfacet
  facet normal 0.05195050 -0.42071396 0.90570465
    outer loop
      vertex -0.00000000 -0.04666790 0.06069728
      vertex 0.00500207 -0.03152774 0.06744321
      vertex -0.00000000 -0.03214541 0.06744321
    endloop
  endfacet
  facet normal 0.15327146 -0.40301162 0.90226908
    outer loop
      vertex 0.00726189 -0.04577119 0.06069728
      vertex 0.01424470 -0.04311552 0.06069728
      vertex 0.00981192 -0.02969848 0.06744321
    endloop
  endfacet
  facet normal 0.15327146 -0.40301162 0.90226908
    outer loop
      vertex 0.00726189 -0.04577119 0.06069728
      vertex 0.00981192 -0.02969848 0.06744321
      vertex 0.00500207 -0.03152774 0.06744321
    endloop
  endfacet
  facet normal 0.24717618 -0.36884625 0.89602253
    outer loop
      vertex 0.01424470 -0.04311552 0.06069728
      vertex 0.02068011 -0.03880294 0.06069728
      vertex 0.01424470 -0.02672793 0.06744321
    endloop
  endfacet
  facet normal 0.24717618 -0.36884625 0.89602253
    outer loop
      vertex 0.01424470 -0.04311552 0.06069728
      vertex 0.01424470 -0.02672793 0.06744321
      vertex 0.00981192 -0.02969848 0.06744321
    endloop
  endfacet
  facet normal 0.32968460 -0.32042100 0.88805318
    outer loop
      vertex 0.02068011 -0.03880294 0.06069728
      vertex 0.02632078 -0.03299919 0.06069728
      vertex 0.01813007 -0.02273024 0.06744321
    endloop
  endfacet
  facet normal 0.32968460 -0.32042100 0.88805318
    outer loop
      vertex 0.02068011 -0.03880294 0.06069728
      vertex 0.01813007 -0.02273024 0.06744321
      vertex 0.01424470 -0.02672793 0.06744321
    endloop
  endfacet
  facet normal 0.39792617 -0.26047811 0.87966239
    outer loop
      vertex 0.02632078 -0.03299919 0.06069728
      vertex 0.03094996 -0.02592730 0.06069728
      vertex 0.02131871 -0.01785903 0.06744321
    endloop
  endfacet
  facet normal 0.39792617 -0.26047811 0.87966239
    outer loop
      vertex 0.02632078 -0.03299919 0.06069728
      vertex 0.02131871 -0.01785903 0.06744321
      vertex 0.01813007 -0.02273024 0.06744321
    endloop
  endfacet
  facet normal 0.45009707 -0.19189270 0.87211801
    outer loop
      vertex 0.03094996 -0.02592730 0.06069728
      vertex 0.03438976 -0.01785903 0.06069728
      vertex 0.02368808 -0.01230152 0.06744321
    endloop
  endfacet
  facet normal 0.45009707 -0.19189270 0.87211801
    outer loop
      vertex 0.03094996 -0.02592730 0.06069728
      vertex 0.02368808 -0.01230152 0.06744321
      vertex 0.02131871 -0.01785903 0.06744321
    endloop
  endfacet
  facet normal 0.48522267 -0.11740210 0.86647315
    outer loop
      vertex 0.03438976 -0.01785903 0.06069728
      vertex 0.03650797 -0.00910446 0.06069728
      vertex 0.02514713 -0.00627126 0.06744321
    endloop
  endfacet
  facet normal 0.48522267 -0.11740210 0.86647315
    outer loop
      vertex 0.03438976 -0.01785903 0.06069728
      vertex 0.02514713 -0.00627126 0.06744321
      vertex 0.02368808 -0.01230152 0.06744321
    endloop
  endfacet
  facet normal 0.50286199 -0.03950414 0.86346352
    outer loop
      vertex 0.03650797 -0.00910446 0.06069728
      vertex 0.03722321 0.00000000 0.06069728
      vertex 0.02563979 0.00000000 0.06744321
    endloop
  endfacet
  facet normal 0.50286199 -0.03950414 0.86346352
    outer loop
      vertex 0.03650797 -0.00910446 0.06069728
      vertex 0.02563979 0.00000000 0.06744321
      vertex 0.02514713 -0.00627126 0.06744321
    endloop
  endfacet
  facet normal 0.31372055 0.02464545 0.94919546
    outer loop
      vertex 0.02563979 0.00000000 0.06744321
      vertex 0.02514713 0.00627126 0.06744321
      vertex 0.01281989 0.00319706 0.07159733
    endloop
  endfacet
  facet normal 0.31372055 0.02464545 0.94919546
    outer loop
      vertex 0.02563979 0.00000000 0.06744321
      vertex 0.01281989 0.00319706 0.07159733
      vertex 0.01307105 0.00000000 0.07159733
    endloop
  endfacet
  facet normal 0.30207238 0.07308795 0.95047905
    outer loop
      vertex 0.02514713 0.00627126 0.06744321
      vertex 0.02368808 0.01230152 0.06744321
      vertex 0.01207608 0.00627126 0.07159733
    endloop
  endfacet
  facet normal 0.30207238 0.07308795 0.95047905
    outer loop
      vertex 0.02514713 0.00627126 0.06744321
      vertex 0.01207608 0.00627126 0.07159733
      vertex 0.01281989 0.00319706 0.07159733
    endloop
  endfacet
  facet normal 0.27909021 0.11898628 0.95286459
    outer loop
      vertex 0.02368808 0.01230152 0.06744321
      vertex 0.02131871 0.01785903 0.06744321
      vertex 0.01086818 0.00910446 0.07159733
    endloop
  endfacet
  facet normal 0.27909021 0.11898628 0.95286459
    outer loop
      vertex 0.02368808 0.01230152 0.06744321
      vertex 0.01086818 0.00910446 0.07159733
      vertex 0.01207608 0.00627126 0.07159733
    endloop
  endfacet
  facet normal 0.24543178 0.16065696 0.95600867
    outer loop
      vertex 0.02131871 0.01785903 0.06744321
      vertex 0.01813007 0.02273024 0.06744321
      vertex 0.00924263 0.01158777 0.07159733
    endloop
  endfacet
  facet normal 0.24543178 0.16065696 0.95600867
    outer loop
      vertex 0.02131871 0.01785903 0.06744321
      vertex 0.00924263 0.01158777 0.07159733
      vertex 0.01086818 0.00910446 0.07159733
    endloop
  endfacet
  facet normal 0.20214511 0.19646516 0.95944713
    outer loop
      vertex 0.01813007 0.02273024 0.06744321
      vertex 0.01424470 0.02672793 0.06744321
      vertex 0.00726189 0.01362578 0.07159733
    endloop
  endfacet
  facet normal 0.20214511 0.19646516 0.95944713
    outer loop
      vertex 0.01813007 0.02273024 0.06744321
      vertex 0.00726189 0.01362578 0.07159733
      vertex 0.00924263 0.01158777 0.07159733
    endloop
  endfacet
  facet normal 0.15070990 0.22489538 0.96265705
    outer loop
      vertex 0.01424470 0.02672793 0.06744321
      vertex 0.00981192 0.02969848 0.06744321
      vertex 0.00500207 0.01514016 0.07159733
    endloop
  endfacet
  facet normal 0.15070990 0.22489538 0.96265705
    outer loop
      vertex 0.01424470 0.02672793 0.06744321
      vertex 0.00500207 0.01514016 0.07159733
      vertex 0.00726189 0.01362578 0.07159733
    endloop
  endfacet
  facet normal 0.09304566 0.24465402 0.96513570
    outer loop
      vertex 0.00981192 0.02969848 0.06744321
      vertex 0.00500207 0.03152774 0.06744321
      vertex 0.00255004 0.01607270 0.07159733
    endloop
  endfacet
  facet normal 0.09304566 0.24465402 0.96513570
    outer loop
      vertex 0.00981192 0.02969848 0.06744321
      vertex 0.00255004 0.01607270 0.07159733
      vertex 0.00500207 0.01514016 0.07159733
    endloop
  endfacet
  facet normal 0.03146160 0.25478744 0.96648514
    outer loop
      vertex 0.00500207 0.03152774 0.06744321
      vertex 0.00000000 0.03214541 0.06744321
      vertex 0.00000000 0.01638759 0.07159733
    endloop
  endfacet
  facet normal 0.03146160 0.25478744 0.96648514
    outer loop
      vertex 0.00500207 0.03152774 0.06744321
      vertex 0.00000000 0.01638759 0.07159733
      vertex 0.00255004 0.01607270 0.07159733
    endloop
  endfacet
  facet normal -0.03146160 0.25478744 0.96648514
    outer loop
      vertex 0.00000000 0.03214541 0.06744321
      vertex -0.00500207 0.03152774 0.06744321
      vertex -0.00255004 0.01607270 0.07159733
    endloop
  endfacet
  facet normal -0.03146160 0.25478744 0.96648514
    outer loop
      vertex 0.00000000 0.03214541 0.06744321
      vertex -0.00255004 0.01607270 0.07159733
      vertex 0.00000000 0.01638759 0.07159733
    endloop
  endfacet
  facet normal -0.09304566 0.24465402 0.96513570
    outer loop
      vertex -0.00500207 0.03152774 0.06744321
      vertex -0.00981192 0.02969848 0.06744321
      vertex -0.00500207 0.01514016 0.07159733
    endloop
  endfacet
  facet normal -0.09304566 0.24465402 0.96513570
    outer loop
      vertex -0.00500207 0.03152774 0.06744321
      vertex -0.00500207 0.01514016 0.07159733
      vertex -0.00255004 0.01607270 0.07159733
    endloop
  endfacet
  facet normal -0.15070990 0.22489538 0.96265705
    outer loop
      vertex -0.00981192 0.02969848 0.06744321
      vertex -0.01424470 0.02672793 0.06744321
      vertex -0.00726189 0.01362578 0.07159733
    endloop
  endfacet
  facet normal -0.15070990 0.22489538 0.96265705
    outer loop
      vertex -0.00981192 0.02969848 0.06744321
      vertex -0.00726189 0.01362578 0.07159733
      vertex -0.00500207 0.01514016 0.07159733
    endloop
  endfacet
  facet normal -0.20214511 0.19646516 0.95944713
    outer loop
      vertex -0.01424470 0.02672793 0.06744321
      vertex -0.01813007 0.02273024 0.06744321
      vertex -0.00924263 0.01158777 0.07159733
    endloop
  endfacet
  facet normal -0.20214511 0.19646516 0.95944713
    outer loop
      vertex -0.01424470 0.02672793 0.06744321
      vertex -0.00924263 0.01158777 0.07159733
      vertex -0.00726189 0.01362578 0.07159733
    endloop
  endfacet
  facet normal -0.24543178 0.16065696 0.95600867
    outer loop
      vertex -0.01813007 0.02273024 0.06744321
      vertex -0.02131871 0.01785903 0.06744321
      vertex -0.01086818 0.00910446 0.07159733
    endloop
  endfacet
  facet normal -0.24543178 0.16065696 0.95600867
    outer loop
      vertex -0.01813007 0.02273024 0.06744321
      vertex -0.01086818 0.00910446 0.07159733
      vertex -0.00924263 0.01158777 0.07159733
    endloop
  endfacet
  facet normal -0.27909021 0.11898628 0.95286459
    outer loop
      vertex -0.02131871 0.01785903 0.06744321
      vertex -0.02368808 0.01230152 0.06744321
      vertex -0.01207608 0.00627126 0.07159733
    endloop
  endfacet
  facet normal -0.27909021 0.11898628 0.95286459
    outer loop
      vertex -0.02131871 0.01785903 0.06744321
      vertex -0.01207608 0.00627126 0.07159733
      vertex -0.01086818 0.00910446 0.07159733
    endloop
  endfacet
  facet normal -0.30207238 0.07308795 0.95047905
    outer loop
      vertex -0.02368808 0.01230152 0.06744321
      vertex -0.02514713 0.00627126 0.06744321
      vertex -0.01281989 0.00319706 0.07159733
    endloop
  endfacet
  facet normal -0.30207238 0.07308795 0.95047905
    outer loop
      vertex -0.02368808 0.01230152 0.06744321
      vertex -0.01281989 0.00319706 0.07159733
      vertex -0.01207608 0.00627126 0.07159733
    endloop
  endfacet
  facet normal -0.31372055 0.02464545 0.94919546
    outer loop
      vertex -0.02514713 0.00627126 0.06744321
      vertex -0.02563979 0.00000000 0.06744321
      vertex -0.01307105 0.00000000 0.07159733
    endloop
  endfacet
  facet normal -0.31372055 0.02464545 0.94919546
    outer loop
      vertex -0.02514713 0.00627126 0.06744321
      vertex -0.01307105 0.00000000 0.07159733
      vertex -0.01281989 0.00319706 0.07159733
    endloop
  endfacet
  facet normal -0.31372055 -0.02464545 0.94919546
    outer loop
      vertex -0.02563979 0.00000000 0.06744321
      vertex -0.02514713 -0.00627126 0.06744321
      vertex -0.01281989 -0.00319706 0.07159733
    endloop
  endfacet
  facet normal -0.31372055 -0.02464545 0.94919546
    outer loop
      vertex -0.02563979 0.00000000 0.06744321
      vertex -0.01281989 -0.00319706 0.07159733
      vertex -0.01307105 0.00000000 0.07159733
    endloop
  endfacet
  facet normal -0.30207238 -0.07308795 0.95047905
    outer loop
      vertex -0.02514713 -0.00627126 0.06744321
      vertex -0.02368808 -0.01230152 0.06744321
      vertex -0.01207608 -0.00627126 0.07159733
    endloop
  endfacet
  facet normal -0.30207238 -0.07308795 0.95047905
    outer loop
      vertex -0.02514713 -0.00627126 0.06744321
      vertex -0.01207608 -0.00627126 0.07159733
      vertex -0.01281989 -0.00319706 0.07159733
    endloop
  endfacet
  facet normal -0.27909021 -0.11898628 0.95286459
    outer loop
      vertex -0.02368808 -0.01230152 0.06744321
      vertex -0.02131871 -0.01785903 0.06744321
      vertex -0.01086818 -0.00910446 0.07159733
    endloop
  endfacet
  facet normal -0.27909021 -0.11898628 0.95286459
    outer loop
      vertex -0.02368808 -0.01230152 0.06744321
      vertex -0.01086818 -0.00910446 0.07159733
      vertex -0.01207608 -0.00627126 0.07159733
    endloop
  endfacet
  facet normal -0.24543178 -0.16065696 0.95600867
    outer loop
      vertex -0.02131871 -0.01785903 0.06744321
      vertex -0.01813007 -0.02273024 0.06744321
      vertex -0.00924263 -0.01158777 0.07159733
    endloop
  endfacet
  facet normal -0.24543178 -0.16065696 0.95600867
    outer loop
      vertex -0.02131871 -0.01785903 0.06744321
      vertex -0.00924263 -0.01158777 0.07159733
      vertex -0.01086818 -0.00910446 0.07159733
    endloop
  endfacet
  facet normal -0.20214511 -0.19646516 0.95944713
    outer loop
      vertex -0.01813007 -0.02273024 0.06744321
      vertex -0.01424470 -0.02672793 0.06744321
      vertex -0.00726189 -0.01362578 0.07159733
    endloop
  endfacet
  facet normal -0.20214511 -0.19646516 0.95944713
    outer loop
      vertex -0.01813007 -0.02273024 0.06744321
      vertex -0.00726189 -0.01362578 0.07159733
      vertex -0.00924263 -0.01158777 0.07159733
    endloop
  endfacet
  facet normal -0.15070990 -0.22489538 0.96265705
    outer loop
      vertex -0.01424470 -0.02672793 0.06744321
      vertex -0.00981192 -0.02969848 0.06744321
      vertex -0.00500207 -0.01514016 0.07159733
    endloop
  endfacet
  facet normal -0.15070990 -0.22489538 0.96265705
    outer loop
      vertex -0.01424470 -0.02672793 0.06744321
      vertex -0.00500207 -0.01514016 0.07159733
      vertex -0.00726189 -0.01362578 0.07159733
    endloop
  endfacet
  facet normal -0.09304566 -0.24465402 0.96513570
    outer loop
      vertex -0.00981192 -0.02969848 0.06744321
      vertex -0.00500207 -0.03152774 0.06744321
      vertex -0.00255004 -0.01607270 0.07159733
    endloop
  endfacet
  facet normal -0.09304566 -0.24465402 0.96513570
    outer loop
      vertex -0.00981192 -0.02969848 0.06744321
      vertex -0.00255004 -0.01607270 0.07159733
      vertex -0.00500207 -0.01514016 0.07159733
    endloop
  endfacet
  facet normal -0.03146160 -0.25478744 0.96648514
    outer loop
      vertex -0.00500207 -0.03152774 0.06744321
      vertex -0.00000000 -0.03214541 0.06744321
      vertex -0.00000000 -0.01638759 0.07159733
    endloop
  endfacet
  facet normal -0.03146160 -0.25478744 0.96648514
    outer loop
      vertex -0.00500207 -0.03152774 0.06744321
      vertex -0.00000000 -0.01638759 0.07159733
      vertex -0.00255004 -0.01607270 0.07159733
    endloop
  endfacet
  facet normal 0.03146160 -0.25478744 0.96648514
    outer loop
      vertex -0.00000000 -0.03214541 0.06744321
      vertex 0.00500207 -0.03152774 0.06744321
      vertex 0.00255004 -0.01607270 0.07159733
    endloop
  endfacet
  facet normal 0.03146160 -0.25478744 0.96648514
    outer loop
      vertex -0.00000000 -0.03214541 0.06744321
      vertex 0.00255004 -0.01607270 0.07159733
      vertex -0.00000000 -0.01638759 0.07159733
    endloop
  endfacet
  facet normal 0.09304566 -0.24465402 0.96513570
    outer loop
      vertex 0.00500207 -0.03152774 0.06744321
      vertex 0.00981192 -0.02969848 0.06744321
      vertex 0.00500207 -0.01514016 0.07159733
    endloop
  endfacet
  facet normal 0.09304566 -0.24465402 0.96513570
    outer loop
      vertex 0.00500207 -0.03152774 0.06744321
      vertex 0.00500207 -0.01514016 0.07159733
      vertex 0.00255004 -0.01607270 0.07159733
    endloop
  endfacet
  facet normal 0.15070990 -0.22489538 0.96265705
    outer loop
      vertex 0.00981192 -0.02969848 0.06744321
      vertex 0.01424470 -0.02672793 0.06744321
      vertex 0.00726189 -0.01362578 0.07159733
    endloop
  endfacet
  facet normal 0.15070990 -0.22489538 0.96265705
    outer loop
      vertex 0.00981192 -0.02969848 0.06744321
      vertex 0.00726189 -0.01362578 0.07159733
      vertex 0.00500207 -0.01514016 0.07159733
    endloop
  endfacet
  facet normal 0.20214511 -0.19646516 0.95944713
    outer loop
      vertex 0.01424470 -0.02672793 0.06744321
      vertex 0.01813007 -0.02273024 0.06744321
      vertex 0.00924263 -0.01158777 0.07159733
    endloop
  endfacet
  facet normal 0.20214511 -0.19646516 0.95944713
    outer loop
      vertex 0.01424470 -0.02672793 0.06744321
      vertex 0.00924263 -0.01158777 0.07159733
      vertex 0.00726189 -0.01362578 0.07159733
    endloop
  endfacet
  facet normal 0.24543178 -0.16065696 0.95600867
    outer loop
      vertex 0.01813007 -0.02273024 0.06744321
      vertex 0.02131871 -0.01785903 0.06744321
      vertex 0.01086818 -0.00910446 0.07159733
    endloop
  endfacet
  facet normal 0.24543178 -0.16065696 0.95600867
    outer loop
      vertex 0.01813007 -0.02273024 0.06744321
      vertex 0.01086818 -0.00910446 0.07159733
      vertex 0.00924263 -0.01158777 0.07159733
    endloop
  endfacet
  facet normal 0.27909021 -0.11898628 0.95286459
    outer loop
      vertex 0.02131871 -0.01785903 0.06744321
      vertex 0.02368808 -0.01230152 0.06744321
      vertex 0.01207608 -0.00627126 0.07159733
    endloop
  endfacet
  facet normal 0.27909021 -0.11898628 0.95286459
    outer loop
      vertex 0.02131871 -0.01785903 0.06744321
      vertex 0.01207608 -0.00627126 0.07159733
      vertex 0.01086818 -0.00910446 0.07159733
    endloop
  endfacet
  facet normal 0.30207238 -0.07308795 0.95047905
    outer loop
      vertex 0.02368808 -0.01230152 0.06744321
      vertex 0.02514713 -0.00627126 0.06744321
      vertex 0.01281989 -0.00319706 0.07159733
    endloop
  endfacet
  facet normal 0.30207238 -0.07308795 0.95047905
    outer loop
      vertex 0.02368808 -0.01230152 0.06744321
      vertex 0.01281989 -0.00319706 0.07159733
      vertex 0.01207608 -0.00627126 0.07159733
    endloop
  endfacet
  facet normal 0.31372055 -0.02464545 0.94919546
    outer loop
      vertex 0.02514713 -0.00627126 0.06744321
      vertex 0.02563979 0.00000000 0.06744321
      vertex 0.01307105 0.00000000 0.07159733
    endloop
  endfacet
  facet normal 0.31372055 -0.02464545 0.94919546
    outer loop
      vertex 0.02514713 -0.00627126 0.06744321
      vertex 0.01307105 0.00000000 0.07159733
      vertex 0.01281989 -0.00319706 0.07159733
    endloop
  endfacet
  facet normal 0.10669518 0.00838183 0.99425645
    outer loop
      vertex 0.01307105 0.00000000 0.07159733
      vertex 0.01281989 0.00319706 0.07159733
      vertex 0.00000000 0.00000000 0.07300000
    endloop
  endfacet
  facet normal 0.10261096 0.02482724 0.99441168
    outer loop
      vertex 0.01281989 0.00319706 0.07159733
      vertex 0.01207608 0.00627126 0.07159733
      vertex 0.00000000 0.00000000 0.07300000
    endloop
  endfacet
  facet normal 0.09459410 0.04032890 0.99469872
    outer loop
      vertex 0.01207608 0.00627126 0.07159733
      vertex 0.01086818 0.00910446 0.07159733
      vertex 0.00000000 0.00000000 0.07300000
    endloop
  endfacet
  facet normal 0.08294371 0.05429405 0.99507412
    outer loop
      vertex 0.01086818 0.00910446 0.07159733
      vertex 0.00924263 0.01158777 0.07159733
      vertex 0.00000000 0.00000000 0.07300000
    endloop
  endfacet
  facet normal 0.06809798 0.06618453 0.99548093
    outer loop
      vertex 0.00924263 0.01158777 0.07159733
      vertex 0.00726189 0.01362578 0.07159733
      vertex 0.00000000 0.00000000 0.07300000
    endloop
  endfacet
  facet normal 0.05062049 0.07553793 0.99585721
    outer loop
      vertex 0.00726189 0.01362578 0.07159733
      vertex 0.00500207 0.01514016 0.07159733
      vertex 0.00000000 0.00000000 0.07300000
    endloop
  endfacet
  facet normal 0.03118097 0.08198716 0.99614550
    outer loop
      vertex 0.00500207 0.01514016 0.07159733
      vertex 0.00255004 0.01607270 0.07159733
      vertex 0.00000000 0.00000000 0.07300000
    endloop
  endfacet
  facet normal 0.01053017 0.08527716 0.99630162
    outer loop
      vertex 0.00255004 0.01607270 0.07159733
      vertex 0.00000000 0.01638759 0.07159733
      vertex 0.00000000 0.00000000 0.07300000
    endloop
  endfacet
  facet normal -0.01053017 0.08527716 0.99630162
    outer loop
      vertex 0.00000000 0.01638759 0.07159733
      vertex -0.00255004 0.01607270 0.07159733
      vertex 0.00000000 0.00000000 0.07300000
    endloop
  endfacet
  facet normal -0.03118097 0.08198716 0.99614550
    outer loop
      vertex -0.00255004 0.01607270 0.07159733
      vertex -0.00500207 0.01514016 0.07159733
      vertex -0.00000000 0.00000000 0.07300000
    endloop
  endfacet
  facet normal -0.05062049 0.07553793 0.99585721
    outer loop
      vertex -0.00500207 0.01514016 0.07159733
      vertex -0.00726189 0.01362578 0.07159733
      vertex -0.00000000 0.00000000 0.07300000
    endloop
  endfacet
  facet normal -0.06809798 0.06618453 0.99548093
    outer loop
      vertex -0.00726189 0.01362578 0.07159733
      vertex -0.00924263 0.01158777 0.07159733
      vertex -0.00000000 0.00000000 0.07300000
    endloop
  endfacet
  facet normal -0.08294371 0.05429405 0.99507412
    outer loop
      vertex -0.00924263 0.01158777 0.07159733
      vertex -0.01086818 0.00910446 0.07159733
      vertex -0.00000000 0.00000000 0.07300000
    endloop
  endfacet
  facet normal -0.09459410 0.04032890 0.99469872
    outer loop
      vertex -0.01086818 0.00910446 0.07159733
      vertex -0.01207608 0.00627126 0.07159733
      vertex -0.00000000 0.00000000 0.07300000
    endloop
  endfacet
  facet normal -0.10261096 0.02482724 0.99441168
    outer loop
      vertex -0.01207608 0.00627126 0.07159733
      vertex -0.01281989 0.00319706 0.07159733
      vertex -0.00000000 0.00000000 0.07300000
    endloop
  endfacet
  facet normal -0.10669518 0.00838183 0.99425645
    outer loop
      vertex -0.01281989 0.00319706 0.07159733
      vertex -0.01307105 0.00000000 0.07159733
      vertex -0.00000000 0.00000000 0.07300000
    endloop
  endfacet
  facet normal -0.10669518 -0.00838183 0.99425645
    outer loop
      vertex -0.01307105 0.00000000 0.07159733
      vertex -0.01281989 -0.00319706 0.07159733
      vertex -0.00000000 0.00000000 0.07300000
    endloop
  endfacet
  facet normal -0.10261096 -0.02482724 0.99441168
    outer loop
      vertex -0.01281989 -0.00319706 0.07159733
      vertex -0.01207608 -0.00627126 0.07159733
      vertex -0.00000000 -0.00000000 0.07300000
    endloop
  endfacet
  facet normal -0.09459410 -0.04032890 0.99469872
    outer loop
      vertex -0.01207608 -0.00627126 0.07159733
      vertex -0.01086818 -0.00910446 0.07159733
      vertex -0.00000000 -0.00000000 0.07300000
    endloop
  endfacet
  facet normal -0.08294371 -0.05429405 0.99507412
    outer loop
      vertex -0.01086818 -0.00910446 0.07159733
      vertex -0.00924263 -0.01158777 0.07159733
      vertex -0.00000000 -0.00000000 0.07300000
    endloop
  endfacet
  facet normal -0.06809798 -0.06618453 0.99548093
    outer loop
      vertex -0.00924263 -0.01158777 0.07159733
      vertex -0.00726189 -0.01362578 0.07159733
      vertex -0.00000000 -0.00000000 0.07300000
    endloop
  endfacet
  facet normal -0.05062049 -0.07553793 0.99585721
    outer loop
      vertex -0.00726189 -0.01362578 0.07159733
      vertex -0.00500207 -0.01514016 0.07159733
      vertex -0.00000000 -0.00000000 0.07300000
    endloop
  endfacet
  facet normal -0.03118097 -0.08198716 0.99614550
    outer loop
      vertex -0.00500207 -0.01514016 0.07159733
      vertex -0.00255004 -0.01607270 0.07159733
      vertex -0.00000000 -0.00000000 0.07300000
    endloop
  endfacet
  facet normal -0.01053017 -0.08527716 0.99630162
    outer loop
      vertex -0.00255004 -0.01607270 0.07159733
      vertex -0.00000000 -0.01638759 0.07159733
      vertex -0.00000000 -0.00000000 0.07300000
    endloop
  endfacet
  facet normal 0.01053017 -0.08527716 0.99630162
    outer loop
      vertex -0.00000000 -0.01638759 0.07159733
      vertex 0.00255004 -0.01607270 0.07159733
      vertex -0.00000000 -0.00000000 0.07300000
    endloop
  endfacet
  facet normal 0.03118097 -0.08198716 0.99614550
    outer loop
      vertex 0.00255004 -0.01607270 0.07159733
      vertex 0.00500207 -0.01514016 0.07159733
      vertex 0.00000000 -0.00000000 0.07300000
    endloop
  endfacet
  facet normal 0.05062049 -0.07553793 0.99585721
    outer loop
      vertex 0.00500207 -0.01514016 0.07159733
      vertex 0.00726189 -0.01362578 0.07159733
      vertex 0.00000000 -0.00000000 0.07300000
    endloop
  endfacet
  facet normal 0.06809798 -0.06618453 0.99548093
    outer loop
      vertex 0.00726189 -0.01362578 0.07159733
      vertex 0.00924263 -0.01158777 0.07159733
      vertex 0.00000000 -0.00000000 0.07300000
    endloop
  endfacet
  facet normal 0.08294371 -0.05429405 0.99507412
    outer loop
      vertex 0.00924263 -0.01158777 0.07159733
      vertex 0.01086818 -0.00910446 0.07159733
      vertex 0.00000000 -0.00000000 0.07300000
    endloop
  endfacet
  facet normal 0.09459410 -0.04032890 0.99469872
    outer loop
      vertex 0.01086818 -0.00910446 0.07159733
      vertex 0.01207608 -0.00627126 0.07159733
      vertex 0.00000000 -0.00000000 0.07300000
    endloop
  endfacet
  facet normal 0.10261096 -0.02482724 0.99441168
    outer loop
      vertex 0.01207608 -0.00627126 0.07159733
      vertex 0.01281989 -0.00319706 0.07159733
      vertex 0.00000000 -0.00000000 0.07300000
    endloop
  endfacet
  facet normal 0.10669518 -0.00838183 0.99425645
    outer loop
      vertex 0.01281989 -0.00319706 0.07159733
      vertex 0.01307105 0.00000000 0.07159733
      vertex 0.00000000 -0.00000000 0.07300000
    endloop
  endfacet
endsolid head_shell
